{
  "providers": [
    {
      "type": "bitmap",
      "file": "crazy_adventure:font/category/material.png",
      "ascent": 1,
      "height": 131,
      "chars": [
        "\u1023"
      ]
    },
    {
      "type": "bitmap",
      "file": "crazy_adventure:font/high_res/uranium_ingot.png",
      "ascent": 7,
      "height": 16,
      "chars": [
        "\u8021"
      ]
    },
    {
      "type": "bitmap",
      "file": "crazy_adventure:font/high_res/uranium_nugget.png",
      "ascent": 7,
      "height": 16,
      "chars": [
        "\u8023"
      ]
    },
    {
      "type": "bitmap",
      "file": "crazy_adventure:font/high_res/raw_uranium.png",
      "ascent": 7,
      "height": 16,
      "chars": [
        "\u8025"
      ]
    },
    {
      "type": "bitmap",
      "file": "crazy_adventure:font/high_res/uranium_block.png",
      "ascent": 7,
      "height": 16,
      "chars": [
        "\u8027"
      ]
    },
    {
      "type": "bitmap",
      "file": "crazy_adventure:font/high_res/uranium_ore.png",
      "ascent": 7,
      "height": 16,
      "chars": [
        "\u8029"
      ]
    },
    {
      "type": "bitmap",
      "file": "crazy_adventure:font/high_res/deepslate_uranium_ore.png",
      "ascent": 7,
      "height": 16,
      "chars": [
        "\u802b"
      ]
    },
    {
      "type": "bitmap",
      "file": "crazy_adventure:font/high_res/californium_ingot.png",
      "ascent": 7,
      "height": 16,
      "chars": [
        "\u802d"
      ]
    },
    {
      "type": "bitmap",
      "file": "crazy_adventure:font/high_res/californium_nugget.png",
      "ascent": 7,
      "height": 16,
      "chars": [
        "\u802f"
      ]
    },
    {
      "type": "bitmap",
      "file": "crazy_adventure:font/high_res/raw_californium.png",
      "ascent": 7,
      "height": 16,
      "chars": [
        "\u8031"
      ]
    },
    {
      "type": "bitmap",
      "file": "crazy_adventure:font/high_res/californium_block.png",
      "ascent": 7,
      "height": 16,
      "chars": [
        "\u8033"
      ]
    },
    {
      "type": "bitmap",
      "file": "crazy_adventure:font/high_res/californium_ore.png",
      "ascent": 7,
      "height": 16,
      "chars": [
        "\u8035"
      ]
    },
    {
      "type": "bitmap",
      "file": "crazy_adventure:font/category/equipment.png",
      "ascent": 1,
      "height": 131,
      "chars": [
        "\u1024"
      ]
    },
    {
      "type": "bitmap",
      "file": "crazy_adventure:font/high_res/uranium_helmet.png",
      "ascent": 7,
      "height": 16,
      "chars": [
        "\u8037"
      ]
    },
    {
      "type": "bitmap",
      "file": "crazy_adventure:font/high_res/uranium_chestplate.png",
      "ascent": 7,
      "height": 16,
      "chars": [
        "\u8039"
      ]
    },
    {
      "type": "bitmap",
      "file": "crazy_adventure:font/high_res/uranium_leggings.png",
      "ascent": 7,
      "height": 16,
      "chars": [
        "\u803b"
      ]
    },
    {
      "type": "bitmap",
      "file": "crazy_adventure:font/high_res/uranium_boots.png",
      "ascent": 7,
      "height": 16,
      "chars": [
        "\u803d"
      ]
    },
    {
      "type": "bitmap",
      "file": "crazy_adventure:font/high_res/uranium_sword.png",
      "ascent": 7,
      "height": 16,
      "chars": [
        "\u803f"
      ]
    },
    {
      "type": "bitmap",
      "file": "crazy_adventure:font/high_res/uranium_pickaxe.png",
      "ascent": 7,
      "height": 16,
      "chars": [
        "\u8041"
      ]
    },
    {
      "type": "bitmap",
      "file": "crazy_adventure:font/high_res/uranium_axe.png",
      "ascent": 7,
      "height": 16,
      "chars": [
        "\u8043"
      ]
    },
    {
      "type": "bitmap",
      "file": "crazy_adventure:font/high_res/uranium_shovel.png",
      "ascent": 7,
      "height": 16,
      "chars": [
        "\u8045"
      ]
    },
    {
      "type": "bitmap",
      "file": "crazy_adventure:font/high_res/uranium_hoe.png",
      "ascent": 7,
      "height": 16,
      "chars": [
        "\u8047"
      ]
    },
    {
      "type": "bitmap",
      "file": "crazy_adventure:font/high_res/californium_helmet.png",
      "ascent": 7,
      "height": 16,
      "chars": [
        "\u8049"
      ]
    },
    {
      "type": "bitmap",
      "file": "crazy_adventure:font/high_res/californium_chestplate.png",
      "ascent": 7,
      "height": 16,
      "chars": [
        "\u804b"
      ]
    },
    {
      "type": "bitmap",
      "file": "crazy_adventure:font/high_res/californium_leggings.png",
      "ascent": 7,
      "height": 16,
      "chars": [
        "\u804d"
      ]
    },
    {
      "type": "bitmap",
      "file": "crazy_adventure:font/high_res/californium_boots.png",
      "ascent": 7,
      "height": 16,
      "chars": [
        "\u804f"
      ]
    },
    {
      "type": "bitmap",
      "file": "crazy_adventure:font/high_res/californium_sword.png",
      "ascent": 7,
      "height": 16,
      "chars": [
        "\u8051"
      ]
    },
    {
      "type": "bitmap",
      "file": "crazy_adventure:font/high_res/californium_pickaxe.png",
      "ascent": 7,
      "height": 16,
      "chars": [
        "\u8053"
      ]
    },
    {
      "type": "bitmap",
      "file": "crazy_adventure:font/high_res/californium_axe.png",
      "ascent": 7,
      "height": 16,
      "chars": [
        "\u8055"
      ]
    },
    {
      "type": "bitmap",
      "file": "crazy_adventure:font/high_res/californium_shovel.png",
      "ascent": 7,
      "height": 16,
      "chars": [
        "\u8057"
      ]
    },
    {
      "type": "bitmap",
      "file": "crazy_adventure:font/high_res/californium_hoe.png",
      "ascent": 7,
      "height": 16,
      "chars": [
        "\u8059"
      ]
    },
    {
      "type": "bitmap",
      "file": "crazy_adventure:font/high_res/cave_helmet.png",
      "ascent": 7,
      "height": 16,
      "chars": [
        "\u805b"
      ]
    },
    {
      "type": "bitmap",
      "file": "crazy_adventure:font/high_res/anti_radiation_helmet.png",
      "ascent": 7,
      "height": 16,
      "chars": [
        "\u805d"
      ]
    },
    {
      "type": "bitmap",
      "file": "crazy_adventure:font/high_res/anti_radiation_chestplate.png",
      "ascent": 7,
      "height": 16,
      "chars": [
        "\u805f"
      ]
    },
    {
      "type": "bitmap",
      "file": "crazy_adventure:font/high_res/anti_radiation_leggings.png",
      "ascent": 7,
      "height": 16,
      "chars": [
        "\u8061"
      ]
    },
    {
      "type": "bitmap",
      "file": "crazy_adventure:font/high_res/anti_radiation_boots.png",
      "ascent": 7,
      "height": 16,
      "chars": [
        "\u8063"
      ]
    },
    {
      "type": "bitmap",
      "file": "crazy_adventure:font/high_res/anti_radiation_glove.png",
      "ascent": 7,
      "height": 16,
      "chars": [
        "\u8065"
      ]
    },
    {
      "type": "bitmap",
      "file": "crazy_adventure:font/category/miscellaneous.png",
      "ascent": 1,
      "height": 131,
      "chars": [
        "\u1025"
      ]
    },
    {
      "type": "bitmap",
      "file": "crazy_adventure:font/high_res/geiger_counter.png",
      "ascent": 7,
      "height": 16,
      "chars": [
        "\u8067"
      ]
    },
    {
      "type": "bitmap",
      "file": "crazy_adventure:font/high_res/uranium_core.png",
      "ascent": 7,
      "height": 16,
      "chars": [
        "\u8069"
      ]
    },
    {
      "type": "bitmap",
      "file": "crazy_adventure:font/high_res/uranium_waste.png",
      "ascent": 7,
      "height": 16,
      "chars": [
        "\u806b"
      ]
    },
    {
      "type": "bitmap",
      "file": "crazy_adventure:font/high_res/uranium_waste_barrel.png",
      "ascent": 7,
      "height": 16,
      "chars": [
        "\u806d"
      ]
    },
    {
      "type": "bitmap",
      "file": "crazy_adventure:font/high_res/uranium_shard.png",
      "ascent": 7,
      "height": 16,
      "chars": [
        "\u806f"
      ]
    },
    {
      "type": "bitmap",
      "file": "crazy_adventure:font/high_res/uranium_book.png",
      "ascent": 7,
      "height": 16,
      "chars": [
        "\u8071"
      ]
    },
    {
      "type": "bitmap",
      "file": "crazy_adventure:font/high_res/californium_core.png",
      "ascent": 7,
      "height": 16,
      "chars": [
        "\u8073"
      ]
    },
    {
      "type": "bitmap",
      "file": "crazy_adventure:font/high_res/californium_waste.png",
      "ascent": 7,
      "height": 16,
      "chars": [
        "\u8075"
      ]
    },
    {
      "type": "bitmap",
      "file": "crazy_adventure:font/high_res/californium_waste_barrel.png",
      "ascent": 7,
      "height": 16,
      "chars": [
        "\u8077"
      ]
    },
    {
      "type": "bitmap",
      "file": "crazy_adventure:font/high_res/souls_bag.png",
      "ascent": 7,
      "height": 16,
      "chars": [
        "\u8079"
      ]
    },
    {
      "type": "bitmap",
      "file": "crazy_adventure:font/high_res/boss_altar.png",
      "ascent": 7,
      "height": 16,
      "chars": [
        "\u807b"
      ]
    },
    {
      "type": "bitmap",
      "file": "crazy_adventure:font/category/generator.png",
      "ascent": 1,
      "height": 131,
      "chars": [
        "\u1026"
      ]
    },
    {
      "type": "bitmap",
      "file": "crazy_adventure:font/high_res/nuclear_reactor.png",
      "ascent": 7,
      "height": 16,
      "chars": [
        "\u807d"
      ]
    },
    {
      "type": "bitmap",
      "file": "crazy_adventure:font/high_res/better_nuclear_reactor.png",
      "ascent": 7,
      "height": 16,
      "chars": [
        "\u807f"
      ]
    },
    {
      "type": "bitmap",
      "file": "crazy_adventure:font/high_res/amazing_nuclear_reactor.png",
      "ascent": 7,
      "height": 16,
      "chars": [
        "\u8081"
      ]
    },
    {
      "type": "bitmap",
      "file": "crazy_adventure:font/high_res/incredible_nuclear_reactor.png",
      "ascent": 7,
      "height": 16,
      "chars": [
        "\u8083"
      ]
    },
    {
      "type": "bitmap",
      "file": "crazy_adventure:font/category/energy.png",
      "ascent": 1,
      "height": 131,
      "chars": [
        "\u1027"
      ]
    },
    {
      "type": "bitmap",
      "file": "crazy_adventure:font/high_res/uranium_battery.png",
      "ascent": 7,
      "height": 16,
      "chars": [
        "\u8085"
      ]
    },
    {
      "type": "bitmap",
      "file": "crazy_adventure:font/high_res/californium_battery.png",
      "ascent": 7,
      "height": 16,
      "chars": [
        "\u8087"
      ]
    },
    {
      "type": "bitmap",
      "file": "crazy_adventure:font/high_res/ore_extractor_1.png",
      "ascent": 7,
      "height": 16,
      "chars": [
        "\u8089"
      ]
    },
    {
      "type": "bitmap",
      "file": "crazy_adventure:font/high_res/ore_extractor_2.png",
      "ascent": 7,
      "height": 16,
      "chars": [
        "\u808b"
      ]
    },
    {
      "type": "bitmap",
      "file": "crazy_adventure:font/high_res/ore_extractor_3.png",
      "ascent": 7,
      "height": 16,
      "chars": [
        "\u808d"
      ]
    },
    {
      "type": "bitmap",
      "file": "crazy_adventure:font/high_res/ore_extractor_4.png",
      "ascent": 7,
      "height": 16,
      "chars": [
        "\u808f"
      ]
    },
    {
      "type": "bitmap",
      "file": "crazy_adventure:font/high_res/uranium_upgrader.png",
      "ascent": 7,
      "height": 16,
      "chars": [
        "\u8091"
      ]
    },
    {
      "type": "bitmap",
      "file": "crazy_adventure:font/high_res/oxidizer.png",
      "ascent": 7,
      "height": 16,
      "chars": [
        "\u8093"
      ]
    },
    {
      "type": "bitmap",
      "file": "crazy_adventure:font/high_res/storm_stick_charger.png",
      "ascent": 7,
      "height": 16,
      "chars": [
        "\u8095"
      ]
    },
    {
      "type": "bitmap",
      "file": "crazy_adventure:font/high_res/fireball_stick_charger.png",
      "ascent": 7,
      "height": 16,
      "chars": [
        "\u8097"
      ]
    },
    {
      "type": "bitmap",
      "file": "crazy_adventure:font/high_res/shield_stick_charger.png",
      "ascent": 7,
      "height": 16,
      "chars": [
        "\u8099"
      ]
    },
    {
      "type": "bitmap",
      "file": "crazy_adventure:font/high_res/fertilizer_stick_charger.png",
      "ascent": 7,
      "height": 16,
      "chars": [
        "\u809b"
      ]
    },
    {
      "type": "bitmap",
      "file": "crazy_adventure:font/category/radiactivity.png",
      "ascent": 1,
      "height": 131,
      "chars": [
        "\u1028"
      ]
    },
    {
      "type": "bitmap",
      "file": "crazy_adventure:font/high_res/banana_sapling.png",
      "ascent": 7,
      "height": 16,
      "chars": [
        "\u809d"
      ]
    },
    {
      "type": "bitmap",
      "file": "crazy_adventure:font/high_res/banana.png",
      "ascent": 7,
      "height": 16,
      "chars": [
        "\u809f"
      ]
    },
    {
      "type": "bitmap",
      "file": "crazy_adventure:font/high_res/uranium_banana.png",
      "ascent": 7,
      "height": 16,
      "chars": [
        "\u80a1"
      ]
    },
    {
      "type": "bitmap",
      "file": "crazy_adventure:font/high_res/uranium_apple.png",
      "ascent": 7,
      "height": 16,
      "chars": [
        "\u80a3"
      ]
    },
    {
      "type": "bitmap",
      "file": "crazy_adventure:font/high_res/chargeless_stick.png",
      "ascent": 7,
      "height": 16,
      "chars": [
        "\u80a5"
      ]
    },
    {
      "type": "bitmap",
      "file": "crazy_adventure:font/high_res/fireball_stick.png",
      "ascent": 7,
      "height": 16,
      "chars": [
        "\u80a7"
      ]
    },
    {
      "type": "bitmap",
      "file": "crazy_adventure:font/high_res/storm_stick.png",
      "ascent": 7,
      "height": 16,
      "chars": [
        "\u80a9"
      ]
    },
    {
      "type": "bitmap",
      "file": "crazy_adventure:font/high_res/shield_stick.png",
      "ascent": 7,
      "height": 16,
      "chars": [
        "\u80ab"
      ]
    },
    {
      "type": "bitmap",
      "file": "crazy_adventure:font/high_res/fertilizer_stick.png",
      "ascent": 7,
      "height": 16,
      "chars": [
        "\u80ad"
      ]
    },
    {
      "type": "bitmap",
      "file": "crazy_adventure:font/high_res/uranium_ingot_9.png",
      "ascent": 7,
      "height": 16,
      "chars": [
        "\u80af"
      ]
    },
    {
      "type": "bitmap",
      "file": "crazy_adventure:font/high_res/uranium_nugget_9.png",
      "ascent": 7,
      "height": 16,
      "chars": [
        "\u80bb"
      ]
    },
    {
      "type": "bitmap",
      "file": "crazy_adventure:font/wiki_icons/crazy_adventure_uranium_nugget.png",
      "ascent": 8,
      "height": 16,
      "chars": [
        "\u80bd"
      ]
    },
    {
      "type": "bitmap",
      "file": "crazy_adventure:font/wiki_icons/crazy_adventure_uranium_block.png",
      "ascent": 8,
      "height": 16,
      "chars": [
        "\u80c0"
      ]
    },
    {
      "type": "bitmap",
      "file": "crazy_adventure:font/wiki_icons/crazy_adventure_uranium_helmet.png",
      "ascent": 8,
      "height": 16,
      "chars": [
        "\u80c3"
      ]
    },
    {
      "type": "bitmap",
      "file": "crazy_adventure:font/wiki_icons/crazy_adventure_uranium_chestplate.png",
      "ascent": 8,
      "height": 16,
      "chars": [
        "\u80c6"
      ]
    },
    {
      "type": "bitmap",
      "file": "crazy_adventure:font/wiki_icons/crazy_adventure_uranium_leggings.png",
      "ascent": 8,
      "height": 16,
      "chars": [
        "\u80c9"
      ]
    },
    {
      "type": "bitmap",
      "file": "crazy_adventure:font/wiki_icons/crazy_adventure_uranium_boots.png",
      "ascent": 8,
      "height": 16,
      "chars": [
        "\u80cc"
      ]
    },
    {
      "type": "bitmap",
      "file": "crazy_adventure:font/high_res/stick.png",
      "ascent": 7,
      "height": 16,
      "chars": [
        "\u80cf"
      ]
    },
    {
      "type": "bitmap",
      "file": "crazy_adventure:font/wiki_icons/crazy_adventure_uranium_sword.png",
      "ascent": 8,
      "height": 16,
      "chars": [
        "\u80d0"
      ]
    },
    {
      "type": "bitmap",
      "file": "crazy_adventure:font/wiki_icons/crazy_adventure_uranium_pickaxe.png",
      "ascent": 8,
      "height": 16,
      "chars": [
        "\u80d4"
      ]
    },
    {
      "type": "bitmap",
      "file": "crazy_adventure:font/wiki_icons/crazy_adventure_uranium_axe.png",
      "ascent": 8,
      "height": 16,
      "chars": [
        "\u80d8"
      ]
    },
    {
      "type": "bitmap",
      "file": "crazy_adventure:font/wiki_icons/crazy_adventure_uranium_shovel.png",
      "ascent": 8,
      "height": 16,
      "chars": [
        "\u80dc"
      ]
    },
    {
      "type": "bitmap",
      "file": "crazy_adventure:font/wiki_icons/crazy_adventure_uranium_hoe.png",
      "ascent": 8,
      "height": 16,
      "chars": [
        "\u80e0"
      ]
    },
    {
      "type": "bitmap",
      "file": "crazy_adventure:font/high_res/copper_ingot.png",
      "ascent": 7,
      "height": 16,
      "chars": [
        "\u80e3"
      ]
    },
    {
      "type": "bitmap",
      "file": "crazy_adventure:font/wiki_icons/crazy_adventure_geiger_counter.png",
      "ascent": 8,
      "height": 16,
      "chars": [
        "\u80e4"
      ]
    },
    {
      "type": "bitmap",
      "file": "crazy_adventure:font/high_res/iron_block.png",
      "ascent": 7,
      "height": 16,
      "chars": [
        "\u80e7"
      ]
    },
    {
      "type": "bitmap",
      "file": "crazy_adventure:font/wiki_icons/crazy_adventure_uranium_core.png",
      "ascent": 8,
      "height": 16,
      "chars": [
        "\u80e8"
      ]
    },
    {
      "type": "bitmap",
      "file": "crazy_adventure:font/high_res/furnace.png",
      "ascent": 7,
      "height": 16,
      "chars": [
        "\u80eb"
      ]
    },
    {
      "type": "bitmap",
      "file": "crazy_adventure:font/high_res/copper_block.png",
      "ascent": 7,
      "height": 16,
      "chars": [
        "\u80ec"
      ]
    },
    {
      "type": "bitmap",
      "file": "crazy_adventure:font/wiki_icons/crazy_adventure_nuclear_reactor.png",
      "ascent": 8,
      "height": 16,
      "chars": [
        "\u80ed"
      ]
    },
    {
      "type": "bitmap",
      "file": "crazy_adventure:font/high_res/stone_pickaxe.png",
      "ascent": 7,
      "height": 16,
      "chars": [
        "\u80f0"
      ]
    },
    {
      "type": "bitmap",
      "file": "crazy_adventure:font/high_res/exposed_copper.png",
      "ascent": 7,
      "height": 16,
      "chars": [
        "\u80f2"
      ]
    },
    {
      "type": "bitmap",
      "file": "crazy_adventure:font/wiki_icons/crazy_adventure_ore_extractor_2.png",
      "ascent": 8,
      "height": 16,
      "chars": [
        "\u80f3"
      ]
    },
    {
      "type": "bitmap",
      "file": "crazy_adventure:font/wiki_icons/crazy_adventure_uranium_upgrader.png",
      "ascent": 8,
      "height": 16,
      "chars": [
        "\u80f8"
      ]
    },
    {
      "type": "bitmap",
      "file": "crazy_adventure:font/wiki_icons/crazy_adventure_uranium_banana.png",
      "ascent": 8,
      "height": 16,
      "chars": [
        "\u80fc"
      ]
    },
    {
      "type": "bitmap",
      "file": "crazy_adventure:font/wiki_icons/crazy_adventure_uranium_ingot.png",
      "ascent": 8,
      "height": 16,
      "chars": [
        "\u8115"
      ]
    },
    {
      "type": "bitmap",
      "file": "crazy_adventure:font/wiki_icons/crazy_adventure_raw_uranium.png",
      "ascent": 8,
      "height": 16,
      "chars": [
        "\u811a"
      ]
    },
    {
      "type": "bitmap",
      "file": "crazy_adventure:font/wiki_icons/crazy_adventure_raw_uranium.png",
      "ascent": 8,
      "height": 16,
      "chars": [
        "\u811d"
      ]
    },
    {
      "type": "bitmap",
      "file": "crazy_adventure:font/wiki_icons/crazy_adventure_uranium_ingot.png",
      "ascent": 8,
      "height": 16,
      "chars": [
        "\u8120"
      ]
    },
    {
      "type": "bitmap",
      "file": "crazy_adventure:font/wiki_icons/crazy_adventure_uranium_ingot.png",
      "ascent": 8,
      "height": 16,
      "chars": [
        "\u8127"
      ]
    },
    {
      "type": "bitmap",
      "file": "crazy_adventure:font/high_res/oxidized_copper.png",
      "ascent": 7,
      "height": 16,
      "chars": [
        "\u812c"
      ]
    },
    {
      "type": "bitmap",
      "file": "crazy_adventure:font/wiki_icons/crazy_adventure_ore_extractor_4.png",
      "ascent": 8,
      "height": 16,
      "chars": [
        "\u812d"
      ]
    },
    {
      "type": "bitmap",
      "file": "crazy_adventure:font/high_res/golden_apple.png",
      "ascent": 7,
      "height": 16,
      "chars": [
        "\u8130"
      ]
    },
    {
      "type": "bitmap",
      "file": "crazy_adventure:font/wiki_icons/crazy_adventure_uranium_apple.png",
      "ascent": 8,
      "height": 16,
      "chars": [
        "\u8131"
      ]
    },
    {
      "type": "bitmap",
      "file": "crazy_adventure:font/wiki_icons/crazy_adventure_raw_uranium.png",
      "ascent": 8,
      "height": 16,
      "chars": [
        "\u8136"
      ]
    },
    {
      "type": "bitmap",
      "file": "crazy_adventure:font/wiki_icons/crazy_adventure_uranium_ingot.png",
      "ascent": 8,
      "height": 16,
      "chars": [
        "\u8139"
      ]
    },
    {
      "type": "bitmap",
      "file": "crazy_adventure:font/wiki_icons/crazy_adventure_raw_uranium.png",
      "ascent": 8,
      "height": 16,
      "chars": [
        "\u813e"
      ]
    },
    {
      "type": "bitmap",
      "file": "crazy_adventure:font/wiki_icons/crazy_adventure_uranium_ingot.png",
      "ascent": 8,
      "height": 16,
      "chars": [
        "\u8141"
      ]
    },
    {
      "type": "bitmap",
      "file": "crazy_adventure:font/high_res/californium_ingot_9.png",
      "ascent": 7,
      "height": 16,
      "chars": [
        "\u8142"
      ]
    },
    {
      "type": "bitmap",
      "file": "crazy_adventure:font/high_res/californium_nugget_9.png",
      "ascent": 7,
      "height": 16,
      "chars": [
        "\u814c"
      ]
    },
    {
      "type": "bitmap",
      "file": "crazy_adventure:font/wiki_icons/crazy_adventure_californium_nugget.png",
      "ascent": 8,
      "height": 16,
      "chars": [
        "\u814e"
      ]
    },
    {
      "type": "bitmap",
      "file": "crazy_adventure:font/wiki_icons/crazy_adventure_californium_block.png",
      "ascent": 8,
      "height": 16,
      "chars": [
        "\u8151"
      ]
    },
    {
      "type": "bitmap",
      "file": "crazy_adventure:font/wiki_icons/crazy_adventure_californium_helmet.png",
      "ascent": 8,
      "height": 16,
      "chars": [
        "\u8154"
      ]
    },
    {
      "type": "bitmap",
      "file": "crazy_adventure:font/wiki_icons/crazy_adventure_californium_chestplate.png",
      "ascent": 8,
      "height": 16,
      "chars": [
        "\u8157"
      ]
    },
    {
      "type": "bitmap",
      "file": "crazy_adventure:font/wiki_icons/crazy_adventure_californium_leggings.png",
      "ascent": 8,
      "height": 16,
      "chars": [
        "\u815a"
      ]
    },
    {
      "type": "bitmap",
      "file": "crazy_adventure:font/wiki_icons/crazy_adventure_californium_boots.png",
      "ascent": 8,
      "height": 16,
      "chars": [
        "\u815d"
      ]
    },
    {
      "type": "bitmap",
      "file": "crazy_adventure:font/wiki_icons/crazy_adventure_californium_sword.png",
      "ascent": 8,
      "height": 16,
      "chars": [
        "\u8161"
      ]
    },
    {
      "type": "bitmap",
      "file": "crazy_adventure:font/wiki_icons/crazy_adventure_californium_pickaxe.png",
      "ascent": 8,
      "height": 16,
      "chars": [
        "\u8165"
      ]
    },
    {
      "type": "bitmap",
      "file": "crazy_adventure:font/wiki_icons/crazy_adventure_californium_axe.png",
      "ascent": 8,
      "height": 16,
      "chars": [
        "\u8169"
      ]
    },
    {
      "type": "bitmap",
      "file": "crazy_adventure:font/wiki_icons/crazy_adventure_californium_shovel.png",
      "ascent": 8,
      "height": 16,
      "chars": [
        "\u816d"
      ]
    },
    {
      "type": "bitmap",
      "file": "crazy_adventure:font/wiki_icons/crazy_adventure_californium_hoe.png",
      "ascent": 8,
      "height": 16,
      "chars": [
        "\u8171"
      ]
    },
    {
      "type": "bitmap",
      "file": "crazy_adventure:font/wiki_icons/crazy_adventure_californium_core.png",
      "ascent": 8,
      "height": 16,
      "chars": [
        "\u8175"
      ]
    },
    {
      "type": "bitmap",
      "file": "crazy_adventure:font/high_res/weathered_copper.png",
      "ascent": 7,
      "height": 16,
      "chars": [
        "\u8179"
      ]
    },
    {
      "type": "bitmap",
      "file": "crazy_adventure:font/wiki_icons/crazy_adventure_amazing_nuclear_reactor.png",
      "ascent": 8,
      "height": 16,
      "chars": [
        "\u817a"
      ]
    },
    {
      "type": "bitmap",
      "file": "crazy_adventure:font/high_res/blue_wool.png",
      "ascent": 7,
      "height": 16,
      "chars": [
        "\u817e"
      ]
    },
    {
      "type": "bitmap",
      "file": "crazy_adventure:font/wiki_icons/crazy_adventure_anti_radiation_glove.png",
      "ascent": 8,
      "height": 16,
      "chars": [
        "\u817f"
      ]
    },
    {
      "type": "bitmap",
      "file": "crazy_adventure:font/wiki_icons/crazy_adventure_californium_ingot.png",
      "ascent": 8,
      "height": 16,
      "chars": [
        "\u8198"
      ]
    },
    {
      "type": "bitmap",
      "file": "crazy_adventure:font/wiki_icons/crazy_adventure_oxidizer.png",
      "ascent": 8,
      "height": 16,
      "chars": [
        "\u819c"
      ]
    },
    {
      "type": "bitmap",
      "file": "crazy_adventure:font/high_res/blue_stained_glass_pane.png",
      "ascent": 7,
      "height": 16,
      "chars": [
        "\u819f"
      ]
    },
    {
      "type": "bitmap",
      "file": "crazy_adventure:font/high_res/yellow_wool.png",
      "ascent": 7,
      "height": 16,
      "chars": [
        "\u81a0"
      ]
    },
    {
      "type": "bitmap",
      "file": "crazy_adventure:font/wiki_icons/crazy_adventure_anti_radiation_helmet.png",
      "ascent": 8,
      "height": 16,
      "chars": [
        "\u81a1"
      ]
    },
    {
      "type": "bitmap",
      "file": "crazy_adventure:font/wiki_icons/crazy_adventure_raw_californium.png",
      "ascent": 8,
      "height": 16,
      "chars": [
        "\u81a6"
      ]
    },
    {
      "type": "bitmap",
      "file": "crazy_adventure:font/wiki_icons/crazy_adventure_californium_ingot.png",
      "ascent": 8,
      "height": 16,
      "chars": [
        "\u81a9"
      ]
    },
    {
      "type": "bitmap",
      "file": "crazy_adventure:font/wiki_icons/crazy_adventure_californium_ingot.png",
      "ascent": 8,
      "height": 16,
      "chars": [
        "\u81b0"
      ]
    },
    {
      "type": "bitmap",
      "file": "crazy_adventure:font/wiki_icons/crazy_adventure_californium_battery.png",
      "ascent": 8,
      "height": 16,
      "chars": [
        "\u81b5"
      ]
    },
    {
      "type": "bitmap",
      "file": "crazy_adventure:font/wiki_icons/crazy_adventure_raw_californium.png",
      "ascent": 8,
      "height": 16,
      "chars": [
        "\u81ba"
      ]
    },
    {
      "type": "bitmap",
      "file": "crazy_adventure:font/wiki_icons/crazy_adventure_californium_ingot.png",
      "ascent": 8,
      "height": 16,
      "chars": [
        "\u81bd"
      ]
    },
    {
      "type": "bitmap",
      "file": "crazy_adventure:font/wiki_icons/crazy_adventure_uranium_nugget.png",
      "ascent": 8,
      "height": 16,
      "chars": [
        "\u81c4"
      ]
    },
    {
      "type": "bitmap",
      "file": "crazy_adventure:font/wiki_icons/crazy_adventure_uranium_nugget.png",
      "ascent": 8,
      "height": 16,
      "chars": [
        "\u81cb"
      ]
    },
    {
      "type": "bitmap",
      "file": "crazy_adventure:font/wiki_icons/crazy_adventure_uranium_nugget.png",
      "ascent": 8,
      "height": 16,
      "chars": [
        "\u81d2"
      ]
    },
    {
      "type": "bitmap",
      "file": "crazy_adventure:font/wiki_icons/crazy_adventure_uranium_nugget.png",
      "ascent": 8,
      "height": 16,
      "chars": [
        "\u81d9"
      ]
    },
    {
      "type": "bitmap",
      "file": "crazy_adventure:font/wiki_icons/crazy_adventure_uranium_nugget.png",
      "ascent": 8,
      "height": 16,
      "chars": [
        "\u81e2"
      ]
    },
    {
      "type": "bitmap",
      "file": "crazy_adventure:font/wiki_icons/crazy_adventure_uranium_nugget.png",
      "ascent": 8,
      "height": 16,
      "chars": [
        "\u81eb"
      ]
    },
    {
      "type": "bitmap",
      "file": "crazy_adventure:font/wiki_icons/crazy_adventure_uranium_nugget.png",
      "ascent": 8,
      "height": 16,
      "chars": [
        "\u81f4"
      ]
    },
    {
      "type": "bitmap",
      "file": "crazy_adventure:font/wiki_icons/crazy_adventure_uranium_nugget.png",
      "ascent": 8,
      "height": 16,
      "chars": [
        "\u81fd"
      ]
    },
    {
      "type": "bitmap",
      "file": "crazy_adventure:font/wiki_icons/crazy_adventure_uranium_nugget.png",
      "ascent": 8,
      "height": 16,
      "chars": [
        "\u8206"
      ]
    },
    {
      "type": "bitmap",
      "file": "crazy_adventure:font/wiki_icons/crazy_adventure_californium_nugget.png",
      "ascent": 8,
      "height": 16,
      "chars": [
        "\u820d"
      ]
    },
    {
      "type": "bitmap",
      "file": "crazy_adventure:font/wiki_icons/crazy_adventure_californium_nugget.png",
      "ascent": 8,
      "height": 16,
      "chars": [
        "\u8214"
      ]
    },
    {
      "type": "bitmap",
      "file": "crazy_adventure:font/wiki_icons/crazy_adventure_californium_nugget.png",
      "ascent": 8,
      "height": 16,
      "chars": [
        "\u821b"
      ]
    },
    {
      "type": "bitmap",
      "file": "crazy_adventure:font/wiki_icons/crazy_adventure_californium_nugget.png",
      "ascent": 8,
      "height": 16,
      "chars": [
        "\u8222"
      ]
    },
    {
      "type": "bitmap",
      "file": "crazy_adventure:font/wiki_icons/crazy_adventure_californium_nugget.png",
      "ascent": 8,
      "height": 16,
      "chars": [
        "\u822b"
      ]
    },
    {
      "type": "bitmap",
      "file": "crazy_adventure:font/wiki_icons/crazy_adventure_californium_nugget.png",
      "ascent": 8,
      "height": 16,
      "chars": [
        "\u8234"
      ]
    },
    {
      "type": "bitmap",
      "file": "crazy_adventure:font/wiki_icons/crazy_adventure_ore_extractor_4.png",
      "ascent": 8,
      "height": 16,
      "chars": [
        "\u823a"
      ]
    },
    {
      "type": "bitmap",
      "file": "crazy_adventure:font/wiki_icons/crazy_adventure_californium_nugget.png",
      "ascent": 8,
      "height": 16,
      "chars": [
        "\u8243"
      ]
    },
    {
      "type": "bitmap",
      "file": "crazy_adventure:font/wiki_icons/crazy_adventure_californium_nugget.png",
      "ascent": 8,
      "height": 16,
      "chars": [
        "\u824c"
      ]
    },
    {
      "type": "bitmap",
      "file": "crazy_adventure:font/wiki_icons/crazy_adventure_californium_nugget.png",
      "ascent": 8,
      "height": 16,
      "chars": [
        "\u8255"
      ]
    },
    {
      "type": "bitmap",
      "file": "crazy_adventure:font/page/cave_helmet.png",
      "ascent": 0,
      "height": 40,
      "chars": [
        "\u1046"
      ]
    },
    {
      "type": "bitmap",
      "file": "crazy_adventure:font/wiki_icons/crazy_adventure_californium_core.png",
      "ascent": 8,
      "height": 16,
      "chars": [
        "\u8284"
      ]
    },
    {
      "type": "bitmap",
      "file": "crazy_adventure:font/high_res/black_candle.png",
      "ascent": 7,
      "height": 16,
      "chars": [
        "\u8286"
      ]
    },
    {
      "type": "bitmap",
      "file": "crazy_adventure:font/high_res/wither_skeleton_skull.png",
      "ascent": 7,
      "height": 16,
      "chars": [
        "\u8287"
      ]
    },
    {
      "type": "bitmap",
      "file": "crazy_adventure:font/high_res/simplunium_block.png",
      "ascent": 7,
      "height": 16,
      "chars": [
        "\u8289"
      ]
    },
    {
      "type": "bitmap",
      "file": "crazy_adventure:font/wiki_icons/crazy_adventure_boss_altar.png",
      "ascent": 8,
      "height": 16,
      "chars": [
        "\u828a"
      ]
    },
    {
      "type": "bitmap",
      "file": "crazy_adventure:font/wiki_icons/crazy_adventure_better_nuclear_reactor.png",
      "ascent": 8,
      "height": 16,
      "chars": [
        "\u828f"
      ]
    },
    {
      "type": "bitmap",
      "file": "crazy_adventure:font/high_res/elite_battery.png",
      "ascent": 7,
      "height": 16,
      "chars": [
        "\u8293"
      ]
    },
    {
      "type": "bitmap",
      "file": "crazy_adventure:font/wiki_icons/crazy_adventure_uranium_battery.png",
      "ascent": 8,
      "height": 16,
      "chars": [
        "\u8295"
      ]
    },
    {
      "type": "bitmap",
      "file": "crazy_adventure:font/high_res/iron_pickaxe.png",
      "ascent": 7,
      "height": 16,
      "chars": [
        "\u8298"
      ]
    },
    {
      "type": "bitmap",
      "file": "crazy_adventure:font/wiki_icons/crazy_adventure_ore_extractor_3.png",
      "ascent": 8,
      "height": 16,
      "chars": [
        "\u829b"
      ]
    },
    {
      "type": "bitmap",
      "file": "crazy_adventure:font/high_res/lightning_rod.png",
      "ascent": 7,
      "height": 16,
      "chars": [
        "\u829d"
      ]
    },
    {
      "type": "bitmap",
      "file": "crazy_adventure:font/wiki_icons/crazy_adventure_storm_stick_charger.png",
      "ascent": 8,
      "height": 16,
      "chars": [
        "\u82a1"
      ]
    },
    {
      "type": "bitmap",
      "file": "crazy_adventure:font/high_res/fire_charge.png",
      "ascent": 7,
      "height": 16,
      "chars": [
        "\u82a3"
      ]
    },
    {
      "type": "bitmap",
      "file": "crazy_adventure:font/wiki_icons/crazy_adventure_fireball_stick_charger.png",
      "ascent": 8,
      "height": 16,
      "chars": [
        "\u82a7"
      ]
    },
    {
      "type": "bitmap",
      "file": "crazy_adventure:font/high_res/crying_obsidian.png",
      "ascent": 7,
      "height": 16,
      "chars": [
        "\u82a9"
      ]
    },
    {
      "type": "bitmap",
      "file": "crazy_adventure:font/wiki_icons/crazy_adventure_shield_stick_charger.png",
      "ascent": 8,
      "height": 16,
      "chars": [
        "\u82ad"
      ]
    },
    {
      "type": "bitmap",
      "file": "crazy_adventure:font/high_res/bone_block.png",
      "ascent": 7,
      "height": 16,
      "chars": [
        "\u82af"
      ]
    },
    {
      "type": "bitmap",
      "file": "crazy_adventure:font/wiki_icons/crazy_adventure_fertilizer_stick_charger.png",
      "ascent": 8,
      "height": 16,
      "chars": [
        "\u82b3"
      ]
    },
    {
      "type": "bitmap",
      "file": "crazy_adventure:font/wiki_icons/crazy_adventure_anti_radiation_chestplate.png",
      "ascent": 8,
      "height": 16,
      "chars": [
        "\u82b7"
      ]
    },
    {
      "type": "bitmap",
      "file": "crazy_adventure:font/wiki_icons/crazy_adventure_anti_radiation_glove.png",
      "ascent": 8,
      "height": 16,
      "chars": [
        "\u82bc"
      ]
    },
    {
      "type": "bitmap",
      "file": "crazy_adventure:font/high_res/blaze_rod.png",
      "ascent": 7,
      "height": 16,
      "chars": [
        "\u82c0"
      ]
    },
    {
      "type": "bitmap",
      "file": "crazy_adventure:font/wiki_icons/crazy_adventure_chargeless_stick.png",
      "ascent": 8,
      "height": 16,
      "chars": [
        "\u82c1"
      ]
    },
    {
      "type": "bitmap",
      "file": "crazy_adventure:font/page/uranium_waste.png",
      "ascent": 0,
      "height": 40,
      "chars": [
        "\u104e"
      ]
    },
    {
      "type": "bitmap",
      "file": "crazy_adventure:font/high_res/barrel.png",
      "ascent": 7,
      "height": 16,
      "chars": [
        "\u82c5"
      ]
    },
    {
      "type": "bitmap",
      "file": "crazy_adventure:font/wiki_icons/crazy_adventure_uranium_waste_barrel.png",
      "ascent": 8,
      "height": 16,
      "chars": [
        "\u82c6"
      ]
    },
    {
      "type": "bitmap",
      "file": "crazy_adventure:font/wiki_icons/crazy_adventure_chargeless_stick.png",
      "ascent": 8,
      "height": 16,
      "chars": [
        "\u82cb"
      ]
    },
    {
      "type": "bitmap",
      "file": "crazy_adventure:font/wiki_icons/crazy_adventure_uranium_battery.png",
      "ascent": 8,
      "height": 16,
      "chars": [
        "\u82d6"
      ]
    },
    {
      "type": "bitmap",
      "file": "crazy_adventure:font/wiki_icons/crazy_adventure_storm_stick_charger.png",
      "ascent": 8,
      "height": 16,
      "chars": [
        "\u82dc"
      ]
    },
    {
      "type": "bitmap",
      "file": "crazy_adventure:font/wiki_icons/crazy_adventure_fireball_stick_charger.png",
      "ascent": 8,
      "height": 16,
      "chars": [
        "\u82e2"
      ]
    },
    {
      "type": "bitmap",
      "file": "crazy_adventure:font/wiki_icons/crazy_adventure_shield_stick_charger.png",
      "ascent": 8,
      "height": 16,
      "chars": [
        "\u82e8"
      ]
    },
    {
      "type": "bitmap",
      "file": "crazy_adventure:font/wiki_icons/crazy_adventure_fertilizer_stick_charger.png",
      "ascent": 8,
      "height": 16,
      "chars": [
        "\u82ee"
      ]
    },
    {
      "type": "bitmap",
      "file": "crazy_adventure:font/page/uranium_shard.png",
      "ascent": 0,
      "height": 40,
      "chars": [
        "\u1050"
      ]
    },
    {
      "type": "bitmap",
      "file": "crazy_adventure:font/high_res/manual.png",
      "ascent": 7,
      "height": 16,
      "chars": [
        "\u82f2"
      ]
    },
    {
      "type": "bitmap",
      "file": "crazy_adventure:font/wiki_icons/crazy_adventure_uranium_book.png",
      "ascent": 8,
      "height": 16,
      "chars": [
        "\u82f3"
      ]
    },
    {
      "type": "bitmap",
      "file": "crazy_adventure:font/wiki_icons/crazy_adventure_uranium_upgrader.png",
      "ascent": 8,
      "height": 16,
      "chars": [
        "\u82fe"
      ]
    },
    {
      "type": "bitmap",
      "file": "crazy_adventure:font/wiki_icons/crazy_adventure_incredible_nuclear_reactor.png",
      "ascent": 8,
      "height": 16,
      "chars": [
        "\u8309"
      ]
    },
    {
      "type": "bitmap",
      "file": "crazy_adventure:font/wiki_icons/crazy_adventure_californium_battery.png",
      "ascent": 8,
      "height": 16,
      "chars": [
        "\u830f"
      ]
    },
    {
      "type": "bitmap",
      "file": "crazy_adventure:font/page/californium_waste.png",
      "ascent": 0,
      "height": 40,
      "chars": [
        "\u1053"
      ]
    },
    {
      "type": "bitmap",
      "file": "crazy_adventure:font/wiki_icons/crazy_adventure_californium_waste_barrel.png",
      "ascent": 8,
      "height": 16,
      "chars": [
        "\u8314"
      ]
    },
    {
      "type": "bitmap",
      "file": "crazy_adventure:font/wiki_icons/crazy_adventure_californium_battery.png",
      "ascent": 8,
      "height": 16,
      "chars": [
        "\u831f"
      ]
    },
    {
      "type": "bitmap",
      "file": "crazy_adventure:font/high_res/string.png",
      "ascent": 7,
      "height": 16,
      "chars": [
        "\u8321"
      ]
    },
    {
      "type": "bitmap",
      "file": "crazy_adventure:font/high_res/simplunium_ingot.png",
      "ascent": 7,
      "height": 16,
      "chars": [
        "\u8322"
      ]
    },
    {
      "type": "bitmap",
      "file": "crazy_adventure:font/high_res/fermented_spider_eye.png",
      "ascent": 7,
      "height": 16,
      "chars": [
        "\u8323"
      ]
    },
    {
      "type": "bitmap",
      "file": "crazy_adventure:font/wiki_icons/crazy_adventure_better_nuclear_reactor.png",
      "ascent": 8,
      "height": 16,
      "chars": [
        "\u833e"
      ]
    },
    {
      "type": "bitmap",
      "file": "crazy_adventure:font/wiki_icons/crazy_adventure_amazing_nuclear_reactor.png",
      "ascent": 8,
      "height": 16,
      "chars": [
        "\u834b"
      ]
    },
    {
      "type": "bitmap",
      "file": "crazy_adventure:font/wiki_icons/crazy_adventure_incredible_nuclear_reactor.png",
      "ascent": 8,
      "height": 16,
      "chars": [
        "\u8358"
      ]
    },
    {
      "type": "bitmap",
      "file": "crazy_adventure:font/wiki_icons/crazy_adventure_californium_battery.png",
      "ascent": 8,
      "height": 16,
      "chars": [
        "\u8372"
      ]
    },
    {
      "type": "bitmap",
      "file": "crazy_adventure:font/high_res/gold_block.png",
      "ascent": 7,
      "height": 16,
      "chars": [
        "\u8382"
      ]
    },
    {
      "type": "bitmap",
      "file": "crazy_adventure:font/high_res/coal_block.png",
      "ascent": 7,
      "height": 16,
      "chars": [
        "\u8383"
      ]
    },
    {
      "type": "bitmap",
      "file": "crazy_adventure:font/high_res/wooden_pickaxe.png",
      "ascent": 7,
      "height": 16,
      "chars": [
        "\u8384"
      ]
    },
    {
      "type": "bitmap",
      "file": "crazy_adventure:font/wiki_icons/crazy_adventure_ore_extractor_2.png",
      "ascent": 8,
      "height": 16,
      "chars": [
        "\u8391"
      ]
    },
    {
      "type": "bitmap",
      "file": "crazy_adventure:font/wiki_icons/crazy_adventure_ore_extractor_3.png",
      "ascent": 8,
      "height": 16,
      "chars": [
        "\u83a1"
      ]
    },
    {
      "type": "bitmap",
      "file": "crazy_adventure:font/wiki_icons/crazy_adventure_ore_extractor_4.png",
      "ascent": 8,
      "height": 16,
      "chars": [
        "\u83b1"
      ]
    },
    {
      "type": "bitmap",
      "file": "crazy_adventure:font/high_res/redstone_block.png",
      "ascent": 7,
      "height": 16,
      "chars": [
        "\u83d9"
      ]
    },
    {
      "type": "bitmap",
      "file": "crazy_adventure:font/high_res/banana_sapling_2.png",
      "ascent": 7,
      "height": 16,
      "chars": [
        "\u840a"
      ]
    },
    {
      "type": "bitmap",
      "file": "crazy_adventure:font/high_res/bone_meal.png",
      "ascent": 7,
      "height": 16,
      "chars": [
        "\u840c"
      ]
    },
    {
      "type": "bitmap",
      "file": "crazy_adventure:font/high_res/banana_1.png",
      "ascent": 7,
      "height": 16,
      "chars": [
        "\u8410"
      ]
    },
    {
      "type": "bitmap",
      "file": "crazy_adventure:font/high_res/banana_plant.png",
      "ascent": 7,
      "height": 16,
      "chars": [
        "\u8411"
      ]
    },
    {
      "type": "bitmap",
      "file": "crazy_adventure:font/wiki_icons/crazy_adventure_banana.png",
      "ascent": 8,
      "height": 16,
      "chars": [
        "\u8414"
      ]
    },
    {
      "type": "bitmap",
      "file": "crazy_adventure:font/wiki_icons/crazy_adventure_banana_sapling.png",
      "ascent": 8,
      "height": 16,
      "chars": [
        "\u8418"
      ]
    },
    {
      "type": "bitmap",
      "file": "crazy_adventure:font/wiki_icons/crazy_adventure_uranium_banana.png",
      "ascent": 8,
      "height": 16,
      "chars": [
        "\u841c"
      ]
    },
    {
      "type": "bitmap",
      "file": "crazy_adventure:font/high_res/breeze_rod.png",
      "ascent": 7,
      "height": 16,
      "chars": [
        "\u8434"
      ]
    },
    {
      "type": "bitmap",
      "file": "crazy_adventure:font/page/fireball_stick.png",
      "ascent": 0,
      "height": 40,
      "chars": [
        "\u106c"
      ]
    },
    {
      "type": "bitmap",
      "file": "crazy_adventure:font/page/storm_stick.png",
      "ascent": 0,
      "height": 40,
      "chars": [
        "\u106d"
      ]
    },
    {
      "type": "bitmap",
      "file": "crazy_adventure:font/page/shield_stick.png",
      "ascent": 0,
      "height": 40,
      "chars": [
        "\u106e"
      ]
    },
    {
      "type": "bitmap",
      "file": "crazy_adventure:font/page/fertilizer_stick.png",
      "ascent": 0,
      "height": 40,
      "chars": [
        "\u106f"
      ]
    },
    {
      "type": "bitmap",
      "file": "crazy_adventure:font/high_res/heavy_workbench.png",
      "ascent": 7,
      "height": 16,
      "chars": [
        "\u8439"
      ]
    },
    {
      "type": "bitmap",
      "file": "crazy_adventure:font/high_res/oak_log.png",
      "ascent": 7,
      "height": 16,
      "chars": [
        "\u843a"
      ]
    },
    {
      "type": "bitmap",
      "file": "crazy_adventure:font/high_res/crafting_table.png",
      "ascent": 7,
      "height": 16,
      "chars": [
        "\u843b"
      ]
    },
    {
      "type": "bitmap",
      "file": "crazy_adventure:font/high_res/smooth_stone.png",
      "ascent": 7,
      "height": 16,
      "chars": [
        "\u843c"
      ]
    },
    {
      "type": "bitmap",
      "file": "crazy_adventure:font/category/categories_page.png",
      "ascent": 1,
      "height": 131,
      "chars": [
        "\u1021"
      ]
    },
    {
      "type": "bitmap",
      "file": "crazy_adventure:font/page/_logo.png",
      "ascent": 0,
      "height": 40,
      "chars": [
        "\u1020"
      ]
    },
    {
      "type": "bitmap",
      "file": "crazy_adventure:font/none.png",
      "ascent": 8,
      "height": 20,
      "chars": [
        " "
      ]
    },
    {
      "type": "bitmap",
      "file": "crazy_adventure:font/none.png",
      "ascent": 8,
      "height": 18,
      "chars": [
        "!"
      ]
    },
    {
      "type": "bitmap",
      "file": "crazy_adventure:font/none.png",
      "ascent": 7,
      "height": 7,
      "chars": [
        "\""
      ]
    },
    {
      "type": "bitmap",
      "file": "crazy_adventure:font/none.png",
      "ascent": 0,
      "height": 2,
      "chars": [
        "#"
      ]
    },
    {
      "type": "bitmap",
      "file": "crazy_adventure:font/none.png",
      "ascent": 0,
      "height": 1,
      "chars": [
        "$"
      ]
    },
    {
      "type": "bitmap",
      "file": "crazy_adventure:font/none.png",
      "ascent": 7,
      "height": 16,
      "chars": [
        "0"
      ]
    },
    {
      "type": "bitmap",
      "file": "crazy_adventure:font/invisible_item.png",
      "ascent": 7,
      "height": 16,
      "chars": [
        "U"
      ]
    },
    {
      "type": "bitmap",
      "file": "crazy_adventure:font/wiki_information.png",
      "ascent": 8,
      "height": 16,
      "chars": [
        "1"
      ]
    },
    {
      "type": "bitmap",
      "file": "crazy_adventure:font/wiki_result_of_craft.png",
      "ascent": 8,
      "height": 16,
      "chars": [
        "2"
      ]
    },
    {
      "type": "bitmap",
      "file": "crazy_adventure:font/wiki_ingredient_of_craft.png",
      "ascent": 8,
      "height": 16,
      "chars": [
        "3"
      ]
    },
    {
      "type": "bitmap",
      "file": "crazy_adventure:font/shaped_3x3.png",
      "ascent": 1,
      "height": 58,
      "chars": [
        "6"
      ]
    },
    {
      "type": "bitmap",
      "file": "crazy_adventure:font/shaped_2x2.png",
      "ascent": 1,
      "height": 58,
      "chars": [
        "5"
      ]
    },
    {
      "type": "bitmap",
      "file": "crazy_adventure:font/furnace.png",
      "ascent": 1,
      "height": 58,
      "chars": [
        "7"
      ]
    },
    {
      "type": "bitmap",
      "file": "crazy_adventure:font/stonecutting.png",
      "ascent": 4,
      "height": 58,
      "chars": [
        "8"
      ]
    },
    {
      "type": "bitmap",
      "file": "crazy_adventure:font/pulverizing.png",
      "ascent": 4,
      "height": 58,
      "chars": [
        "9"
      ]
    },
    {
      "type": "bitmap",
      "file": "crazy_adventure:font/mining.png",
      "ascent": 4,
      "height": 58,
      "chars": [
        "@"
      ]
    },
    {
      "type": "bitmap",
      "file": "crazy_adventure:font/shaped_3x3.png",
      "ascent": -4,
      "height": 58,
      "chars": [
        "F"
      ]
    },
    {
      "type": "bitmap",
      "file": "crazy_adventure:font/shaped_2x2.png",
      "ascent": -2,
      "height": 58,
      "chars": [
        "E"
      ]
    },
    {
      "type": "bitmap",
      "file": "crazy_adventure:font/furnace.png",
      "ascent": -3,
      "height": 58,
      "chars": [
        "G"
      ]
    },
    {
      "type": "bitmap",
      "file": "crazy_adventure:font/stonecutting.png",
      "ascent": -3,
      "height": 58,
      "chars": [
        "H"
      ]
    },
    {
      "type": "bitmap",
      "file": "crazy_adventure:font/pulverizing.png",
      "ascent": -3,
      "height": 58,
      "chars": [
        "I"
      ]
    },
    {
      "type": "bitmap",
      "file": "crazy_adventure:font/mining.png",
      "ascent": -3,
      "height": 58,
      "chars": [
        "P"
      ]
    },
    {
      "type": "bitmap",
      "file": "crazy_adventure:font/book.png",
      "ascent": 25,
      "height": 300,
      "chars": [
        "V"
      ]
    }
  ]
}
