{
  "providers": [
    {
      "type": "bitmap",
      "file": "crazy_adventure:font/category/material.png",
      "ascent": 1,
      "height": 131,
      "chars": [
        "\u1023"
      ]
    },
    {
      "type": "bitmap",
      "file": "crazy_adventure:font/high_res/uranium_ingot.png",
      "ascent": 7,
      "height": 16,
      "chars": [
        "\u8021"
      ]
    },
    {
      "type": "bitmap",
      "file": "crazy_adventure:font/high_res/uranium_nugget.png",
      "ascent": 7,
      "height": 16,
      "chars": [
        "\u8023"
      ]
    },
    {
      "type": "bitmap",
      "file": "crazy_adventure:font/high_res/raw_uranium.png",
      "ascent": 7,
      "height": 16,
      "chars": [
        "\u8025"
      ]
    },
    {
      "type": "bitmap",
      "file": "crazy_adventure:font/high_res/uranium_block.png",
      "ascent": 7,
      "height": 16,
      "chars": [
        "\u8027"
      ]
    },
    {
      "type": "bitmap",
      "file": "crazy_adventure:font/high_res/uranium_ore.png",
      "ascent": 7,
      "height": 16,
      "chars": [
        "\u8029"
      ]
    },
    {
      "type": "bitmap",
      "file": "crazy_adventure:font/high_res/californium_ingot.png",
      "ascent": 7,
      "height": 16,
      "chars": [
        "\u802b"
      ]
    },
    {
      "type": "bitmap",
      "file": "crazy_adventure:font/high_res/californium_nugget.png",
      "ascent": 7,
      "height": 16,
      "chars": [
        "\u802d"
      ]
    },
    {
      "type": "bitmap",
      "file": "crazy_adventure:font/high_res/raw_californium.png",
      "ascent": 7,
      "height": 16,
      "chars": [
        "\u802f"
      ]
    },
    {
      "type": "bitmap",
      "file": "crazy_adventure:font/high_res/californium_block.png",
      "ascent": 7,
      "height": 16,
      "chars": [
        "\u8031"
      ]
    },
    {
      "type": "bitmap",
      "file": "crazy_adventure:font/high_res/californium_ore.png",
      "ascent": 7,
      "height": 16,
      "chars": [
        "\u8033"
      ]
    },
    {
      "type": "bitmap",
      "file": "crazy_adventure:font/category/equipment.png",
      "ascent": 1,
      "height": 131,
      "chars": [
        "\u1024"
      ]
    },
    {
      "type": "bitmap",
      "file": "crazy_adventure:font/high_res/uranium_helmet.png",
      "ascent": 7,
      "height": 16,
      "chars": [
        "\u8035"
      ]
    },
    {
      "type": "bitmap",
      "file": "crazy_adventure:font/high_res/uranium_chestplate.png",
      "ascent": 7,
      "height": 16,
      "chars": [
        "\u8037"
      ]
    },
    {
      "type": "bitmap",
      "file": "crazy_adventure:font/high_res/uranium_leggings.png",
      "ascent": 7,
      "height": 16,
      "chars": [
        "\u8039"
      ]
    },
    {
      "type": "bitmap",
      "file": "crazy_adventure:font/high_res/uranium_boots.png",
      "ascent": 7,
      "height": 16,
      "chars": [
        "\u803b"
      ]
    },
    {
      "type": "bitmap",
      "file": "crazy_adventure:font/high_res/uranium_sword.png",
      "ascent": 7,
      "height": 16,
      "chars": [
        "\u803d"
      ]
    },
    {
      "type": "bitmap",
      "file": "crazy_adventure:font/high_res/uranium_pickaxe.png",
      "ascent": 7,
      "height": 16,
      "chars": [
        "\u803f"
      ]
    },
    {
      "type": "bitmap",
      "file": "crazy_adventure:font/high_res/uranium_axe.png",
      "ascent": 7,
      "height": 16,
      "chars": [
        "\u8041"
      ]
    },
    {
      "type": "bitmap",
      "file": "crazy_adventure:font/high_res/uranium_shovel.png",
      "ascent": 7,
      "height": 16,
      "chars": [
        "\u8043"
      ]
    },
    {
      "type": "bitmap",
      "file": "crazy_adventure:font/high_res/uranium_hoe.png",
      "ascent": 7,
      "height": 16,
      "chars": [
        "\u8045"
      ]
    },
    {
      "type": "bitmap",
      "file": "crazy_adventure:font/high_res/californium_helmet.png",
      "ascent": 7,
      "height": 16,
      "chars": [
        "\u8047"
      ]
    },
    {
      "type": "bitmap",
      "file": "crazy_adventure:font/high_res/californium_chestplate.png",
      "ascent": 7,
      "height": 16,
      "chars": [
        "\u8049"
      ]
    },
    {
      "type": "bitmap",
      "file": "crazy_adventure:font/high_res/californium_leggings.png",
      "ascent": 7,
      "height": 16,
      "chars": [
        "\u804b"
      ]
    },
    {
      "type": "bitmap",
      "file": "crazy_adventure:font/high_res/californium_boots.png",
      "ascent": 7,
      "height": 16,
      "chars": [
        "\u804d"
      ]
    },
    {
      "type": "bitmap",
      "file": "crazy_adventure:font/high_res/californium_sword.png",
      "ascent": 7,
      "height": 16,
      "chars": [
        "\u804f"
      ]
    },
    {
      "type": "bitmap",
      "file": "crazy_adventure:font/high_res/californium_pickaxe.png",
      "ascent": 7,
      "height": 16,
      "chars": [
        "\u8051"
      ]
    },
    {
      "type": "bitmap",
      "file": "crazy_adventure:font/high_res/californium_axe.png",
      "ascent": 7,
      "height": 16,
      "chars": [
        "\u8053"
      ]
    },
    {
      "type": "bitmap",
      "file": "crazy_adventure:font/high_res/californium_shovel.png",
      "ascent": 7,
      "height": 16,
      "chars": [
        "\u8055"
      ]
    },
    {
      "type": "bitmap",
      "file": "crazy_adventure:font/high_res/californium_hoe.png",
      "ascent": 7,
      "height": 16,
      "chars": [
        "\u8057"
      ]
    },
    {
      "type": "bitmap",
      "file": "crazy_adventure:font/category/miscellaneous.png",
      "ascent": 1,
      "height": 131,
      "chars": [
        "\u1025"
      ]
    },
    {
      "type": "bitmap",
      "file": "crazy_adventure:font/high_res/manual.png",
      "ascent": 7,
      "height": 16,
      "chars": [
        "\u8059"
      ]
    },
    {
      "type": "bitmap",
      "file": "crazy_adventure:font/high_res/geiger_counter.png",
      "ascent": 7,
      "height": 16,
      "chars": [
        "\u805b"
      ]
    },
    {
      "type": "bitmap",
      "file": "crazy_adventure:font/high_res/uranium_core.png",
      "ascent": 7,
      "height": 16,
      "chars": [
        "\u805d"
      ]
    },
    {
      "type": "bitmap",
      "file": "crazy_adventure:font/high_res/californium_core.png",
      "ascent": 7,
      "height": 16,
      "chars": [
        "\u805f"
      ]
    },
    {
      "type": "bitmap",
      "file": "crazy_adventure:font/category/generator.png",
      "ascent": 1,
      "height": 131,
      "chars": [
        "\u1026"
      ]
    },
    {
      "type": "bitmap",
      "file": "crazy_adventure:font/high_res/nuclear_reactor.png",
      "ascent": 7,
      "height": 16,
      "chars": [
        "\u8061"
      ]
    },
    {
      "type": "bitmap",
      "file": "crazy_adventure:font/high_res/better_nuclear_reactor.png",
      "ascent": 7,
      "height": 16,
      "chars": [
        "\u8063"
      ]
    },
    {
      "type": "bitmap",
      "file": "crazy_adventure:font/high_res/amazing_nuclear_reactor.png",
      "ascent": 7,
      "height": 16,
      "chars": [
        "\u8065"
      ]
    },
    {
      "type": "bitmap",
      "file": "crazy_adventure:font/high_res/incredible_nuclear_reactor.png",
      "ascent": 7,
      "height": 16,
      "chars": [
        "\u8067"
      ]
    },
    {
      "type": "bitmap",
      "file": "crazy_adventure:font/category/energy.png",
      "ascent": 1,
      "height": 131,
      "chars": [
        "\u1027"
      ]
    },
    {
      "type": "bitmap",
      "file": "crazy_adventure:font/high_res/ore_extractor_1.png",
      "ascent": 7,
      "height": 16,
      "chars": [
        "\u8069"
      ]
    },
    {
      "type": "bitmap",
      "file": "crazy_adventure:font/high_res/ore_extractor_2.png",
      "ascent": 7,
      "height": 16,
      "chars": [
        "\u806b"
      ]
    },
    {
      "type": "bitmap",
      "file": "crazy_adventure:font/high_res/ore_extractor_3.png",
      "ascent": 7,
      "height": 16,
      "chars": [
        "\u806d"
      ]
    },
    {
      "type": "bitmap",
      "file": "crazy_adventure:font/high_res/ore_extractor_4.png",
      "ascent": 7,
      "height": 16,
      "chars": [
        "\u806f"
      ]
    },
    {
      "type": "bitmap",
      "file": "crazy_adventure:font/high_res/uranium_ingot_9.png",
      "ascent": 7,
      "height": 16,
      "chars": [
        "\u8071"
      ]
    },
    {
      "type": "bitmap",
      "file": "crazy_adventure:font/high_res/uranium_nugget_9.png",
      "ascent": 7,
      "height": 16,
      "chars": [
        "\u807b"
      ]
    },
    {
      "type": "bitmap",
      "file": "crazy_adventure:font/wiki_icons/crazy_adventure_uranium_nugget.png",
      "ascent": 8,
      "height": 16,
      "chars": [
        "\u807d"
      ]
    },
    {
      "type": "bitmap",
      "file": "crazy_adventure:font/wiki_icons/crazy_adventure_uranium_block.png",
      "ascent": 8,
      "height": 16,
      "chars": [
        "\u8080"
      ]
    },
    {
      "type": "bitmap",
      "file": "crazy_adventure:font/wiki_icons/crazy_adventure_uranium_helmet.png",
      "ascent": 8,
      "height": 16,
      "chars": [
        "\u8083"
      ]
    },
    {
      "type": "bitmap",
      "file": "crazy_adventure:font/wiki_icons/crazy_adventure_uranium_chestplate.png",
      "ascent": 8,
      "height": 16,
      "chars": [
        "\u8086"
      ]
    },
    {
      "type": "bitmap",
      "file": "crazy_adventure:font/wiki_icons/crazy_adventure_uranium_leggings.png",
      "ascent": 8,
      "height": 16,
      "chars": [
        "\u8089"
      ]
    },
    {
      "type": "bitmap",
      "file": "crazy_adventure:font/wiki_icons/crazy_adventure_uranium_boots.png",
      "ascent": 8,
      "height": 16,
      "chars": [
        "\u808c"
      ]
    },
    {
      "type": "bitmap",
      "file": "crazy_adventure:font/high_res/stick.png",
      "ascent": 7,
      "height": 16,
      "chars": [
        "\u808f"
      ]
    },
    {
      "type": "bitmap",
      "file": "crazy_adventure:font/wiki_icons/crazy_adventure_uranium_sword.png",
      "ascent": 8,
      "height": 16,
      "chars": [
        "\u8090"
      ]
    },
    {
      "type": "bitmap",
      "file": "crazy_adventure:font/wiki_icons/crazy_adventure_uranium_pickaxe.png",
      "ascent": 8,
      "height": 16,
      "chars": [
        "\u8094"
      ]
    },
    {
      "type": "bitmap",
      "file": "crazy_adventure:font/wiki_icons/crazy_adventure_uranium_axe.png",
      "ascent": 8,
      "height": 16,
      "chars": [
        "\u8098"
      ]
    },
    {
      "type": "bitmap",
      "file": "crazy_adventure:font/wiki_icons/crazy_adventure_uranium_shovel.png",
      "ascent": 8,
      "height": 16,
      "chars": [
        "\u809c"
      ]
    },
    {
      "type": "bitmap",
      "file": "crazy_adventure:font/wiki_icons/crazy_adventure_uranium_hoe.png",
      "ascent": 8,
      "height": 16,
      "chars": [
        "\u80a0"
      ]
    },
    {
      "type": "bitmap",
      "file": "crazy_adventure:font/high_res/copper_ingot.png",
      "ascent": 7,
      "height": 16,
      "chars": [
        "\u80a3"
      ]
    },
    {
      "type": "bitmap",
      "file": "crazy_adventure:font/wiki_icons/crazy_adventure_geiger_counter.png",
      "ascent": 8,
      "height": 16,
      "chars": [
        "\u80a4"
      ]
    },
    {
      "type": "bitmap",
      "file": "crazy_adventure:font/high_res/iron_block.png",
      "ascent": 7,
      "height": 16,
      "chars": [
        "\u80a7"
      ]
    },
    {
      "type": "bitmap",
      "file": "crazy_adventure:font/wiki_icons/crazy_adventure_uranium_core.png",
      "ascent": 8,
      "height": 16,
      "chars": [
        "\u80a8"
      ]
    },
    {
      "type": "bitmap",
      "file": "crazy_adventure:font/high_res/furnace.png",
      "ascent": 7,
      "height": 16,
      "chars": [
        "\u80ab"
      ]
    },
    {
      "type": "bitmap",
      "file": "crazy_adventure:font/high_res/copper_block.png",
      "ascent": 7,
      "height": 16,
      "chars": [
        "\u80ac"
      ]
    },
    {
      "type": "bitmap",
      "file": "crazy_adventure:font/wiki_icons/crazy_adventure_nuclear_reactor.png",
      "ascent": 8,
      "height": 16,
      "chars": [
        "\u80ad"
      ]
    },
    {
      "type": "bitmap",
      "file": "crazy_adventure:font/high_res/stone_pickaxe.png",
      "ascent": 7,
      "height": 16,
      "chars": [
        "\u80b0"
      ]
    },
    {
      "type": "bitmap",
      "file": "crazy_adventure:font/high_res/exposed_copper.png",
      "ascent": 7,
      "height": 16,
      "chars": [
        "\u80b2"
      ]
    },
    {
      "type": "bitmap",
      "file": "crazy_adventure:font/wiki_icons/crazy_adventure_ore_extractor_2.png",
      "ascent": 8,
      "height": 16,
      "chars": [
        "\u80b3"
      ]
    },
    {
      "type": "bitmap",
      "file": "crazy_adventure:font/wiki_icons/crazy_adventure_uranium_ingot.png",
      "ascent": 8,
      "height": 16,
      "chars": [
        "\u80cc"
      ]
    },
    {
      "type": "bitmap",
      "file": "crazy_adventure:font/wiki_icons/crazy_adventure_raw_uranium.png",
      "ascent": 8,
      "height": 16,
      "chars": [
        "\u80d1"
      ]
    },
    {
      "type": "bitmap",
      "file": "crazy_adventure:font/wiki_icons/crazy_adventure_uranium_ingot.png",
      "ascent": 8,
      "height": 16,
      "chars": [
        "\u80d4"
      ]
    },
    {
      "type": "bitmap",
      "file": "crazy_adventure:font/wiki_icons/crazy_adventure_uranium_ingot.png",
      "ascent": 8,
      "height": 16,
      "chars": [
        "\u80db"
      ]
    },
    {
      "type": "bitmap",
      "file": "crazy_adventure:font/high_res/oxidized_copper.png",
      "ascent": 7,
      "height": 16,
      "chars": [
        "\u80e0"
      ]
    },
    {
      "type": "bitmap",
      "file": "crazy_adventure:font/wiki_icons/crazy_adventure_ore_extractor_4.png",
      "ascent": 8,
      "height": 16,
      "chars": [
        "\u80e1"
      ]
    },
    {
      "type": "bitmap",
      "file": "crazy_adventure:font/wiki_icons/crazy_adventure_raw_uranium.png",
      "ascent": 8,
      "height": 16,
      "chars": [
        "\u80e6"
      ]
    },
    {
      "type": "bitmap",
      "file": "crazy_adventure:font/wiki_icons/crazy_adventure_uranium_ingot.png",
      "ascent": 8,
      "height": 16,
      "chars": [
        "\u80e9"
      ]
    },
    {
      "type": "bitmap",
      "file": "crazy_adventure:font/high_res/californium_ingot_9.png",
      "ascent": 7,
      "height": 16,
      "chars": [
        "\u80ea"
      ]
    },
    {
      "type": "bitmap",
      "file": "crazy_adventure:font/high_res/californium_nugget_9.png",
      "ascent": 7,
      "height": 16,
      "chars": [
        "\u80f4"
      ]
    },
    {
      "type": "bitmap",
      "file": "crazy_adventure:font/wiki_icons/crazy_adventure_californium_nugget.png",
      "ascent": 8,
      "height": 16,
      "chars": [
        "\u80f6"
      ]
    },
    {
      "type": "bitmap",
      "file": "crazy_adventure:font/wiki_icons/crazy_adventure_californium_block.png",
      "ascent": 8,
      "height": 16,
      "chars": [
        "\u80f9"
      ]
    },
    {
      "type": "bitmap",
      "file": "crazy_adventure:font/wiki_icons/crazy_adventure_californium_helmet.png",
      "ascent": 8,
      "height": 16,
      "chars": [
        "\u80fc"
      ]
    },
    {
      "type": "bitmap",
      "file": "crazy_adventure:font/wiki_icons/crazy_adventure_californium_chestplate.png",
      "ascent": 8,
      "height": 16,
      "chars": [
        "\u80ff"
      ]
    },
    {
      "type": "bitmap",
      "file": "crazy_adventure:font/wiki_icons/crazy_adventure_californium_leggings.png",
      "ascent": 8,
      "height": 16,
      "chars": [
        "\u8102"
      ]
    },
    {
      "type": "bitmap",
      "file": "crazy_adventure:font/wiki_icons/crazy_adventure_californium_boots.png",
      "ascent": 8,
      "height": 16,
      "chars": [
        "\u8105"
      ]
    },
    {
      "type": "bitmap",
      "file": "crazy_adventure:font/wiki_icons/crazy_adventure_californium_sword.png",
      "ascent": 8,
      "height": 16,
      "chars": [
        "\u8109"
      ]
    },
    {
      "type": "bitmap",
      "file": "crazy_adventure:font/wiki_icons/crazy_adventure_californium_pickaxe.png",
      "ascent": 8,
      "height": 16,
      "chars": [
        "\u810d"
      ]
    },
    {
      "type": "bitmap",
      "file": "crazy_adventure:font/wiki_icons/crazy_adventure_californium_axe.png",
      "ascent": 8,
      "height": 16,
      "chars": [
        "\u8111"
      ]
    },
    {
      "type": "bitmap",
      "file": "crazy_adventure:font/wiki_icons/crazy_adventure_californium_shovel.png",
      "ascent": 8,
      "height": 16,
      "chars": [
        "\u8115"
      ]
    },
    {
      "type": "bitmap",
      "file": "crazy_adventure:font/wiki_icons/crazy_adventure_californium_hoe.png",
      "ascent": 8,
      "height": 16,
      "chars": [
        "\u8119"
      ]
    },
    {
      "type": "bitmap",
      "file": "crazy_adventure:font/wiki_icons/crazy_adventure_californium_core.png",
      "ascent": 8,
      "height": 16,
      "chars": [
        "\u811d"
      ]
    },
    {
      "type": "bitmap",
      "file": "crazy_adventure:font/high_res/weathered_copper.png",
      "ascent": 7,
      "height": 16,
      "chars": [
        "\u8121"
      ]
    },
    {
      "type": "bitmap",
      "file": "crazy_adventure:font/wiki_icons/crazy_adventure_amazing_nuclear_reactor.png",
      "ascent": 8,
      "height": 16,
      "chars": [
        "\u8122"
      ]
    },
    {
      "type": "bitmap",
      "file": "crazy_adventure:font/wiki_icons/crazy_adventure_californium_ingot.png",
      "ascent": 8,
      "height": 16,
      "chars": [
        "\u813b"
      ]
    },
    {
      "type": "bitmap",
      "file": "crazy_adventure:font/wiki_icons/crazy_adventure_raw_californium.png",
      "ascent": 8,
      "height": 16,
      "chars": [
        "\u8140"
      ]
    },
    {
      "type": "bitmap",
      "file": "crazy_adventure:font/wiki_icons/crazy_adventure_californium_ingot.png",
      "ascent": 8,
      "height": 16,
      "chars": [
        "\u8143"
      ]
    },
    {
      "type": "bitmap",
      "file": "crazy_adventure:font/wiki_icons/crazy_adventure_californium_ingot.png",
      "ascent": 8,
      "height": 16,
      "chars": [
        "\u814a"
      ]
    },
    {
      "type": "bitmap",
      "file": "crazy_adventure:font/wiki_icons/crazy_adventure_raw_californium.png",
      "ascent": 8,
      "height": 16,
      "chars": [
        "\u814f"
      ]
    },
    {
      "type": "bitmap",
      "file": "crazy_adventure:font/wiki_icons/crazy_adventure_californium_ingot.png",
      "ascent": 8,
      "height": 16,
      "chars": [
        "\u8152"
      ]
    },
    {
      "type": "bitmap",
      "file": "crazy_adventure:font/wiki_icons/crazy_adventure_uranium_nugget.png",
      "ascent": 8,
      "height": 16,
      "chars": [
        "\u8159"
      ]
    },
    {
      "type": "bitmap",
      "file": "crazy_adventure:font/wiki_icons/crazy_adventure_uranium_nugget.png",
      "ascent": 8,
      "height": 16,
      "chars": [
        "\u8160"
      ]
    },
    {
      "type": "bitmap",
      "file": "crazy_adventure:font/wiki_icons/crazy_adventure_uranium_nugget.png",
      "ascent": 8,
      "height": 16,
      "chars": [
        "\u8167"
      ]
    },
    {
      "type": "bitmap",
      "file": "crazy_adventure:font/wiki_icons/crazy_adventure_uranium_nugget.png",
      "ascent": 8,
      "height": 16,
      "chars": [
        "\u816e"
      ]
    },
    {
      "type": "bitmap",
      "file": "crazy_adventure:font/wiki_icons/crazy_adventure_uranium_nugget.png",
      "ascent": 8,
      "height": 16,
      "chars": [
        "\u8177"
      ]
    },
    {
      "type": "bitmap",
      "file": "crazy_adventure:font/wiki_icons/crazy_adventure_uranium_nugget.png",
      "ascent": 8,
      "height": 16,
      "chars": [
        "\u8180"
      ]
    },
    {
      "type": "bitmap",
      "file": "crazy_adventure:font/wiki_icons/crazy_adventure_uranium_nugget.png",
      "ascent": 8,
      "height": 16,
      "chars": [
        "\u8189"
      ]
    },
    {
      "type": "bitmap",
      "file": "crazy_adventure:font/wiki_icons/crazy_adventure_uranium_nugget.png",
      "ascent": 8,
      "height": 16,
      "chars": [
        "\u8192"
      ]
    },
    {
      "type": "bitmap",
      "file": "crazy_adventure:font/wiki_icons/crazy_adventure_uranium_nugget.png",
      "ascent": 8,
      "height": 16,
      "chars": [
        "\u819b"
      ]
    },
    {
      "type": "bitmap",
      "file": "crazy_adventure:font/wiki_icons/crazy_adventure_californium_nugget.png",
      "ascent": 8,
      "height": 16,
      "chars": [
        "\u81a2"
      ]
    },
    {
      "type": "bitmap",
      "file": "crazy_adventure:font/wiki_icons/crazy_adventure_californium_nugget.png",
      "ascent": 8,
      "height": 16,
      "chars": [
        "\u81a9"
      ]
    },
    {
      "type": "bitmap",
      "file": "crazy_adventure:font/wiki_icons/crazy_adventure_californium_nugget.png",
      "ascent": 8,
      "height": 16,
      "chars": [
        "\u81b0"
      ]
    },
    {
      "type": "bitmap",
      "file": "crazy_adventure:font/wiki_icons/crazy_adventure_californium_nugget.png",
      "ascent": 8,
      "height": 16,
      "chars": [
        "\u81b7"
      ]
    },
    {
      "type": "bitmap",
      "file": "crazy_adventure:font/wiki_icons/crazy_adventure_californium_nugget.png",
      "ascent": 8,
      "height": 16,
      "chars": [
        "\u81c0"
      ]
    },
    {
      "type": "bitmap",
      "file": "crazy_adventure:font/wiki_icons/crazy_adventure_californium_nugget.png",
      "ascent": 8,
      "height": 16,
      "chars": [
        "\u81c9"
      ]
    },
    {
      "type": "bitmap",
      "file": "crazy_adventure:font/wiki_icons/crazy_adventure_ore_extractor_4.png",
      "ascent": 8,
      "height": 16,
      "chars": [
        "\u81cf"
      ]
    },
    {
      "type": "bitmap",
      "file": "crazy_adventure:font/wiki_icons/crazy_adventure_californium_nugget.png",
      "ascent": 8,
      "height": 16,
      "chars": [
        "\u81d8"
      ]
    },
    {
      "type": "bitmap",
      "file": "crazy_adventure:font/wiki_icons/crazy_adventure_californium_nugget.png",
      "ascent": 8,
      "height": 16,
      "chars": [
        "\u81e1"
      ]
    },
    {
      "type": "bitmap",
      "file": "crazy_adventure:font/wiki_icons/crazy_adventure_californium_nugget.png",
      "ascent": 8,
      "height": 16,
      "chars": [
        "\u81ea"
      ]
    },
    {
      "type": "bitmap",
      "file": "crazy_adventure:font/wiki_icons/crazy_adventure_californium_core.png",
      "ascent": 8,
      "height": 16,
      "chars": [
        "\u81fe"
      ]
    },
    {
      "type": "bitmap",
      "file": "crazy_adventure:font/wiki_icons/crazy_adventure_better_nuclear_reactor.png",
      "ascent": 8,
      "height": 16,
      "chars": [
        "\u8203"
      ]
    },
    {
      "type": "bitmap",
      "file": "crazy_adventure:font/high_res/iron_pickaxe.png",
      "ascent": 7,
      "height": 16,
      "chars": [
        "\u8206"
      ]
    },
    {
      "type": "bitmap",
      "file": "crazy_adventure:font/wiki_icons/crazy_adventure_ore_extractor_3.png",
      "ascent": 8,
      "height": 16,
      "chars": [
        "\u8209"
      ]
    },
    {
      "type": "bitmap",
      "file": "crazy_adventure:font/wiki_icons/crazy_adventure_incredible_nuclear_reactor.png",
      "ascent": 8,
      "height": 16,
      "chars": [
        "\u8214"
      ]
    },
    {
      "type": "bitmap",
      "file": "crazy_adventure:font/wiki_icons/crazy_adventure_better_nuclear_reactor.png",
      "ascent": 8,
      "height": 16,
      "chars": [
        "\u8221"
      ]
    },
    {
      "type": "bitmap",
      "file": "crazy_adventure:font/wiki_icons/crazy_adventure_amazing_nuclear_reactor.png",
      "ascent": 8,
      "height": 16,
      "chars": [
        "\u822e"
      ]
    },
    {
      "type": "bitmap",
      "file": "crazy_adventure:font/wiki_icons/crazy_adventure_incredible_nuclear_reactor.png",
      "ascent": 8,
      "height": 16,
      "chars": [
        "\u823b"
      ]
    },
    {
      "type": "bitmap",
      "file": "crazy_adventure:font/high_res/gold_block.png",
      "ascent": 7,
      "height": 16,
      "chars": [
        "\u8246"
      ]
    },
    {
      "type": "bitmap",
      "file": "crazy_adventure:font/high_res/coal_block.png",
      "ascent": 7,
      "height": 16,
      "chars": [
        "\u8247"
      ]
    },
    {
      "type": "bitmap",
      "file": "crazy_adventure:font/high_res/wooden_pickaxe.png",
      "ascent": 7,
      "height": 16,
      "chars": [
        "\u8248"
      ]
    },
    {
      "type": "bitmap",
      "file": "crazy_adventure:font/wiki_icons/crazy_adventure_ore_extractor_2.png",
      "ascent": 8,
      "height": 16,
      "chars": [
        "\u8255"
      ]
    },
    {
      "type": "bitmap",
      "file": "crazy_adventure:font/wiki_icons/crazy_adventure_ore_extractor_3.png",
      "ascent": 8,
      "height": 16,
      "chars": [
        "\u8265"
      ]
    },
    {
      "type": "bitmap",
      "file": "crazy_adventure:font/wiki_icons/crazy_adventure_ore_extractor_4.png",
      "ascent": 8,
      "height": 16,
      "chars": [
        "\u8275"
      ]
    },
    {
      "type": "bitmap",
      "file": "crazy_adventure:font/high_res/heavy_workbench.png",
      "ascent": 7,
      "height": 16,
      "chars": [
        "\u8280"
      ]
    },
    {
      "type": "bitmap",
      "file": "crazy_adventure:font/high_res/oak_log.png",
      "ascent": 7,
      "height": 16,
      "chars": [
        "\u8281"
      ]
    },
    {
      "type": "bitmap",
      "file": "crazy_adventure:font/high_res/crafting_table.png",
      "ascent": 7,
      "height": 16,
      "chars": [
        "\u8282"
      ]
    },
    {
      "type": "bitmap",
      "file": "crazy_adventure:font/high_res/smooth_stone.png",
      "ascent": 7,
      "height": 16,
      "chars": [
        "\u8283"
      ]
    },
    {
      "type": "bitmap",
      "file": "crazy_adventure:font/category/categories_page.png",
      "ascent": 1,
      "height": 131,
      "chars": [
        "\u1021"
      ]
    },
    {
      "type": "bitmap",
      "file": "crazy_adventure:font/page/_logo.png",
      "ascent": 0,
      "height": 40,
      "chars": [
        "\u1020"
      ]
    },
    {
      "type": "bitmap",
      "file": "crazy_adventure:font/none.png",
      "ascent": 8,
      "height": 20,
      "chars": [
        " "
      ]
    },
    {
      "type": "bitmap",
      "file": "crazy_adventure:font/none.png",
      "ascent": 8,
      "height": 18,
      "chars": [
        "!"
      ]
    },
    {
      "type": "bitmap",
      "file": "crazy_adventure:font/none.png",
      "ascent": 7,
      "height": 7,
      "chars": [
        "\""
      ]
    },
    {
      "type": "bitmap",
      "file": "crazy_adventure:font/none.png",
      "ascent": 0,
      "height": 2,
      "chars": [
        "#"
      ]
    },
    {
      "type": "bitmap",
      "file": "crazy_adventure:font/none.png",
      "ascent": 0,
      "height": 1,
      "chars": [
        "$"
      ]
    },
    {
      "type": "bitmap",
      "file": "crazy_adventure:font/none.png",
      "ascent": 7,
      "height": 16,
      "chars": [
        "0"
      ]
    },
    {
      "type": "bitmap",
      "file": "crazy_adventure:font/invisible_item.png",
      "ascent": 7,
      "height": 16,
      "chars": [
        "U"
      ]
    },
    {
      "type": "bitmap",
      "file": "crazy_adventure:font/wiki_information.png",
      "ascent": 8,
      "height": 16,
      "chars": [
        "1"
      ]
    },
    {
      "type": "bitmap",
      "file": "crazy_adventure:font/wiki_result_of_craft.png",
      "ascent": 8,
      "height": 16,
      "chars": [
        "2"
      ]
    },
    {
      "type": "bitmap",
      "file": "crazy_adventure:font/wiki_ingredient_of_craft.png",
      "ascent": 8,
      "height": 16,
      "chars": [
        "3"
      ]
    },
    {
      "type": "bitmap",
      "file": "crazy_adventure:font/shaped_3x3.png",
      "ascent": 1,
      "height": 58,
      "chars": [
        "6"
      ]
    },
    {
      "type": "bitmap",
      "file": "crazy_adventure:font/shaped_2x2.png",
      "ascent": 1,
      "height": 58,
      "chars": [
        "5"
      ]
    },
    {
      "type": "bitmap",
      "file": "crazy_adventure:font/furnace.png",
      "ascent": 1,
      "height": 58,
      "chars": [
        "7"
      ]
    },
    {
      "type": "bitmap",
      "file": "crazy_adventure:font/stonecutting.png",
      "ascent": 4,
      "height": 58,
      "chars": [
        "8"
      ]
    },
    {
      "type": "bitmap",
      "file": "crazy_adventure:font/pulverizing.png",
      "ascent": 4,
      "height": 58,
      "chars": [
        "9"
      ]
    },
    {
      "type": "bitmap",
      "file": "crazy_adventure:font/mining.png",
      "ascent": 4,
      "height": 58,
      "chars": [
        "@"
      ]
    },
    {
      "type": "bitmap",
      "file": "crazy_adventure:font/shaped_3x3.png",
      "ascent": -4,
      "height": 58,
      "chars": [
        "F"
      ]
    },
    {
      "type": "bitmap",
      "file": "crazy_adventure:font/shaped_2x2.png",
      "ascent": -2,
      "height": 58,
      "chars": [
        "E"
      ]
    },
    {
      "type": "bitmap",
      "file": "crazy_adventure:font/furnace.png",
      "ascent": -3,
      "height": 58,
      "chars": [
        "G"
      ]
    },
    {
      "type": "bitmap",
      "file": "crazy_adventure:font/stonecutting.png",
      "ascent": -3,
      "height": 58,
      "chars": [
        "H"
      ]
    },
    {
      "type": "bitmap",
      "file": "crazy_adventure:font/pulverizing.png",
      "ascent": -3,
      "height": 58,
      "chars": [
        "I"
      ]
    },
    {
      "type": "bitmap",
      "file": "crazy_adventure:font/mining.png",
      "ascent": -3,
      "height": 58,
      "chars": [
        "P"
      ]
    },
    {
      "type": "bitmap",
      "file": "crazy_adventure:font/book.png",
      "ascent": 25,
      "height": 300,
      "chars": [
        "V"
      ]
    }
  ]
}
