{
  "providers": [
    {
      "type": "bitmap",
      "file": "crazy_adventure:font/category/material.png",
      "ascent": 1,
      "height": 131,
      "chars": [
        "\u1023"
      ]
    },
    {
      "type": "bitmap",
      "file": "crazy_adventure:font/high_res/uranium_ingot.png",
      "ascent": 7,
      "height": 16,
      "chars": [
        "\u8021"
      ]
    },
    {
      "type": "bitmap",
      "file": "crazy_adventure:font/high_res/uranium_nugget.png",
      "ascent": 7,
      "height": 16,
      "chars": [
        "\u8023"
      ]
    },
    {
      "type": "bitmap",
      "file": "crazy_adventure:font/high_res/raw_uranium.png",
      "ascent": 7,
      "height": 16,
      "chars": [
        "\u8025"
      ]
    },
    {
      "type": "bitmap",
      "file": "crazy_adventure:font/high_res/uranium_block.png",
      "ascent": 7,
      "height": 16,
      "chars": [
        "\u8027"
      ]
    },
    {
      "type": "bitmap",
      "file": "crazy_adventure:font/high_res/uranium_ore.png",
      "ascent": 7,
      "height": 16,
      "chars": [
        "\u8029"
      ]
    },
    {
      "type": "bitmap",
      "file": "crazy_adventure:font/high_res/californium_ingot.png",
      "ascent": 7,
      "height": 16,
      "chars": [
        "\u802b"
      ]
    },
    {
      "type": "bitmap",
      "file": "crazy_adventure:font/high_res/californium_nugget.png",
      "ascent": 7,
      "height": 16,
      "chars": [
        "\u802d"
      ]
    },
    {
      "type": "bitmap",
      "file": "crazy_adventure:font/high_res/raw_californium.png",
      "ascent": 7,
      "height": 16,
      "chars": [
        "\u802f"
      ]
    },
    {
      "type": "bitmap",
      "file": "crazy_adventure:font/high_res/californium_block.png",
      "ascent": 7,
      "height": 16,
      "chars": [
        "\u8031"
      ]
    },
    {
      "type": "bitmap",
      "file": "crazy_adventure:font/high_res/californium_ore.png",
      "ascent": 7,
      "height": 16,
      "chars": [
        "\u8033"
      ]
    },
    {
      "type": "bitmap",
      "file": "crazy_adventure:font/category/equipment.png",
      "ascent": 1,
      "height": 131,
      "chars": [
        "\u1024"
      ]
    },
    {
      "type": "bitmap",
      "file": "crazy_adventure:font/high_res/uranium_helmet.png",
      "ascent": 7,
      "height": 16,
      "chars": [
        "\u8035"
      ]
    },
    {
      "type": "bitmap",
      "file": "crazy_adventure:font/high_res/uranium_chestplate.png",
      "ascent": 7,
      "height": 16,
      "chars": [
        "\u8037"
      ]
    },
    {
      "type": "bitmap",
      "file": "crazy_adventure:font/high_res/uranium_leggings.png",
      "ascent": 7,
      "height": 16,
      "chars": [
        "\u8039"
      ]
    },
    {
      "type": "bitmap",
      "file": "crazy_adventure:font/high_res/uranium_boots.png",
      "ascent": 7,
      "height": 16,
      "chars": [
        "\u803b"
      ]
    },
    {
      "type": "bitmap",
      "file": "crazy_adventure:font/high_res/uranium_sword.png",
      "ascent": 7,
      "height": 16,
      "chars": [
        "\u803d"
      ]
    },
    {
      "type": "bitmap",
      "file": "crazy_adventure:font/high_res/uranium_pickaxe.png",
      "ascent": 7,
      "height": 16,
      "chars": [
        "\u803f"
      ]
    },
    {
      "type": "bitmap",
      "file": "crazy_adventure:font/high_res/uranium_axe.png",
      "ascent": 7,
      "height": 16,
      "chars": [
        "\u8041"
      ]
    },
    {
      "type": "bitmap",
      "file": "crazy_adventure:font/high_res/uranium_shovel.png",
      "ascent": 7,
      "height": 16,
      "chars": [
        "\u8043"
      ]
    },
    {
      "type": "bitmap",
      "file": "crazy_adventure:font/high_res/uranium_hoe.png",
      "ascent": 7,
      "height": 16,
      "chars": [
        "\u8045"
      ]
    },
    {
      "type": "bitmap",
      "file": "crazy_adventure:font/high_res/californium_helmet.png",
      "ascent": 7,
      "height": 16,
      "chars": [
        "\u8047"
      ]
    },
    {
      "type": "bitmap",
      "file": "crazy_adventure:font/high_res/californium_chestplate.png",
      "ascent": 7,
      "height": 16,
      "chars": [
        "\u8049"
      ]
    },
    {
      "type": "bitmap",
      "file": "crazy_adventure:font/high_res/californium_leggings.png",
      "ascent": 7,
      "height": 16,
      "chars": [
        "\u804b"
      ]
    },
    {
      "type": "bitmap",
      "file": "crazy_adventure:font/high_res/californium_boots.png",
      "ascent": 7,
      "height": 16,
      "chars": [
        "\u804d"
      ]
    },
    {
      "type": "bitmap",
      "file": "crazy_adventure:font/high_res/californium_sword.png",
      "ascent": 7,
      "height": 16,
      "chars": [
        "\u804f"
      ]
    },
    {
      "type": "bitmap",
      "file": "crazy_adventure:font/high_res/californium_pickaxe.png",
      "ascent": 7,
      "height": 16,
      "chars": [
        "\u8051"
      ]
    },
    {
      "type": "bitmap",
      "file": "crazy_adventure:font/high_res/californium_axe.png",
      "ascent": 7,
      "height": 16,
      "chars": [
        "\u8053"
      ]
    },
    {
      "type": "bitmap",
      "file": "crazy_adventure:font/high_res/californium_shovel.png",
      "ascent": 7,
      "height": 16,
      "chars": [
        "\u8055"
      ]
    },
    {
      "type": "bitmap",
      "file": "crazy_adventure:font/high_res/californium_hoe.png",
      "ascent": 7,
      "height": 16,
      "chars": [
        "\u8057"
      ]
    },
    {
      "type": "bitmap",
      "file": "crazy_adventure:font/category/miscellaneous.png",
      "ascent": 1,
      "height": 131,
      "chars": [
        "\u1025"
      ]
    },
    {
      "type": "bitmap",
      "file": "crazy_adventure:font/high_res/manual.png",
      "ascent": 7,
      "height": 16,
      "chars": [
        "\u8059"
      ]
    },
    {
      "type": "bitmap",
      "file": "crazy_adventure:font/high_res/geiger_counter.png",
      "ascent": 7,
      "height": 16,
      "chars": [
        "\u805b"
      ]
    },
    {
      "type": "bitmap",
      "file": "crazy_adventure:font/high_res/uranium_ingot_9.png",
      "ascent": 7,
      "height": 16,
      "chars": [
        "\u805d"
      ]
    },
    {
      "type": "bitmap",
      "file": "crazy_adventure:font/high_res/uranium_nugget_9.png",
      "ascent": 7,
      "height": 16,
      "chars": [
        "\u8067"
      ]
    },
    {
      "type": "bitmap",
      "file": "crazy_adventure:font/wiki_icons/crazy_adventure_uranium_nugget.png",
      "ascent": 8,
      "height": 16,
      "chars": [
        "\u8069"
      ]
    },
    {
      "type": "bitmap",
      "file": "crazy_adventure:font/wiki_icons/crazy_adventure_uranium_block.png",
      "ascent": 8,
      "height": 16,
      "chars": [
        "\u806c"
      ]
    },
    {
      "type": "bitmap",
      "file": "crazy_adventure:font/wiki_icons/crazy_adventure_uranium_helmet.png",
      "ascent": 8,
      "height": 16,
      "chars": [
        "\u806f"
      ]
    },
    {
      "type": "bitmap",
      "file": "crazy_adventure:font/wiki_icons/crazy_adventure_uranium_chestplate.png",
      "ascent": 8,
      "height": 16,
      "chars": [
        "\u8072"
      ]
    },
    {
      "type": "bitmap",
      "file": "crazy_adventure:font/wiki_icons/crazy_adventure_uranium_leggings.png",
      "ascent": 8,
      "height": 16,
      "chars": [
        "\u8075"
      ]
    },
    {
      "type": "bitmap",
      "file": "crazy_adventure:font/wiki_icons/crazy_adventure_uranium_boots.png",
      "ascent": 8,
      "height": 16,
      "chars": [
        "\u8078"
      ]
    },
    {
      "type": "bitmap",
      "file": "crazy_adventure:font/high_res/stick.png",
      "ascent": 7,
      "height": 16,
      "chars": [
        "\u807b"
      ]
    },
    {
      "type": "bitmap",
      "file": "crazy_adventure:font/wiki_icons/crazy_adventure_uranium_sword.png",
      "ascent": 8,
      "height": 16,
      "chars": [
        "\u807c"
      ]
    },
    {
      "type": "bitmap",
      "file": "crazy_adventure:font/wiki_icons/crazy_adventure_uranium_pickaxe.png",
      "ascent": 8,
      "height": 16,
      "chars": [
        "\u8080"
      ]
    },
    {
      "type": "bitmap",
      "file": "crazy_adventure:font/wiki_icons/crazy_adventure_uranium_axe.png",
      "ascent": 8,
      "height": 16,
      "chars": [
        "\u8084"
      ]
    },
    {
      "type": "bitmap",
      "file": "crazy_adventure:font/wiki_icons/crazy_adventure_uranium_shovel.png",
      "ascent": 8,
      "height": 16,
      "chars": [
        "\u8088"
      ]
    },
    {
      "type": "bitmap",
      "file": "crazy_adventure:font/wiki_icons/crazy_adventure_uranium_hoe.png",
      "ascent": 8,
      "height": 16,
      "chars": [
        "\u808c"
      ]
    },
    {
      "type": "bitmap",
      "file": "crazy_adventure:font/high_res/copper_ingot.png",
      "ascent": 7,
      "height": 16,
      "chars": [
        "\u808f"
      ]
    },
    {
      "type": "bitmap",
      "file": "crazy_adventure:font/wiki_icons/crazy_adventure_geiger_counter.png",
      "ascent": 8,
      "height": 16,
      "chars": [
        "\u8090"
      ]
    },
    {
      "type": "bitmap",
      "file": "crazy_adventure:font/wiki_icons/crazy_adventure_uranium_ingot.png",
      "ascent": 8,
      "height": 16,
      "chars": [
        "\u80a9"
      ]
    },
    {
      "type": "bitmap",
      "file": "crazy_adventure:font/wiki_icons/crazy_adventure_raw_uranium.png",
      "ascent": 8,
      "height": 16,
      "chars": [
        "\u80ae"
      ]
    },
    {
      "type": "bitmap",
      "file": "crazy_adventure:font/wiki_icons/crazy_adventure_uranium_ingot.png",
      "ascent": 8,
      "height": 16,
      "chars": [
        "\u80b1"
      ]
    },
    {
      "type": "bitmap",
      "file": "crazy_adventure:font/wiki_icons/crazy_adventure_uranium_ingot.png",
      "ascent": 8,
      "height": 16,
      "chars": [
        "\u80b8"
      ]
    },
    {
      "type": "bitmap",
      "file": "crazy_adventure:font/wiki_icons/crazy_adventure_raw_uranium.png",
      "ascent": 8,
      "height": 16,
      "chars": [
        "\u80bd"
      ]
    },
    {
      "type": "bitmap",
      "file": "crazy_adventure:font/wiki_icons/crazy_adventure_uranium_ingot.png",
      "ascent": 8,
      "height": 16,
      "chars": [
        "\u80c0"
      ]
    },
    {
      "type": "bitmap",
      "file": "crazy_adventure:font/high_res/californium_ingot_9.png",
      "ascent": 7,
      "height": 16,
      "chars": [
        "\u80c1"
      ]
    },
    {
      "type": "bitmap",
      "file": "crazy_adventure:font/high_res/californium_nugget_9.png",
      "ascent": 7,
      "height": 16,
      "chars": [
        "\u80cb"
      ]
    },
    {
      "type": "bitmap",
      "file": "crazy_adventure:font/wiki_icons/crazy_adventure_californium_nugget.png",
      "ascent": 8,
      "height": 16,
      "chars": [
        "\u80cd"
      ]
    },
    {
      "type": "bitmap",
      "file": "crazy_adventure:font/wiki_icons/crazy_adventure_californium_block.png",
      "ascent": 8,
      "height": 16,
      "chars": [
        "\u80d0"
      ]
    },
    {
      "type": "bitmap",
      "file": "crazy_adventure:font/wiki_icons/crazy_adventure_californium_helmet.png",
      "ascent": 8,
      "height": 16,
      "chars": [
        "\u80d3"
      ]
    },
    {
      "type": "bitmap",
      "file": "crazy_adventure:font/wiki_icons/crazy_adventure_californium_chestplate.png",
      "ascent": 8,
      "height": 16,
      "chars": [
        "\u80d6"
      ]
    },
    {
      "type": "bitmap",
      "file": "crazy_adventure:font/wiki_icons/crazy_adventure_californium_leggings.png",
      "ascent": 8,
      "height": 16,
      "chars": [
        "\u80d9"
      ]
    },
    {
      "type": "bitmap",
      "file": "crazy_adventure:font/wiki_icons/crazy_adventure_californium_boots.png",
      "ascent": 8,
      "height": 16,
      "chars": [
        "\u80dc"
      ]
    },
    {
      "type": "bitmap",
      "file": "crazy_adventure:font/wiki_icons/crazy_adventure_californium_sword.png",
      "ascent": 8,
      "height": 16,
      "chars": [
        "\u80e0"
      ]
    },
    {
      "type": "bitmap",
      "file": "crazy_adventure:font/wiki_icons/crazy_adventure_californium_pickaxe.png",
      "ascent": 8,
      "height": 16,
      "chars": [
        "\u80e4"
      ]
    },
    {
      "type": "bitmap",
      "file": "crazy_adventure:font/wiki_icons/crazy_adventure_californium_axe.png",
      "ascent": 8,
      "height": 16,
      "chars": [
        "\u80e8"
      ]
    },
    {
      "type": "bitmap",
      "file": "crazy_adventure:font/wiki_icons/crazy_adventure_californium_shovel.png",
      "ascent": 8,
      "height": 16,
      "chars": [
        "\u80ec"
      ]
    },
    {
      "type": "bitmap",
      "file": "crazy_adventure:font/wiki_icons/crazy_adventure_californium_hoe.png",
      "ascent": 8,
      "height": 16,
      "chars": [
        "\u80f0"
      ]
    },
    {
      "type": "bitmap",
      "file": "crazy_adventure:font/wiki_icons/crazy_adventure_californium_ingot.png",
      "ascent": 8,
      "height": 16,
      "chars": [
        "\u8109"
      ]
    },
    {
      "type": "bitmap",
      "file": "crazy_adventure:font/wiki_icons/crazy_adventure_raw_californium.png",
      "ascent": 8,
      "height": 16,
      "chars": [
        "\u810e"
      ]
    },
    {
      "type": "bitmap",
      "file": "crazy_adventure:font/wiki_icons/crazy_adventure_californium_ingot.png",
      "ascent": 8,
      "height": 16,
      "chars": [
        "\u8111"
      ]
    },
    {
      "type": "bitmap",
      "file": "crazy_adventure:font/wiki_icons/crazy_adventure_californium_ingot.png",
      "ascent": 8,
      "height": 16,
      "chars": [
        "\u8118"
      ]
    },
    {
      "type": "bitmap",
      "file": "crazy_adventure:font/wiki_icons/crazy_adventure_raw_californium.png",
      "ascent": 8,
      "height": 16,
      "chars": [
        "\u811d"
      ]
    },
    {
      "type": "bitmap",
      "file": "crazy_adventure:font/wiki_icons/crazy_adventure_californium_ingot.png",
      "ascent": 8,
      "height": 16,
      "chars": [
        "\u8120"
      ]
    },
    {
      "type": "bitmap",
      "file": "crazy_adventure:font/wiki_icons/crazy_adventure_uranium_nugget.png",
      "ascent": 8,
      "height": 16,
      "chars": [
        "\u8127"
      ]
    },
    {
      "type": "bitmap",
      "file": "crazy_adventure:font/wiki_icons/crazy_adventure_uranium_nugget.png",
      "ascent": 8,
      "height": 16,
      "chars": [
        "\u812e"
      ]
    },
    {
      "type": "bitmap",
      "file": "crazy_adventure:font/wiki_icons/crazy_adventure_uranium_nugget.png",
      "ascent": 8,
      "height": 16,
      "chars": [
        "\u8135"
      ]
    },
    {
      "type": "bitmap",
      "file": "crazy_adventure:font/wiki_icons/crazy_adventure_uranium_nugget.png",
      "ascent": 8,
      "height": 16,
      "chars": [
        "\u813c"
      ]
    },
    {
      "type": "bitmap",
      "file": "crazy_adventure:font/wiki_icons/crazy_adventure_uranium_nugget.png",
      "ascent": 8,
      "height": 16,
      "chars": [
        "\u8145"
      ]
    },
    {
      "type": "bitmap",
      "file": "crazy_adventure:font/wiki_icons/crazy_adventure_uranium_nugget.png",
      "ascent": 8,
      "height": 16,
      "chars": [
        "\u814e"
      ]
    },
    {
      "type": "bitmap",
      "file": "crazy_adventure:font/wiki_icons/crazy_adventure_uranium_nugget.png",
      "ascent": 8,
      "height": 16,
      "chars": [
        "\u8157"
      ]
    },
    {
      "type": "bitmap",
      "file": "crazy_adventure:font/wiki_icons/crazy_adventure_uranium_nugget.png",
      "ascent": 8,
      "height": 16,
      "chars": [
        "\u8160"
      ]
    },
    {
      "type": "bitmap",
      "file": "crazy_adventure:font/wiki_icons/crazy_adventure_uranium_nugget.png",
      "ascent": 8,
      "height": 16,
      "chars": [
        "\u8169"
      ]
    },
    {
      "type": "bitmap",
      "file": "crazy_adventure:font/wiki_icons/crazy_adventure_californium_nugget.png",
      "ascent": 8,
      "height": 16,
      "chars": [
        "\u8170"
      ]
    },
    {
      "type": "bitmap",
      "file": "crazy_adventure:font/wiki_icons/crazy_adventure_californium_nugget.png",
      "ascent": 8,
      "height": 16,
      "chars": [
        "\u8177"
      ]
    },
    {
      "type": "bitmap",
      "file": "crazy_adventure:font/wiki_icons/crazy_adventure_californium_nugget.png",
      "ascent": 8,
      "height": 16,
      "chars": [
        "\u817e"
      ]
    },
    {
      "type": "bitmap",
      "file": "crazy_adventure:font/wiki_icons/crazy_adventure_californium_nugget.png",
      "ascent": 8,
      "height": 16,
      "chars": [
        "\u8185"
      ]
    },
    {
      "type": "bitmap",
      "file": "crazy_adventure:font/wiki_icons/crazy_adventure_californium_nugget.png",
      "ascent": 8,
      "height": 16,
      "chars": [
        "\u818e"
      ]
    },
    {
      "type": "bitmap",
      "file": "crazy_adventure:font/wiki_icons/crazy_adventure_californium_nugget.png",
      "ascent": 8,
      "height": 16,
      "chars": [
        "\u8197"
      ]
    },
    {
      "type": "bitmap",
      "file": "crazy_adventure:font/wiki_icons/crazy_adventure_californium_nugget.png",
      "ascent": 8,
      "height": 16,
      "chars": [
        "\u81a0"
      ]
    },
    {
      "type": "bitmap",
      "file": "crazy_adventure:font/wiki_icons/crazy_adventure_californium_nugget.png",
      "ascent": 8,
      "height": 16,
      "chars": [
        "\u81a9"
      ]
    },
    {
      "type": "bitmap",
      "file": "crazy_adventure:font/wiki_icons/crazy_adventure_californium_nugget.png",
      "ascent": 8,
      "height": 16,
      "chars": [
        "\u81b2"
      ]
    },
    {
      "type": "bitmap",
      "file": "crazy_adventure:font/high_res/heavy_workbench.png",
      "ascent": 7,
      "height": 16,
      "chars": [
        "\u81bd"
      ]
    },
    {
      "type": "bitmap",
      "file": "crazy_adventure:font/high_res/oak_log.png",
      "ascent": 7,
      "height": 16,
      "chars": [
        "\u81be"
      ]
    },
    {
      "type": "bitmap",
      "file": "crazy_adventure:font/high_res/crafting_table.png",
      "ascent": 7,
      "height": 16,
      "chars": [
        "\u81bf"
      ]
    },
    {
      "type": "bitmap",
      "file": "crazy_adventure:font/high_res/smooth_stone.png",
      "ascent": 7,
      "height": 16,
      "chars": [
        "\u81c0"
      ]
    },
    {
      "type": "bitmap",
      "file": "crazy_adventure:font/category/categories_page.png",
      "ascent": 1,
      "height": 131,
      "chars": [
        "\u1021"
      ]
    },
    {
      "type": "bitmap",
      "file": "crazy_adventure:font/page/_logo.png",
      "ascent": 0,
      "height": 40,
      "chars": [
        "\u1020"
      ]
    },
    {
      "type": "bitmap",
      "file": "crazy_adventure:font/none.png",
      "ascent": 8,
      "height": 20,
      "chars": [
        " "
      ]
    },
    {
      "type": "bitmap",
      "file": "crazy_adventure:font/none.png",
      "ascent": 8,
      "height": 18,
      "chars": [
        "!"
      ]
    },
    {
      "type": "bitmap",
      "file": "crazy_adventure:font/none.png",
      "ascent": 7,
      "height": 7,
      "chars": [
        "\""
      ]
    },
    {
      "type": "bitmap",
      "file": "crazy_adventure:font/none.png",
      "ascent": 0,
      "height": 2,
      "chars": [
        "#"
      ]
    },
    {
      "type": "bitmap",
      "file": "crazy_adventure:font/none.png",
      "ascent": 0,
      "height": 1,
      "chars": [
        "$"
      ]
    },
    {
      "type": "bitmap",
      "file": "crazy_adventure:font/none.png",
      "ascent": 7,
      "height": 16,
      "chars": [
        "0"
      ]
    },
    {
      "type": "bitmap",
      "file": "crazy_adventure:font/invisible_item.png",
      "ascent": 7,
      "height": 16,
      "chars": [
        "U"
      ]
    },
    {
      "type": "bitmap",
      "file": "crazy_adventure:font/wiki_information.png",
      "ascent": 8,
      "height": 16,
      "chars": [
        "1"
      ]
    },
    {
      "type": "bitmap",
      "file": "crazy_adventure:font/wiki_result_of_craft.png",
      "ascent": 8,
      "height": 16,
      "chars": [
        "2"
      ]
    },
    {
      "type": "bitmap",
      "file": "crazy_adventure:font/wiki_ingredient_of_craft.png",
      "ascent": 8,
      "height": 16,
      "chars": [
        "3"
      ]
    },
    {
      "type": "bitmap",
      "file": "crazy_adventure:font/shaped_3x3.png",
      "ascent": 1,
      "height": 58,
      "chars": [
        "6"
      ]
    },
    {
      "type": "bitmap",
      "file": "crazy_adventure:font/shaped_2x2.png",
      "ascent": 1,
      "height": 58,
      "chars": [
        "5"
      ]
    },
    {
      "type": "bitmap",
      "file": "crazy_adventure:font/furnace.png",
      "ascent": 1,
      "height": 58,
      "chars": [
        "7"
      ]
    },
    {
      "type": "bitmap",
      "file": "crazy_adventure:font/stonecutting.png",
      "ascent": 4,
      "height": 58,
      "chars": [
        "8"
      ]
    },
    {
      "type": "bitmap",
      "file": "crazy_adventure:font/pulverizing.png",
      "ascent": 4,
      "height": 58,
      "chars": [
        "9"
      ]
    },
    {
      "type": "bitmap",
      "file": "crazy_adventure:font/mining.png",
      "ascent": 4,
      "height": 58,
      "chars": [
        "@"
      ]
    },
    {
      "type": "bitmap",
      "file": "crazy_adventure:font/shaped_3x3.png",
      "ascent": -4,
      "height": 58,
      "chars": [
        "F"
      ]
    },
    {
      "type": "bitmap",
      "file": "crazy_adventure:font/shaped_2x2.png",
      "ascent": -2,
      "height": 58,
      "chars": [
        "E"
      ]
    },
    {
      "type": "bitmap",
      "file": "crazy_adventure:font/furnace.png",
      "ascent": -3,
      "height": 58,
      "chars": [
        "G"
      ]
    },
    {
      "type": "bitmap",
      "file": "crazy_adventure:font/stonecutting.png",
      "ascent": -3,
      "height": 58,
      "chars": [
        "H"
      ]
    },
    {
      "type": "bitmap",
      "file": "crazy_adventure:font/pulverizing.png",
      "ascent": -3,
      "height": 58,
      "chars": [
        "I"
      ]
    },
    {
      "type": "bitmap",
      "file": "crazy_adventure:font/mining.png",
      "ascent": -3,
      "height": 58,
      "chars": [
        "P"
      ]
    },
    {
      "type": "bitmap",
      "file": "crazy_adventure:font/book.png",
      "ascent": 25,
      "height": 300,
      "chars": [
        "V"
      ]
    }
  ]
}
