{
	"pools": [
		{
			"rolls": 1,
			"entries": [
				{
					"type": "minecraft:item",
					"name": "minecraft:written_book",
					"functions": [
						{
							"function": "minecraft:set_components",
							"components": {
								"minecraft:item_model": "crazy_adventure:manual",
								"minecraft:item_name": "Crazy Adventure Manual",
								"minecraft:enchantment_glint_override": false,
								"minecraft:max_stack_size": 16,
								"minecraft:lore": [
									{
										"translate": "crazy_adventure.by_arobaze",
										"color": "gray",
										"italic": false
									},
									[
										"",
										{"text": "I","color": "white","italic": false,"font": "crazy_adventure:icons"},
										{"translate": "crazy_adventure.crazy","color": "green"},
										{"translate": "crazy_adventure.adventure","color": "gray"}
									]
								],
								"minecraft:custom_data": {
									"crazy_adventure": {
										"manual": true
									},
									"smithed": {
										"ignore": {"functionality": true,"crafting": true}
									}
								}
							}
						}
					]
				}
			]
		}
	]
}
