{
	"pools": [
		{
			"rolls": 1,
			"entries": [
				{
					"type": "minecraft:item",
					"name": "minecraft:furnace",
					"functions": [
						{
							"function": "minecraft:set_components",
							"components": {
								"minecraft:custom_data": {
									"energy": {
										"usage": 100,
										"max_storage": 3000
									},
									"crazy_adventure": {
										"ore_extractor_3": true
									},
									"smithed": {
										"ignore": {"functionality": true,"crafting": true}
									}
								},
								"minecraft:item_model": "crazy_adventure:ore_extractor_3",
								"minecraft:item_name": {
									"translate": "crazy_adventure.ore_extractor_3"
								},
								"minecraft:lore": [
									[
										"",
										{"text": "I","color": "white","italic": false,"font": "crazy_adventure:icons"},
										{"translate": "crazy_adventure.crazy","color": "green"},
										{"translate": "crazy_adventure.adventure","color": "gray"}
									]
								],
								"minecraft:container": [
									{
										"slot": 0,
										"item": {"id": "minecraft:stone","count": 1,"components": {"minecraft:custom_data": {"smithed": {"block": {"id": "crazy_adventure:ore_extractor_3","from": "crazy_adventure"}}}}}
									}
								],
								"minecraft:tooltip_display": {
									"hidden_components": [
										"minecraft:container"
									]
								}
							}
						}
					]
				}
			]
		}
	]
}
