{
	"pools": [
		{
			"rolls": 1,
			"entries": [
				{
					"type": "minecraft:item",
					"name": "minecraft:golden_apple",
					"functions": [
						{
							"function": "minecraft:set_components",
							"components": {
								"minecraft:lore": [
									{
										"translate": "crazy_adventure.gives_1_000bq_to_your_body",
										"italic": false,
										"color": "gray"
									},
									{
										"translate": "crazy_adventure.gives_resistance_2_effect_for_60_seconds",
										"italic": false,
										"color": "gray"
									},
									{
										"translate": "crazy_adventure.gives_wither_1_effect_for_90_seconds",
										"italic": false,
										"color": "gray"
									},
									[
										"",
										{"text": "I","color": "white","italic": false,"font": "crazy_adventure:icons"},
										{"translate": "crazy_adventure.crazy","color": "green"},
										{"translate": "crazy_adventure.adventure","color": "gray"}
									]
								],
								"minecraft:item_model": "crazy_adventure:uranium_apple",
								"minecraft:item_name": {
									"translate": "crazy_adventure.uranium_apple"
								},
								"minecraft:custom_data": {
									"crazy_adventure": {
										"uranium_apple": true
									},
									"smithed": {
										"ignore": {"functionality": true,"crafting": true}
									}
								}
							}
						}
					]
				}
			]
		}
	]
}
