{
	"pools": [
		{
			"rolls": 1,
			"entries": [
				{
					"type": "minecraft:item",
					"name": "minecraft:warped_fungus_on_a_stick",
					"functions": [
						{
							"function": "minecraft:set_components",
							"components": {
								"minecraft:tooltip_display": {
									"hidden_components": [
										"minecraft:unbreakable"
									]
								},
								"minecraft:item_model": "crazy_adventure:uranium_core",
								"minecraft:item_name": {
									"translate": "crazy_adventure.uranium_core"
								},
								"minecraft:lore": [
									[
										"",
										{"text": "I","color": "white","italic": false,"font": "crazy_adventure:icons"},
										{"translate": "crazy_adventure.crazy","color": "green"},
										{"translate": "crazy_adventure.adventure","color": "gray"}
									]
								],
								"minecraft:custom_data": {
									"crazy_adventure": {
										"uranium_core": true
									},
									"smithed": {
										"ignore": {"functionality": true,"crafting": true}
									}
								}
							}
						}
					]
				}
			]
		}
	]
}
