{
	"pools": [
		{
			"rolls": 1,
			"entries": [
				{
					"type": "minecraft:item",
					"name": "minecraft:diamond_sword",
					"functions": [
						{
							"function": "minecraft:set_components",
							"components": {
								"minecraft:custom_data": {
									"smithed": {
										"dict": {"tools": {"californium": true,"sword": true}},
										"ignore": {"functionality": true,"crafting": true}
									},
									"crazy_adventure": {
										"californium_sword": true
									}
								},
								"minecraft:max_damage": 3122,
								"minecraft:attribute_modifiers": [
									{
										"type": "attack_damage",
										"amount": 8,
										"operation": "add_value",
										"slot": "mainhand",
										"id": "minecraft:base_attack_damage"
									},
									{
										"type": "attack_speed",
										"amount": -2.4,
										"operation": "add_value",
										"slot": "mainhand",
										"id": "minecraft:base_attack_speed"
									}
								],
								"minecraft:item_model": "crazy_adventure:californium_sword",
								"minecraft:item_name": {
									"translate": "crazy_adventure.californium_sword"
								},
								"minecraft:lore": [
									[
										"",
										{"text": "I","color": "white","italic": false,"font": "crazy_adventure:icons"},
										{"translate": "crazy_adventure","italic": true,"color": "blue"}
									]
								]
							}
						}
					]
				}
			]
		}
	]
}
