{
	"pools": [
		{
			"rolls": 1,
			"entries": [
				{
					"type": "minecraft:item",
					"name": "minecraft:command_block",
					"functions": [
						{
							"function": "minecraft:set_components",
							"components": {
								"minecraft:custom_data": {
									"smithed": {
										"dict": {"ingot": {"uranium": true}},
										"ignore": {"functionality": true,"crafting": true}
									},
									"crazy_adventure": {
										"uranium_ingot": true
									}
								},
								"minecraft:item_model": "crazy_adventure:uranium_ingot",
								"minecraft:item_name": {
									"translate": "crazy_adventure.uranium_ingot"
								},
								"minecraft:lore": [
									[
										"",
										{"text": "I","color": "white","italic": false,"font": "crazy_adventure:icons"},
										{"translate": "crazy_adventure","italic": true,"color": "blue"}
									]
								]
							}
						}
					]
				}
			]
		}
	]
}
