{
  "type": "minecraft:notice",
  "title": {
    "translate": "crazy_adventure.equipment",
    "underlined": true
  },
  "body": [
    {
      "type": "minecraft:plain_message",
      "contents": [
        {
          "text": "V   ",
          "font": "crazy_adventure:manual",
          "color": "white"
        },
        {
          "text": "\n   ",
          "click_event": {
            "action": "show_dialog",
            "dialog": "crazy_adventure:manual/page_4"
          },
          "hover_event": {
            "action": "show_text",
            "value": [
              {
                "translate": "crazy_adventure.go_to_previous_page"
              },
              " (4)"
            ]
          }
        },
        " ",
        {
          "text": "   ",
          "click_event": {
            "action": "show_dialog",
            "dialog": "crazy_adventure:manual/page_6"
          },
          "hover_event": {
            "action": "show_text",
            "value": [
              {
                "translate": "crazy_adventure.go_to_next_page"
              },
              " (6)"
            ]
          }
        },
        {
          "text": "\n   ",
          "click_event": {
            "action": "show_dialog",
            "dialog": "crazy_adventure:manual/page_4"
          },
          "hover_event": {
            "action": "show_text",
            "value": [
              {
                "translate": "crazy_adventure.go_to_previous_page"
              },
              " (4)"
            ]
          }
        },
        " ",
        {
          "text": "   ",
          "click_event": {
            "action": "show_dialog",
            "dialog": "crazy_adventure:manual/page_6"
          },
          "hover_event": {
            "action": "show_text",
            "value": [
              {
                "translate": "crazy_adventure.go_to_next_page"
              },
              " (6)"
            ]
          }
        }
      ],
      "width": 400
    },
    {
      "type": "minecraft:plain_message",
      "contents": [
        {
          "text": "",
          "font": "crazy_adventure:manual",
          "color": "white",
          "shadow_color": [
            0,
            0,
            0,
            0
          ]
        },
        "\"\u1024\n\"",
        {
          "text": "$\u8035",
          "hover_event": {
            "action": "show_item",
            "id": "diamond_helmet",
            "components": {
              "custom_data": {
                "smithed": {
                  "dict": {
                    "armor": {
                      "uranium": true,
                      "helmet": true
                    }
                  },
                  "ignore": {
                    "functionality": true,
                    "crafting": true
                  }
                },
                "crazy_adventure": {
                  "uranium_helmet": true
                }
              },
              "max_damage": 174,
              "attribute_modifiers": [
                {
                  "type": "armor",
                  "amount": 3.5,
                  "operation": "add_value",
                  "slot": "head",
                  "id": "crazy_adventure:armor.head"
                },
                {
                  "type": "armor_toughness",
                  "amount": 2,
                  "operation": "add_value",
                  "slot": "head",
                  "id": "crazy_adventure:armor_toughness.head"
                }
              ],
              "item_model": "crazy_adventure:uranium_helmet",
              "item_name": {
                "translate": "crazy_adventure.uranium_helmet"
              },
              "lore": [
                [
                  "",
                  {
                    "text": "I",
                    "color": "white",
                    "italic": false,
                    "font": "crazy_adventure:icons"
                  },
                  {
                    "translate": "crazy_adventure",
                    "italic": true,
                    "color": "blue"
                  }
                ]
              ]
            }
          },
          "click_event": {
            "action": "show_dialog",
            "dialog": "crazy_adventure:manual/page_17"
          }
        },
        {
          "text": "$\u8037",
          "hover_event": {
            "action": "show_item",
            "id": "diamond_chestplate",
            "components": {
              "custom_data": {
                "smithed": {
                  "dict": {
                    "armor": {
                      "uranium": true,
                      "chestplate": true
                    }
                  },
                  "ignore": {
                    "functionality": true,
                    "crafting": true
                  }
                },
                "crazy_adventure": {
                  "uranium_chestplate": true
                }
              },
              "max_damage": 253,
              "attribute_modifiers": [
                {
                  "type": "armor",
                  "amount": 8.5,
                  "operation": "add_value",
                  "slot": "chest",
                  "id": "crazy_adventure:armor.chest"
                },
                {
                  "type": "armor_toughness",
                  "amount": 2,
                  "operation": "add_value",
                  "slot": "chest",
                  "id": "crazy_adventure:armor_toughness.chest"
                }
              ],
              "item_model": "crazy_adventure:uranium_chestplate",
              "item_name": {
                "translate": "crazy_adventure.uranium_chestplate"
              },
              "lore": [
                [
                  "",
                  {
                    "text": "I",
                    "color": "white",
                    "italic": false,
                    "font": "crazy_adventure:icons"
                  },
                  {
                    "translate": "crazy_adventure",
                    "italic": true,
                    "color": "blue"
                  }
                ]
              ]
            }
          },
          "click_event": {
            "action": "show_dialog",
            "dialog": "crazy_adventure:manual/page_18"
          }
        },
        {
          "text": "$\u8039",
          "hover_event": {
            "action": "show_item",
            "id": "diamond_leggings",
            "components": {
              "custom_data": {
                "smithed": {
                  "dict": {
                    "armor": {
                      "uranium": true,
                      "leggings": true
                    }
                  },
                  "ignore": {
                    "functionality": true,
                    "crafting": true
                  }
                },
                "crazy_adventure": {
                  "uranium_leggings": true
                }
              },
              "max_damage": 237,
              "attribute_modifiers": [
                {
                  "type": "armor",
                  "amount": 6.5,
                  "operation": "add_value",
                  "slot": "legs",
                  "id": "crazy_adventure:armor.legs"
                },
                {
                  "type": "armor_toughness",
                  "amount": 2,
                  "operation": "add_value",
                  "slot": "legs",
                  "id": "crazy_adventure:armor_toughness.legs"
                }
              ],
              "item_model": "crazy_adventure:uranium_leggings",
              "item_name": {
                "translate": "crazy_adventure.uranium_leggings"
              },
              "lore": [
                [
                  "",
                  {
                    "text": "I",
                    "color": "white",
                    "italic": false,
                    "font": "crazy_adventure:icons"
                  },
                  {
                    "translate": "crazy_adventure",
                    "italic": true,
                    "color": "blue"
                  }
                ]
              ]
            }
          },
          "click_event": {
            "action": "show_dialog",
            "dialog": "crazy_adventure:manual/page_19"
          }
        },
        {
          "text": "$\u803b",
          "hover_event": {
            "action": "show_item",
            "id": "diamond_boots",
            "components": {
              "custom_data": {
                "smithed": {
                  "dict": {
                    "armor": {
                      "uranium": true,
                      "boots": true
                    }
                  },
                  "ignore": {
                    "functionality": true,
                    "crafting": true
                  }
                },
                "crazy_adventure": {
                  "uranium_boots": true
                }
              },
              "max_damage": 206,
              "attribute_modifiers": [
                {
                  "type": "armor",
                  "amount": 3.5,
                  "operation": "add_value",
                  "slot": "feet",
                  "id": "crazy_adventure:armor.feet"
                },
                {
                  "type": "armor_toughness",
                  "amount": 2,
                  "operation": "add_value",
                  "slot": "feet",
                  "id": "crazy_adventure:armor_toughness.feet"
                }
              ],
              "item_model": "crazy_adventure:uranium_boots",
              "item_name": {
                "translate": "crazy_adventure.uranium_boots"
              },
              "lore": [
                [
                  "",
                  {
                    "text": "I",
                    "color": "white",
                    "italic": false,
                    "font": "crazy_adventure:icons"
                  },
                  {
                    "translate": "crazy_adventure",
                    "italic": true,
                    "color": "blue"
                  }
                ]
              ]
            }
          },
          "click_event": {
            "action": "show_dialog",
            "dialog": "crazy_adventure:manual/page_20"
          }
        },
        {
          "text": "$\u803d",
          "hover_event": {
            "action": "show_item",
            "id": "diamond_sword",
            "components": {
              "custom_data": {
                "smithed": {
                  "dict": {
                    "tools": {
                      "uranium": true,
                      "sword": true
                    }
                  },
                  "ignore": {
                    "functionality": true,
                    "crafting": true
                  }
                },
                "crazy_adventure": {
                  "uranium_sword": true
                }
              },
              "max_damage": 750,
              "attribute_modifiers": [
                {
                  "type": "attack_damage",
                  "amount": 7,
                  "operation": "add_value",
                  "slot": "mainhand",
                  "id": "minecraft:base_attack_damage"
                },
                {
                  "type": "attack_speed",
                  "amount": -2.4,
                  "operation": "add_value",
                  "slot": "mainhand",
                  "id": "minecraft:base_attack_speed"
                }
              ],
              "item_model": "crazy_adventure:uranium_sword",
              "item_name": {
                "translate": "crazy_adventure.uranium_sword"
              },
              "lore": [
                [
                  "",
                  {
                    "text": "I",
                    "color": "white",
                    "italic": false,
                    "font": "crazy_adventure:icons"
                  },
                  {
                    "translate": "crazy_adventure",
                    "italic": true,
                    "color": "blue"
                  }
                ]
              ]
            }
          },
          "click_event": {
            "action": "show_dialog",
            "dialog": "crazy_adventure:manual/page_21"
          }
        },
        "#\n\"",
        {
          "text": "!",
          "hover_event": {
            "action": "show_item",
            "id": "diamond_helmet",
            "components": {
              "custom_data": {
                "smithed": {
                  "dict": {
                    "armor": {
                      "uranium": true,
                      "helmet": true
                    }
                  },
                  "ignore": {
                    "functionality": true,
                    "crafting": true
                  }
                },
                "crazy_adventure": {
                  "uranium_helmet": true
                }
              },
              "max_damage": 174,
              "attribute_modifiers": [
                {
                  "type": "armor",
                  "amount": 3.5,
                  "operation": "add_value",
                  "slot": "head",
                  "id": "crazy_adventure:armor.head"
                },
                {
                  "type": "armor_toughness",
                  "amount": 2,
                  "operation": "add_value",
                  "slot": "head",
                  "id": "crazy_adventure:armor_toughness.head"
                }
              ],
              "item_model": "crazy_adventure:uranium_helmet",
              "item_name": {
                "translate": "crazy_adventure.uranium_helmet"
              },
              "lore": [
                [
                  "",
                  {
                    "text": "I",
                    "color": "white",
                    "italic": false,
                    "font": "crazy_adventure:icons"
                  },
                  {
                    "translate": "crazy_adventure",
                    "italic": true,
                    "color": "blue"
                  }
                ]
              ]
            }
          },
          "click_event": {
            "action": "show_dialog",
            "dialog": "crazy_adventure:manual/page_17"
          }
        },
        {
          "text": "!",
          "hover_event": {
            "action": "show_item",
            "id": "diamond_chestplate",
            "components": {
              "custom_data": {
                "smithed": {
                  "dict": {
                    "armor": {
                      "uranium": true,
                      "chestplate": true
                    }
                  },
                  "ignore": {
                    "functionality": true,
                    "crafting": true
                  }
                },
                "crazy_adventure": {
                  "uranium_chestplate": true
                }
              },
              "max_damage": 253,
              "attribute_modifiers": [
                {
                  "type": "armor",
                  "amount": 8.5,
                  "operation": "add_value",
                  "slot": "chest",
                  "id": "crazy_adventure:armor.chest"
                },
                {
                  "type": "armor_toughness",
                  "amount": 2,
                  "operation": "add_value",
                  "slot": "chest",
                  "id": "crazy_adventure:armor_toughness.chest"
                }
              ],
              "item_model": "crazy_adventure:uranium_chestplate",
              "item_name": {
                "translate": "crazy_adventure.uranium_chestplate"
              },
              "lore": [
                [
                  "",
                  {
                    "text": "I",
                    "color": "white",
                    "italic": false,
                    "font": "crazy_adventure:icons"
                  },
                  {
                    "translate": "crazy_adventure",
                    "italic": true,
                    "color": "blue"
                  }
                ]
              ]
            }
          },
          "click_event": {
            "action": "show_dialog",
            "dialog": "crazy_adventure:manual/page_18"
          }
        },
        {
          "text": "!",
          "hover_event": {
            "action": "show_item",
            "id": "diamond_leggings",
            "components": {
              "custom_data": {
                "smithed": {
                  "dict": {
                    "armor": {
                      "uranium": true,
                      "leggings": true
                    }
                  },
                  "ignore": {
                    "functionality": true,
                    "crafting": true
                  }
                },
                "crazy_adventure": {
                  "uranium_leggings": true
                }
              },
              "max_damage": 237,
              "attribute_modifiers": [
                {
                  "type": "armor",
                  "amount": 6.5,
                  "operation": "add_value",
                  "slot": "legs",
                  "id": "crazy_adventure:armor.legs"
                },
                {
                  "type": "armor_toughness",
                  "amount": 2,
                  "operation": "add_value",
                  "slot": "legs",
                  "id": "crazy_adventure:armor_toughness.legs"
                }
              ],
              "item_model": "crazy_adventure:uranium_leggings",
              "item_name": {
                "translate": "crazy_adventure.uranium_leggings"
              },
              "lore": [
                [
                  "",
                  {
                    "text": "I",
                    "color": "white",
                    "italic": false,
                    "font": "crazy_adventure:icons"
                  },
                  {
                    "translate": "crazy_adventure",
                    "italic": true,
                    "color": "blue"
                  }
                ]
              ]
            }
          },
          "click_event": {
            "action": "show_dialog",
            "dialog": "crazy_adventure:manual/page_19"
          }
        },
        {
          "text": "!",
          "hover_event": {
            "action": "show_item",
            "id": "diamond_boots",
            "components": {
              "custom_data": {
                "smithed": {
                  "dict": {
                    "armor": {
                      "uranium": true,
                      "boots": true
                    }
                  },
                  "ignore": {
                    "functionality": true,
                    "crafting": true
                  }
                },
                "crazy_adventure": {
                  "uranium_boots": true
                }
              },
              "max_damage": 206,
              "attribute_modifiers": [
                {
                  "type": "armor",
                  "amount": 3.5,
                  "operation": "add_value",
                  "slot": "feet",
                  "id": "crazy_adventure:armor.feet"
                },
                {
                  "type": "armor_toughness",
                  "amount": 2,
                  "operation": "add_value",
                  "slot": "feet",
                  "id": "crazy_adventure:armor_toughness.feet"
                }
              ],
              "item_model": "crazy_adventure:uranium_boots",
              "item_name": {
                "translate": "crazy_adventure.uranium_boots"
              },
              "lore": [
                [
                  "",
                  {
                    "text": "I",
                    "color": "white",
                    "italic": false,
                    "font": "crazy_adventure:icons"
                  },
                  {
                    "translate": "crazy_adventure",
                    "italic": true,
                    "color": "blue"
                  }
                ]
              ]
            }
          },
          "click_event": {
            "action": "show_dialog",
            "dialog": "crazy_adventure:manual/page_20"
          }
        },
        {
          "text": "!",
          "hover_event": {
            "action": "show_item",
            "id": "diamond_sword",
            "components": {
              "custom_data": {
                "smithed": {
                  "dict": {
                    "tools": {
                      "uranium": true,
                      "sword": true
                    }
                  },
                  "ignore": {
                    "functionality": true,
                    "crafting": true
                  }
                },
                "crazy_adventure": {
                  "uranium_sword": true
                }
              },
              "max_damage": 750,
              "attribute_modifiers": [
                {
                  "type": "attack_damage",
                  "amount": 7,
                  "operation": "add_value",
                  "slot": "mainhand",
                  "id": "minecraft:base_attack_damage"
                },
                {
                  "type": "attack_speed",
                  "amount": -2.4,
                  "operation": "add_value",
                  "slot": "mainhand",
                  "id": "minecraft:base_attack_speed"
                }
              ],
              "item_model": "crazy_adventure:uranium_sword",
              "item_name": {
                "translate": "crazy_adventure.uranium_sword"
              },
              "lore": [
                [
                  "",
                  {
                    "text": "I",
                    "color": "white",
                    "italic": false,
                    "font": "crazy_adventure:icons"
                  },
                  {
                    "translate": "crazy_adventure",
                    "italic": true,
                    "color": "blue"
                  }
                ]
              ]
            }
          },
          "click_event": {
            "action": "show_dialog",
            "dialog": "crazy_adventure:manual/page_21"
          }
        },
        "#\n\"",
        {
          "text": "$\u803f",
          "hover_event": {
            "action": "show_item",
            "id": "diamond_pickaxe",
            "components": {
              "custom_data": {
                "smithed": {
                  "dict": {
                    "tools": {
                      "uranium": true,
                      "pickaxe": true
                    }
                  },
                  "ignore": {
                    "functionality": true,
                    "crafting": true
                  }
                },
                "crazy_adventure": {
                  "uranium_pickaxe": true
                }
              },
              "max_damage": 750,
              "attribute_modifiers": [
                {
                  "type": "attack_damage",
                  "amount": 5,
                  "operation": "add_value",
                  "slot": "mainhand",
                  "id": "minecraft:base_attack_damage"
                },
                {
                  "type": "attack_speed",
                  "amount": -2.8,
                  "operation": "add_value",
                  "slot": "mainhand",
                  "id": "minecraft:base_attack_speed"
                },
                {
                  "type": "mining_efficiency",
                  "amount": 0.2,
                  "operation": "add_value",
                  "slot": "mainhand",
                  "id": "crazy_adventure:mining_efficiency.mainhand"
                }
              ],
              "item_model": "crazy_adventure:uranium_pickaxe",
              "item_name": {
                "translate": "crazy_adventure.uranium_pickaxe"
              },
              "lore": [
                [
                  "",
                  {
                    "text": "I",
                    "color": "white",
                    "italic": false,
                    "font": "crazy_adventure:icons"
                  },
                  {
                    "translate": "crazy_adventure",
                    "italic": true,
                    "color": "blue"
                  }
                ]
              ]
            }
          },
          "click_event": {
            "action": "show_dialog",
            "dialog": "crazy_adventure:manual/page_22"
          }
        },
        {
          "text": "$\u8041",
          "hover_event": {
            "action": "show_item",
            "id": "diamond_axe",
            "components": {
              "custom_data": {
                "smithed": {
                  "dict": {
                    "tools": {
                      "uranium": true,
                      "axe": true
                    }
                  },
                  "ignore": {
                    "functionality": true,
                    "crafting": true
                  }
                },
                "crazy_adventure": {
                  "uranium_axe": true
                }
              },
              "max_damage": 750,
              "attribute_modifiers": [
                {
                  "type": "attack_damage",
                  "amount": 9,
                  "operation": "add_value",
                  "slot": "mainhand",
                  "id": "minecraft:base_attack_damage"
                },
                {
                  "type": "attack_speed",
                  "amount": -3.0,
                  "operation": "add_value",
                  "slot": "mainhand",
                  "id": "minecraft:base_attack_speed"
                },
                {
                  "type": "mining_efficiency",
                  "amount": 0.2,
                  "operation": "add_value",
                  "slot": "mainhand",
                  "id": "crazy_adventure:mining_efficiency.mainhand"
                }
              ],
              "item_model": "crazy_adventure:uranium_axe",
              "item_name": {
                "translate": "crazy_adventure.uranium_axe"
              },
              "lore": [
                [
                  "",
                  {
                    "text": "I",
                    "color": "white",
                    "italic": false,
                    "font": "crazy_adventure:icons"
                  },
                  {
                    "translate": "crazy_adventure",
                    "italic": true,
                    "color": "blue"
                  }
                ]
              ]
            }
          },
          "click_event": {
            "action": "show_dialog",
            "dialog": "crazy_adventure:manual/page_23"
          }
        },
        {
          "text": "$\u8043",
          "hover_event": {
            "action": "show_item",
            "id": "diamond_shovel",
            "components": {
              "custom_data": {
                "smithed": {
                  "dict": {
                    "tools": {
                      "uranium": true,
                      "shovel": true
                    }
                  },
                  "ignore": {
                    "functionality": true,
                    "crafting": true
                  }
                },
                "crazy_adventure": {
                  "uranium_shovel": true
                }
              },
              "max_damage": 750,
              "attribute_modifiers": [
                {
                  "type": "attack_damage",
                  "amount": 5.5,
                  "operation": "add_value",
                  "slot": "mainhand",
                  "id": "minecraft:base_attack_damage"
                },
                {
                  "type": "attack_speed",
                  "amount": -3.0,
                  "operation": "add_value",
                  "slot": "mainhand",
                  "id": "minecraft:base_attack_speed"
                },
                {
                  "type": "mining_efficiency",
                  "amount": 0.2,
                  "operation": "add_value",
                  "slot": "mainhand",
                  "id": "crazy_adventure:mining_efficiency.mainhand"
                }
              ],
              "item_model": "crazy_adventure:uranium_shovel",
              "item_name": {
                "translate": "crazy_adventure.uranium_shovel"
              },
              "lore": [
                [
                  "",
                  {
                    "text": "I",
                    "color": "white",
                    "italic": false,
                    "font": "crazy_adventure:icons"
                  },
                  {
                    "translate": "crazy_adventure",
                    "italic": true,
                    "color": "blue"
                  }
                ]
              ]
            }
          },
          "click_event": {
            "action": "show_dialog",
            "dialog": "crazy_adventure:manual/page_24"
          }
        },
        {
          "text": "$\u8045",
          "hover_event": {
            "action": "show_item",
            "id": "diamond_hoe",
            "components": {
              "custom_data": {
                "smithed": {
                  "dict": {
                    "tools": {
                      "uranium": true,
                      "hoe": true
                    }
                  },
                  "ignore": {
                    "functionality": true,
                    "crafting": true
                  }
                },
                "crazy_adventure": {
                  "uranium_hoe": true
                }
              },
              "max_damage": 750,
              "attribute_modifiers": [
                {
                  "type": "attack_damage",
                  "amount": 1,
                  "operation": "add_value",
                  "slot": "mainhand",
                  "id": "minecraft:base_attack_damage"
                },
                {
                  "type": "attack_speed",
                  "amount": 0.0,
                  "operation": "add_value",
                  "slot": "mainhand",
                  "id": "minecraft:base_attack_speed"
                },
                {
                  "type": "mining_efficiency",
                  "amount": 0.2,
                  "operation": "add_value",
                  "slot": "mainhand",
                  "id": "crazy_adventure:mining_efficiency.mainhand"
                }
              ],
              "item_model": "crazy_adventure:uranium_hoe",
              "item_name": {
                "translate": "crazy_adventure.uranium_hoe"
              },
              "lore": [
                [
                  "",
                  {
                    "text": "I",
                    "color": "white",
                    "italic": false,
                    "font": "crazy_adventure:icons"
                  },
                  {
                    "translate": "crazy_adventure",
                    "italic": true,
                    "color": "blue"
                  }
                ]
              ]
            }
          },
          "click_event": {
            "action": "show_dialog",
            "dialog": "crazy_adventure:manual/page_25"
          }
        },
        {
          "text": "$\u8047",
          "hover_event": {
            "action": "show_item",
            "id": "diamond_helmet",
            "components": {
              "custom_data": {
                "smithed": {
                  "dict": {
                    "armor": {
                      "californium": true,
                      "helmet": true
                    }
                  },
                  "ignore": {
                    "functionality": true,
                    "crafting": true
                  }
                },
                "crazy_adventure": {
                  "californium_helmet": true
                }
              },
              "max_damage": 726,
              "attribute_modifiers": [
                {
                  "type": "armor",
                  "amount": 4.0,
                  "operation": "add_value",
                  "slot": "head",
                  "id": "crazy_adventure:armor.head"
                },
                {
                  "type": "armor_toughness",
                  "amount": 2,
                  "operation": "add_value",
                  "slot": "head",
                  "id": "crazy_adventure:armor_toughness.head"
                }
              ],
              "item_model": "crazy_adventure:californium_helmet",
              "item_name": {
                "translate": "crazy_adventure.californium_helmet"
              },
              "lore": [
                [
                  "",
                  {
                    "text": "I",
                    "color": "white",
                    "italic": false,
                    "font": "crazy_adventure:icons"
                  },
                  {
                    "translate": "crazy_adventure",
                    "italic": true,
                    "color": "blue"
                  }
                ]
              ]
            }
          },
          "click_event": {
            "action": "show_dialog",
            "dialog": "crazy_adventure:manual/page_26"
          }
        },
        "#\n\"",
        {
          "text": "!",
          "hover_event": {
            "action": "show_item",
            "id": "diamond_pickaxe",
            "components": {
              "custom_data": {
                "smithed": {
                  "dict": {
                    "tools": {
                      "uranium": true,
                      "pickaxe": true
                    }
                  },
                  "ignore": {
                    "functionality": true,
                    "crafting": true
                  }
                },
                "crazy_adventure": {
                  "uranium_pickaxe": true
                }
              },
              "max_damage": 750,
              "attribute_modifiers": [
                {
                  "type": "attack_damage",
                  "amount": 5,
                  "operation": "add_value",
                  "slot": "mainhand",
                  "id": "minecraft:base_attack_damage"
                },
                {
                  "type": "attack_speed",
                  "amount": -2.8,
                  "operation": "add_value",
                  "slot": "mainhand",
                  "id": "minecraft:base_attack_speed"
                },
                {
                  "type": "mining_efficiency",
                  "amount": 0.2,
                  "operation": "add_value",
                  "slot": "mainhand",
                  "id": "crazy_adventure:mining_efficiency.mainhand"
                }
              ],
              "item_model": "crazy_adventure:uranium_pickaxe",
              "item_name": {
                "translate": "crazy_adventure.uranium_pickaxe"
              },
              "lore": [
                [
                  "",
                  {
                    "text": "I",
                    "color": "white",
                    "italic": false,
                    "font": "crazy_adventure:icons"
                  },
                  {
                    "translate": "crazy_adventure",
                    "italic": true,
                    "color": "blue"
                  }
                ]
              ]
            }
          },
          "click_event": {
            "action": "show_dialog",
            "dialog": "crazy_adventure:manual/page_22"
          }
        },
        {
          "text": "!",
          "hover_event": {
            "action": "show_item",
            "id": "diamond_axe",
            "components": {
              "custom_data": {
                "smithed": {
                  "dict": {
                    "tools": {
                      "uranium": true,
                      "axe": true
                    }
                  },
                  "ignore": {
                    "functionality": true,
                    "crafting": true
                  }
                },
                "crazy_adventure": {
                  "uranium_axe": true
                }
              },
              "max_damage": 750,
              "attribute_modifiers": [
                {
                  "type": "attack_damage",
                  "amount": 9,
                  "operation": "add_value",
                  "slot": "mainhand",
                  "id": "minecraft:base_attack_damage"
                },
                {
                  "type": "attack_speed",
                  "amount": -3.0,
                  "operation": "add_value",
                  "slot": "mainhand",
                  "id": "minecraft:base_attack_speed"
                },
                {
                  "type": "mining_efficiency",
                  "amount": 0.2,
                  "operation": "add_value",
                  "slot": "mainhand",
                  "id": "crazy_adventure:mining_efficiency.mainhand"
                }
              ],
              "item_model": "crazy_adventure:uranium_axe",
              "item_name": {
                "translate": "crazy_adventure.uranium_axe"
              },
              "lore": [
                [
                  "",
                  {
                    "text": "I",
                    "color": "white",
                    "italic": false,
                    "font": "crazy_adventure:icons"
                  },
                  {
                    "translate": "crazy_adventure",
                    "italic": true,
                    "color": "blue"
                  }
                ]
              ]
            }
          },
          "click_event": {
            "action": "show_dialog",
            "dialog": "crazy_adventure:manual/page_23"
          }
        },
        {
          "text": "!",
          "hover_event": {
            "action": "show_item",
            "id": "diamond_shovel",
            "components": {
              "custom_data": {
                "smithed": {
                  "dict": {
                    "tools": {
                      "uranium": true,
                      "shovel": true
                    }
                  },
                  "ignore": {
                    "functionality": true,
                    "crafting": true
                  }
                },
                "crazy_adventure": {
                  "uranium_shovel": true
                }
              },
              "max_damage": 750,
              "attribute_modifiers": [
                {
                  "type": "attack_damage",
                  "amount": 5.5,
                  "operation": "add_value",
                  "slot": "mainhand",
                  "id": "minecraft:base_attack_damage"
                },
                {
                  "type": "attack_speed",
                  "amount": -3.0,
                  "operation": "add_value",
                  "slot": "mainhand",
                  "id": "minecraft:base_attack_speed"
                },
                {
                  "type": "mining_efficiency",
                  "amount": 0.2,
                  "operation": "add_value",
                  "slot": "mainhand",
                  "id": "crazy_adventure:mining_efficiency.mainhand"
                }
              ],
              "item_model": "crazy_adventure:uranium_shovel",
              "item_name": {
                "translate": "crazy_adventure.uranium_shovel"
              },
              "lore": [
                [
                  "",
                  {
                    "text": "I",
                    "color": "white",
                    "italic": false,
                    "font": "crazy_adventure:icons"
                  },
                  {
                    "translate": "crazy_adventure",
                    "italic": true,
                    "color": "blue"
                  }
                ]
              ]
            }
          },
          "click_event": {
            "action": "show_dialog",
            "dialog": "crazy_adventure:manual/page_24"
          }
        },
        {
          "text": "!",
          "hover_event": {
            "action": "show_item",
            "id": "diamond_hoe",
            "components": {
              "custom_data": {
                "smithed": {
                  "dict": {
                    "tools": {
                      "uranium": true,
                      "hoe": true
                    }
                  },
                  "ignore": {
                    "functionality": true,
                    "crafting": true
                  }
                },
                "crazy_adventure": {
                  "uranium_hoe": true
                }
              },
              "max_damage": 750,
              "attribute_modifiers": [
                {
                  "type": "attack_damage",
                  "amount": 1,
                  "operation": "add_value",
                  "slot": "mainhand",
                  "id": "minecraft:base_attack_damage"
                },
                {
                  "type": "attack_speed",
                  "amount": 0.0,
                  "operation": "add_value",
                  "slot": "mainhand",
                  "id": "minecraft:base_attack_speed"
                },
                {
                  "type": "mining_efficiency",
                  "amount": 0.2,
                  "operation": "add_value",
                  "slot": "mainhand",
                  "id": "crazy_adventure:mining_efficiency.mainhand"
                }
              ],
              "item_model": "crazy_adventure:uranium_hoe",
              "item_name": {
                "translate": "crazy_adventure.uranium_hoe"
              },
              "lore": [
                [
                  "",
                  {
                    "text": "I",
                    "color": "white",
                    "italic": false,
                    "font": "crazy_adventure:icons"
                  },
                  {
                    "translate": "crazy_adventure",
                    "italic": true,
                    "color": "blue"
                  }
                ]
              ]
            }
          },
          "click_event": {
            "action": "show_dialog",
            "dialog": "crazy_adventure:manual/page_25"
          }
        },
        {
          "text": "!",
          "hover_event": {
            "action": "show_item",
            "id": "diamond_helmet",
            "components": {
              "custom_data": {
                "smithed": {
                  "dict": {
                    "armor": {
                      "californium": true,
                      "helmet": true
                    }
                  },
                  "ignore": {
                    "functionality": true,
                    "crafting": true
                  }
                },
                "crazy_adventure": {
                  "californium_helmet": true
                }
              },
              "max_damage": 726,
              "attribute_modifiers": [
                {
                  "type": "armor",
                  "amount": 4.0,
                  "operation": "add_value",
                  "slot": "head",
                  "id": "crazy_adventure:armor.head"
                },
                {
                  "type": "armor_toughness",
                  "amount": 2,
                  "operation": "add_value",
                  "slot": "head",
                  "id": "crazy_adventure:armor_toughness.head"
                }
              ],
              "item_model": "crazy_adventure:californium_helmet",
              "item_name": {
                "translate": "crazy_adventure.californium_helmet"
              },
              "lore": [
                [
                  "",
                  {
                    "text": "I",
                    "color": "white",
                    "italic": false,
                    "font": "crazy_adventure:icons"
                  },
                  {
                    "translate": "crazy_adventure",
                    "italic": true,
                    "color": "blue"
                  }
                ]
              ]
            }
          },
          "click_event": {
            "action": "show_dialog",
            "dialog": "crazy_adventure:manual/page_26"
          }
        },
        "#\n\"",
        {
          "text": "$\u8049",
          "hover_event": {
            "action": "show_item",
            "id": "diamond_chestplate",
            "components": {
              "custom_data": {
                "smithed": {
                  "dict": {
                    "armor": {
                      "californium": true,
                      "chestplate": true
                    }
                  },
                  "ignore": {
                    "functionality": true,
                    "crafting": true
                  }
                },
                "crazy_adventure": {
                  "californium_chestplate": true
                }
              },
              "max_damage": 1056,
              "attribute_modifiers": [
                {
                  "type": "armor",
                  "amount": 9.0,
                  "operation": "add_value",
                  "slot": "chest",
                  "id": "crazy_adventure:armor.chest"
                },
                {
                  "type": "armor_toughness",
                  "amount": 2,
                  "operation": "add_value",
                  "slot": "chest",
                  "id": "crazy_adventure:armor_toughness.chest"
                }
              ],
              "item_model": "crazy_adventure:californium_chestplate",
              "item_name": {
                "translate": "crazy_adventure.californium_chestplate"
              },
              "lore": [
                [
                  "",
                  {
                    "text": "I",
                    "color": "white",
                    "italic": false,
                    "font": "crazy_adventure:icons"
                  },
                  {
                    "translate": "crazy_adventure",
                    "italic": true,
                    "color": "blue"
                  }
                ]
              ]
            }
          },
          "click_event": {
            "action": "show_dialog",
            "dialog": "crazy_adventure:manual/page_27"
          }
        },
        {
          "text": "$\u804b",
          "hover_event": {
            "action": "show_item",
            "id": "diamond_leggings",
            "components": {
              "custom_data": {
                "smithed": {
                  "dict": {
                    "armor": {
                      "californium": true,
                      "leggings": true
                    }
                  },
                  "ignore": {
                    "functionality": true,
                    "crafting": true
                  }
                },
                "crazy_adventure": {
                  "californium_leggings": true
                }
              },
              "max_damage": 990,
              "attribute_modifiers": [
                {
                  "type": "armor",
                  "amount": 7.0,
                  "operation": "add_value",
                  "slot": "legs",
                  "id": "crazy_adventure:armor.legs"
                },
                {
                  "type": "armor_toughness",
                  "amount": 2,
                  "operation": "add_value",
                  "slot": "legs",
                  "id": "crazy_adventure:armor_toughness.legs"
                }
              ],
              "item_model": "crazy_adventure:californium_leggings",
              "item_name": {
                "translate": "crazy_adventure.californium_leggings"
              },
              "lore": [
                [
                  "",
                  {
                    "text": "I",
                    "color": "white",
                    "italic": false,
                    "font": "crazy_adventure:icons"
                  },
                  {
                    "translate": "crazy_adventure",
                    "italic": true,
                    "color": "blue"
                  }
                ]
              ]
            }
          },
          "click_event": {
            "action": "show_dialog",
            "dialog": "crazy_adventure:manual/page_28"
          }
        },
        {
          "text": "$\u804d",
          "hover_event": {
            "action": "show_item",
            "id": "diamond_boots",
            "components": {
              "custom_data": {
                "smithed": {
                  "dict": {
                    "armor": {
                      "californium": true,
                      "boots": true
                    }
                  },
                  "ignore": {
                    "functionality": true,
                    "crafting": true
                  }
                },
                "crazy_adventure": {
                  "californium_boots": true
                }
              },
              "max_damage": 858,
              "attribute_modifiers": [
                {
                  "type": "armor",
                  "amount": 4.0,
                  "operation": "add_value",
                  "slot": "feet",
                  "id": "crazy_adventure:armor.feet"
                },
                {
                  "type": "armor_toughness",
                  "amount": 2,
                  "operation": "add_value",
                  "slot": "feet",
                  "id": "crazy_adventure:armor_toughness.feet"
                }
              ],
              "item_model": "crazy_adventure:californium_boots",
              "item_name": {
                "translate": "crazy_adventure.californium_boots"
              },
              "lore": [
                [
                  "",
                  {
                    "text": "I",
                    "color": "white",
                    "italic": false,
                    "font": "crazy_adventure:icons"
                  },
                  {
                    "translate": "crazy_adventure",
                    "italic": true,
                    "color": "blue"
                  }
                ]
              ]
            }
          },
          "click_event": {
            "action": "show_dialog",
            "dialog": "crazy_adventure:manual/page_29"
          }
        },
        {
          "text": "$\u804f",
          "hover_event": {
            "action": "show_item",
            "id": "diamond_sword",
            "components": {
              "custom_data": {
                "smithed": {
                  "dict": {
                    "tools": {
                      "californium": true,
                      "sword": true
                    }
                  },
                  "ignore": {
                    "functionality": true,
                    "crafting": true
                  }
                },
                "crazy_adventure": {
                  "californium_sword": true
                }
              },
              "max_damage": 3122,
              "attribute_modifiers": [
                {
                  "type": "attack_damage",
                  "amount": 8,
                  "operation": "add_value",
                  "slot": "mainhand",
                  "id": "minecraft:base_attack_damage"
                },
                {
                  "type": "attack_speed",
                  "amount": -2.4,
                  "operation": "add_value",
                  "slot": "mainhand",
                  "id": "minecraft:base_attack_speed"
                }
              ],
              "item_model": "crazy_adventure:californium_sword",
              "item_name": {
                "translate": "crazy_adventure.californium_sword"
              },
              "lore": [
                [
                  "",
                  {
                    "text": "I",
                    "color": "white",
                    "italic": false,
                    "font": "crazy_adventure:icons"
                  },
                  {
                    "translate": "crazy_adventure",
                    "italic": true,
                    "color": "blue"
                  }
                ]
              ]
            }
          },
          "click_event": {
            "action": "show_dialog",
            "dialog": "crazy_adventure:manual/page_30"
          }
        },
        {
          "text": "$\u8051",
          "hover_event": {
            "action": "show_item",
            "id": "diamond_pickaxe",
            "components": {
              "custom_data": {
                "smithed": {
                  "dict": {
                    "tools": {
                      "californium": true,
                      "pickaxe": true
                    }
                  },
                  "ignore": {
                    "functionality": true,
                    "crafting": true
                  }
                },
                "crazy_adventure": {
                  "californium_pickaxe": true
                }
              },
              "max_damage": 3122,
              "attribute_modifiers": [
                {
                  "type": "attack_damage",
                  "amount": 6,
                  "operation": "add_value",
                  "slot": "mainhand",
                  "id": "minecraft:base_attack_damage"
                },
                {
                  "type": "attack_speed",
                  "amount": -2.8,
                  "operation": "add_value",
                  "slot": "mainhand",
                  "id": "minecraft:base_attack_speed"
                },
                {
                  "type": "mining_efficiency",
                  "amount": 0.25,
                  "operation": "add_value",
                  "slot": "mainhand",
                  "id": "crazy_adventure:mining_efficiency.mainhand"
                }
              ],
              "item_model": "crazy_adventure:californium_pickaxe",
              "item_name": {
                "translate": "crazy_adventure.californium_pickaxe"
              },
              "lore": [
                [
                  "",
                  {
                    "text": "I",
                    "color": "white",
                    "italic": false,
                    "font": "crazy_adventure:icons"
                  },
                  {
                    "translate": "crazy_adventure",
                    "italic": true,
                    "color": "blue"
                  }
                ]
              ]
            }
          },
          "click_event": {
            "action": "show_dialog",
            "dialog": "crazy_adventure:manual/page_31"
          }
        },
        "#\n\"",
        {
          "text": "!",
          "hover_event": {
            "action": "show_item",
            "id": "diamond_chestplate",
            "components": {
              "custom_data": {
                "smithed": {
                  "dict": {
                    "armor": {
                      "californium": true,
                      "chestplate": true
                    }
                  },
                  "ignore": {
                    "functionality": true,
                    "crafting": true
                  }
                },
                "crazy_adventure": {
                  "californium_chestplate": true
                }
              },
              "max_damage": 1056,
              "attribute_modifiers": [
                {
                  "type": "armor",
                  "amount": 9.0,
                  "operation": "add_value",
                  "slot": "chest",
                  "id": "crazy_adventure:armor.chest"
                },
                {
                  "type": "armor_toughness",
                  "amount": 2,
                  "operation": "add_value",
                  "slot": "chest",
                  "id": "crazy_adventure:armor_toughness.chest"
                }
              ],
              "item_model": "crazy_adventure:californium_chestplate",
              "item_name": {
                "translate": "crazy_adventure.californium_chestplate"
              },
              "lore": [
                [
                  "",
                  {
                    "text": "I",
                    "color": "white",
                    "italic": false,
                    "font": "crazy_adventure:icons"
                  },
                  {
                    "translate": "crazy_adventure",
                    "italic": true,
                    "color": "blue"
                  }
                ]
              ]
            }
          },
          "click_event": {
            "action": "show_dialog",
            "dialog": "crazy_adventure:manual/page_27"
          }
        },
        {
          "text": "!",
          "hover_event": {
            "action": "show_item",
            "id": "diamond_leggings",
            "components": {
              "custom_data": {
                "smithed": {
                  "dict": {
                    "armor": {
                      "californium": true,
                      "leggings": true
                    }
                  },
                  "ignore": {
                    "functionality": true,
                    "crafting": true
                  }
                },
                "crazy_adventure": {
                  "californium_leggings": true
                }
              },
              "max_damage": 990,
              "attribute_modifiers": [
                {
                  "type": "armor",
                  "amount": 7.0,
                  "operation": "add_value",
                  "slot": "legs",
                  "id": "crazy_adventure:armor.legs"
                },
                {
                  "type": "armor_toughness",
                  "amount": 2,
                  "operation": "add_value",
                  "slot": "legs",
                  "id": "crazy_adventure:armor_toughness.legs"
                }
              ],
              "item_model": "crazy_adventure:californium_leggings",
              "item_name": {
                "translate": "crazy_adventure.californium_leggings"
              },
              "lore": [
                [
                  "",
                  {
                    "text": "I",
                    "color": "white",
                    "italic": false,
                    "font": "crazy_adventure:icons"
                  },
                  {
                    "translate": "crazy_adventure",
                    "italic": true,
                    "color": "blue"
                  }
                ]
              ]
            }
          },
          "click_event": {
            "action": "show_dialog",
            "dialog": "crazy_adventure:manual/page_28"
          }
        },
        {
          "text": "!",
          "hover_event": {
            "action": "show_item",
            "id": "diamond_boots",
            "components": {
              "custom_data": {
                "smithed": {
                  "dict": {
                    "armor": {
                      "californium": true,
                      "boots": true
                    }
                  },
                  "ignore": {
                    "functionality": true,
                    "crafting": true
                  }
                },
                "crazy_adventure": {
                  "californium_boots": true
                }
              },
              "max_damage": 858,
              "attribute_modifiers": [
                {
                  "type": "armor",
                  "amount": 4.0,
                  "operation": "add_value",
                  "slot": "feet",
                  "id": "crazy_adventure:armor.feet"
                },
                {
                  "type": "armor_toughness",
                  "amount": 2,
                  "operation": "add_value",
                  "slot": "feet",
                  "id": "crazy_adventure:armor_toughness.feet"
                }
              ],
              "item_model": "crazy_adventure:californium_boots",
              "item_name": {
                "translate": "crazy_adventure.californium_boots"
              },
              "lore": [
                [
                  "",
                  {
                    "text": "I",
                    "color": "white",
                    "italic": false,
                    "font": "crazy_adventure:icons"
                  },
                  {
                    "translate": "crazy_adventure",
                    "italic": true,
                    "color": "blue"
                  }
                ]
              ]
            }
          },
          "click_event": {
            "action": "show_dialog",
            "dialog": "crazy_adventure:manual/page_29"
          }
        },
        {
          "text": "!",
          "hover_event": {
            "action": "show_item",
            "id": "diamond_sword",
            "components": {
              "custom_data": {
                "smithed": {
                  "dict": {
                    "tools": {
                      "californium": true,
                      "sword": true
                    }
                  },
                  "ignore": {
                    "functionality": true,
                    "crafting": true
                  }
                },
                "crazy_adventure": {
                  "californium_sword": true
                }
              },
              "max_damage": 3122,
              "attribute_modifiers": [
                {
                  "type": "attack_damage",
                  "amount": 8,
                  "operation": "add_value",
                  "slot": "mainhand",
                  "id": "minecraft:base_attack_damage"
                },
                {
                  "type": "attack_speed",
                  "amount": -2.4,
                  "operation": "add_value",
                  "slot": "mainhand",
                  "id": "minecraft:base_attack_speed"
                }
              ],
              "item_model": "crazy_adventure:californium_sword",
              "item_name": {
                "translate": "crazy_adventure.californium_sword"
              },
              "lore": [
                [
                  "",
                  {
                    "text": "I",
                    "color": "white",
                    "italic": false,
                    "font": "crazy_adventure:icons"
                  },
                  {
                    "translate": "crazy_adventure",
                    "italic": true,
                    "color": "blue"
                  }
                ]
              ]
            }
          },
          "click_event": {
            "action": "show_dialog",
            "dialog": "crazy_adventure:manual/page_30"
          }
        },
        {
          "text": "!",
          "hover_event": {
            "action": "show_item",
            "id": "diamond_pickaxe",
            "components": {
              "custom_data": {
                "smithed": {
                  "dict": {
                    "tools": {
                      "californium": true,
                      "pickaxe": true
                    }
                  },
                  "ignore": {
                    "functionality": true,
                    "crafting": true
                  }
                },
                "crazy_adventure": {
                  "californium_pickaxe": true
                }
              },
              "max_damage": 3122,
              "attribute_modifiers": [
                {
                  "type": "attack_damage",
                  "amount": 6,
                  "operation": "add_value",
                  "slot": "mainhand",
                  "id": "minecraft:base_attack_damage"
                },
                {
                  "type": "attack_speed",
                  "amount": -2.8,
                  "operation": "add_value",
                  "slot": "mainhand",
                  "id": "minecraft:base_attack_speed"
                },
                {
                  "type": "mining_efficiency",
                  "amount": 0.25,
                  "operation": "add_value",
                  "slot": "mainhand",
                  "id": "crazy_adventure:mining_efficiency.mainhand"
                }
              ],
              "item_model": "crazy_adventure:californium_pickaxe",
              "item_name": {
                "translate": "crazy_adventure.californium_pickaxe"
              },
              "lore": [
                [
                  "",
                  {
                    "text": "I",
                    "color": "white",
                    "italic": false,
                    "font": "crazy_adventure:icons"
                  },
                  {
                    "translate": "crazy_adventure",
                    "italic": true,
                    "color": "blue"
                  }
                ]
              ]
            }
          },
          "click_event": {
            "action": "show_dialog",
            "dialog": "crazy_adventure:manual/page_31"
          }
        },
        "#\n\"",
        {
          "text": "$\u8053",
          "hover_event": {
            "action": "show_item",
            "id": "diamond_axe",
            "components": {
              "custom_data": {
                "smithed": {
                  "dict": {
                    "tools": {
                      "californium": true,
                      "axe": true
                    }
                  },
                  "ignore": {
                    "functionality": true,
                    "crafting": true
                  }
                },
                "crazy_adventure": {
                  "californium_axe": true
                }
              },
              "max_damage": 3122,
              "attribute_modifiers": [
                {
                  "type": "attack_damage",
                  "amount": 10,
                  "operation": "add_value",
                  "slot": "mainhand",
                  "id": "minecraft:base_attack_damage"
                },
                {
                  "type": "attack_speed",
                  "amount": -3.0,
                  "operation": "add_value",
                  "slot": "mainhand",
                  "id": "minecraft:base_attack_speed"
                },
                {
                  "type": "mining_efficiency",
                  "amount": 0.25,
                  "operation": "add_value",
                  "slot": "mainhand",
                  "id": "crazy_adventure:mining_efficiency.mainhand"
                }
              ],
              "item_model": "crazy_adventure:californium_axe",
              "item_name": {
                "translate": "crazy_adventure.californium_axe"
              },
              "lore": [
                [
                  "",
                  {
                    "text": "I",
                    "color": "white",
                    "italic": false,
                    "font": "crazy_adventure:icons"
                  },
                  {
                    "translate": "crazy_adventure",
                    "italic": true,
                    "color": "blue"
                  }
                ]
              ]
            }
          },
          "click_event": {
            "action": "show_dialog",
            "dialog": "crazy_adventure:manual/page_32"
          }
        },
        {
          "text": "$\u8055",
          "hover_event": {
            "action": "show_item",
            "id": "diamond_shovel",
            "components": {
              "custom_data": {
                "smithed": {
                  "dict": {
                    "tools": {
                      "californium": true,
                      "shovel": true
                    }
                  },
                  "ignore": {
                    "functionality": true,
                    "crafting": true
                  }
                },
                "crazy_adventure": {
                  "californium_shovel": true
                }
              },
              "max_damage": 3122,
              "attribute_modifiers": [
                {
                  "type": "attack_damage",
                  "amount": 6.5,
                  "operation": "add_value",
                  "slot": "mainhand",
                  "id": "minecraft:base_attack_damage"
                },
                {
                  "type": "attack_speed",
                  "amount": -3.0,
                  "operation": "add_value",
                  "slot": "mainhand",
                  "id": "minecraft:base_attack_speed"
                },
                {
                  "type": "mining_efficiency",
                  "amount": 0.25,
                  "operation": "add_value",
                  "slot": "mainhand",
                  "id": "crazy_adventure:mining_efficiency.mainhand"
                }
              ],
              "item_model": "crazy_adventure:californium_shovel",
              "item_name": {
                "translate": "crazy_adventure.californium_shovel"
              },
              "lore": [
                [
                  "",
                  {
                    "text": "I",
                    "color": "white",
                    "italic": false,
                    "font": "crazy_adventure:icons"
                  },
                  {
                    "translate": "crazy_adventure",
                    "italic": true,
                    "color": "blue"
                  }
                ]
              ]
            }
          },
          "click_event": {
            "action": "show_dialog",
            "dialog": "crazy_adventure:manual/page_33"
          }
        },
        {
          "text": "$\u8057",
          "hover_event": {
            "action": "show_item",
            "id": "diamond_hoe",
            "components": {
              "custom_data": {
                "smithed": {
                  "dict": {
                    "tools": {
                      "californium": true,
                      "hoe": true
                    }
                  },
                  "ignore": {
                    "functionality": true,
                    "crafting": true
                  }
                },
                "crazy_adventure": {
                  "californium_hoe": true
                }
              },
              "max_damage": 3122,
              "attribute_modifiers": [
                {
                  "type": "attack_damage",
                  "amount": 2,
                  "operation": "add_value",
                  "slot": "mainhand",
                  "id": "minecraft:base_attack_damage"
                },
                {
                  "type": "attack_speed",
                  "amount": 0.0,
                  "operation": "add_value",
                  "slot": "mainhand",
                  "id": "minecraft:base_attack_speed"
                },
                {
                  "type": "mining_efficiency",
                  "amount": 0.25,
                  "operation": "add_value",
                  "slot": "mainhand",
                  "id": "crazy_adventure:mining_efficiency.mainhand"
                }
              ],
              "item_model": "crazy_adventure:californium_hoe",
              "item_name": {
                "translate": "crazy_adventure.californium_hoe"
              },
              "lore": [
                [
                  "",
                  {
                    "text": "I",
                    "color": "white",
                    "italic": false,
                    "font": "crazy_adventure:icons"
                  },
                  {
                    "translate": "crazy_adventure",
                    "italic": true,
                    "color": "blue"
                  }
                ]
              ]
            }
          },
          "click_event": {
            "action": "show_dialog",
            "dialog": "crazy_adventure:manual/page_34"
          }
        },
        "!!#\n\"",
        {
          "text": "!",
          "hover_event": {
            "action": "show_item",
            "id": "diamond_axe",
            "components": {
              "custom_data": {
                "smithed": {
                  "dict": {
                    "tools": {
                      "californium": true,
                      "axe": true
                    }
                  },
                  "ignore": {
                    "functionality": true,
                    "crafting": true
                  }
                },
                "crazy_adventure": {
                  "californium_axe": true
                }
              },
              "max_damage": 3122,
              "attribute_modifiers": [
                {
                  "type": "attack_damage",
                  "amount": 10,
                  "operation": "add_value",
                  "slot": "mainhand",
                  "id": "minecraft:base_attack_damage"
                },
                {
                  "type": "attack_speed",
                  "amount": -3.0,
                  "operation": "add_value",
                  "slot": "mainhand",
                  "id": "minecraft:base_attack_speed"
                },
                {
                  "type": "mining_efficiency",
                  "amount": 0.25,
                  "operation": "add_value",
                  "slot": "mainhand",
                  "id": "crazy_adventure:mining_efficiency.mainhand"
                }
              ],
              "item_model": "crazy_adventure:californium_axe",
              "item_name": {
                "translate": "crazy_adventure.californium_axe"
              },
              "lore": [
                [
                  "",
                  {
                    "text": "I",
                    "color": "white",
                    "italic": false,
                    "font": "crazy_adventure:icons"
                  },
                  {
                    "translate": "crazy_adventure",
                    "italic": true,
                    "color": "blue"
                  }
                ]
              ]
            }
          },
          "click_event": {
            "action": "show_dialog",
            "dialog": "crazy_adventure:manual/page_32"
          }
        },
        {
          "text": "!",
          "hover_event": {
            "action": "show_item",
            "id": "diamond_shovel",
            "components": {
              "custom_data": {
                "smithed": {
                  "dict": {
                    "tools": {
                      "californium": true,
                      "shovel": true
                    }
                  },
                  "ignore": {
                    "functionality": true,
                    "crafting": true
                  }
                },
                "crazy_adventure": {
                  "californium_shovel": true
                }
              },
              "max_damage": 3122,
              "attribute_modifiers": [
                {
                  "type": "attack_damage",
                  "amount": 6.5,
                  "operation": "add_value",
                  "slot": "mainhand",
                  "id": "minecraft:base_attack_damage"
                },
                {
                  "type": "attack_speed",
                  "amount": -3.0,
                  "operation": "add_value",
                  "slot": "mainhand",
                  "id": "minecraft:base_attack_speed"
                },
                {
                  "type": "mining_efficiency",
                  "amount": 0.25,
                  "operation": "add_value",
                  "slot": "mainhand",
                  "id": "crazy_adventure:mining_efficiency.mainhand"
                }
              ],
              "item_model": "crazy_adventure:californium_shovel",
              "item_name": {
                "translate": "crazy_adventure.californium_shovel"
              },
              "lore": [
                [
                  "",
                  {
                    "text": "I",
                    "color": "white",
                    "italic": false,
                    "font": "crazy_adventure:icons"
                  },
                  {
                    "translate": "crazy_adventure",
                    "italic": true,
                    "color": "blue"
                  }
                ]
              ]
            }
          },
          "click_event": {
            "action": "show_dialog",
            "dialog": "crazy_adventure:manual/page_33"
          }
        },
        {
          "text": "!",
          "hover_event": {
            "action": "show_item",
            "id": "diamond_hoe",
            "components": {
              "custom_data": {
                "smithed": {
                  "dict": {
                    "tools": {
                      "californium": true,
                      "hoe": true
                    }
                  },
                  "ignore": {
                    "functionality": true,
                    "crafting": true
                  }
                },
                "crazy_adventure": {
                  "californium_hoe": true
                }
              },
              "max_damage": 3122,
              "attribute_modifiers": [
                {
                  "type": "attack_damage",
                  "amount": 2,
                  "operation": "add_value",
                  "slot": "mainhand",
                  "id": "minecraft:base_attack_damage"
                },
                {
                  "type": "attack_speed",
                  "amount": 0.0,
                  "operation": "add_value",
                  "slot": "mainhand",
                  "id": "minecraft:base_attack_speed"
                },
                {
                  "type": "mining_efficiency",
                  "amount": 0.25,
                  "operation": "add_value",
                  "slot": "mainhand",
                  "id": "crazy_adventure:mining_efficiency.mainhand"
                }
              ],
              "item_model": "crazy_adventure:californium_hoe",
              "item_name": {
                "translate": "crazy_adventure.californium_hoe"
              },
              "lore": [
                [
                  "",
                  {
                    "text": "I",
                    "color": "white",
                    "italic": false,
                    "font": "crazy_adventure:icons"
                  },
                  {
                    "translate": "crazy_adventure",
                    "italic": true,
                    "color": "blue"
                  }
                ]
              ]
            }
          },
          "click_event": {
            "action": "show_dialog",
            "dialog": "crazy_adventure:manual/page_34"
          }
        },
        "!!#\n",
        "\n\n\n\n\n\n\n\n\n\n\n\n\n\n\n\n"
      ],
      "width": 140
    }
  ]
}
