{
  "type": "minecraft:notice",
  "title": [
    "",
    {
      "sprite": "crazy_adventure:item/dialog_sprite/uranium_ingot",
      "shadow_color": [
        0,
        0,
        0,
        0
      ],
      "atlas": "minecraft:items"
    },
    " ",
    {
      "translate": "crazy_adventure.uranium_ingot",
      "underlined": true
    },
    " ",
    {
      "sprite": "crazy_adventure:item/dialog_sprite/uranium_ingot",
      "shadow_color": [
        0,
        0,
        0,
        0
      ],
      "atlas": "minecraft:items"
    }
  ],
  "body": [
    {
      "type": "minecraft:plain_message",
      "contents": [
        {
          "text": "V   ",
          "font": "crazy_adventure:manual",
          "color": "white"
        },
        {
          "text": "\n   ",
          "click_event": {
            "action": "show_dialog",
            "dialog": "crazy_adventure:manual/page_6"
          },
          "hover_event": {
            "action": "show_text",
            "value": [
              {
                "translate": "crazy_adventure.go_to_previous_page"
              },
              " (6)"
            ]
          }
        },
        " ",
        {
          "text": "   ",
          "click_event": {
            "action": "show_dialog",
            "dialog": "crazy_adventure:manual/page_8"
          },
          "hover_event": {
            "action": "show_text",
            "value": [
              {
                "translate": "crazy_adventure.go_to_next_page"
              },
              " (8)"
            ]
          }
        },
        {
          "text": "\n   ",
          "click_event": {
            "action": "show_dialog",
            "dialog": "crazy_adventure:manual/page_6"
          },
          "hover_event": {
            "action": "show_text",
            "value": [
              {
                "translate": "crazy_adventure.go_to_previous_page"
              },
              " (6)"
            ]
          }
        },
        " ",
        {
          "text": "   ",
          "click_event": {
            "action": "show_dialog",
            "dialog": "crazy_adventure:manual/page_8"
          },
          "hover_event": {
            "action": "show_text",
            "value": [
              {
                "translate": "crazy_adventure.go_to_next_page"
              },
              " (8)"
            ]
          }
        }
      ],
      "width": 400
    },
    {
      "type": "minecraft:plain_message",
      "contents": [
        {
          "text": "",
          "font": "crazy_adventure:manual",
          "color": "white",
          "shadow_color": [
            0,
            0,
            0,
            0
          ]
        },
        "\"$5\n\"",
        {
          "text": "$\u8027",
          "hover_event": {
            "action": "show_item",
            "id": "furnace",
            "components": {
              "custom_data": {
                "smithed": {
                  "dict": {
                    "block": {
                      "uranium": true
                    }
                  },
                  "ignore": {
                    "functionality": true,
                    "crafting": true
                  }
                },
                "crazy_adventure": {
                  "uranium_block": true
                }
              },
              "item_model": "crazy_adventure:uranium_block",
              "item_name": {
                "translate": "crazy_adventure.uranium_block"
              },
              "lore": [
                [
                  "",
                  {
                    "text": "I",
                    "color": "white",
                    "italic": false,
                    "font": "crazy_adventure:icons"
                  },
                  {
                    "translate": "crazy_adventure",
                    "italic": true,
                    "color": "blue"
                  }
                ]
              ],
              "container": [
                {
                  "slot": 0,
                  "item": {
                    "id": "minecraft:stone",
                    "count": 1,
                    "components": {
                      "minecraft:custom_data": {
                        "smithed": {
                          "block": {
                            "id": "crazy_adventure:uranium_block",
                            "from": "crazy_adventure"
                          }
                        }
                      }
                    }
                  }
                }
              ],
              "tooltip_display": {
                "hidden_components": [
                  "minecraft:container"
                ]
              }
            }
          },
          "click_event": {
            "action": "show_dialog",
            "dialog": "crazy_adventure:manual/page_10"
          }
        },
        "U$  \n\"",
        {
          "text": "U$",
          "hover_event": {
            "action": "show_item",
            "id": "furnace",
            "components": {
              "custom_data": {
                "smithed": {
                  "dict": {
                    "block": {
                      "uranium": true
                    }
                  },
                  "ignore": {
                    "functionality": true,
                    "crafting": true
                  }
                },
                "crazy_adventure": {
                  "uranium_block": true
                }
              },
              "item_model": "crazy_adventure:uranium_block",
              "item_name": {
                "translate": "crazy_adventure.uranium_block"
              },
              "lore": [
                [
                  "",
                  {
                    "text": "I",
                    "color": "white",
                    "italic": false,
                    "font": "crazy_adventure:icons"
                  },
                  {
                    "translate": "crazy_adventure",
                    "italic": true,
                    "color": "blue"
                  }
                ]
              ],
              "container": [
                {
                  "slot": 0,
                  "item": {
                    "id": "minecraft:stone",
                    "count": 1,
                    "components": {
                      "minecraft:custom_data": {
                        "smithed": {
                          "block": {
                            "id": "crazy_adventure:uranium_block",
                            "from": "crazy_adventure"
                          }
                        }
                      }
                    }
                  }
                }
              ],
              "tooltip_display": {
                "hidden_components": [
                  "minecraft:container"
                ]
              }
            }
          },
          "click_event": {
            "action": "show_dialog",
            "dialog": "crazy_adventure:manual/page_10"
          }
        },
        "U$U$",
        {
          "text": "$$\u805b",
          "hover_event": {
            "action": "show_item",
            "id": "command_block",
            "components": {
              "custom_data": {
                "smithed": {
                  "dict": {
                    "ingot": {
                      "uranium": true
                    }
                  },
                  "ignore": {
                    "functionality": true,
                    "crafting": true
                  }
                },
                "crazy_adventure": {
                  "uranium_ingot": true
                }
              },
              "item_model": "crazy_adventure:uranium_ingot",
              "item_name": {
                "translate": "crazy_adventure.uranium_ingot"
              },
              "lore": [
                [
                  "",
                  {
                    "text": "I",
                    "color": "white",
                    "italic": false,
                    "font": "crazy_adventure:icons"
                  },
                  {
                    "translate": "crazy_adventure",
                    "italic": true,
                    "color": "blue"
                  }
                ]
              ]
            }
          }
        },
        "#$\n\"U$U$U$",
        {
          "text": "U$",
          "hover_event": {
            "action": "show_item",
            "id": "command_block",
            "components": {
              "custom_data": {
                "smithed": {
                  "dict": {
                    "ingot": {
                      "uranium": true
                    }
                  },
                  "ignore": {
                    "functionality": true,
                    "crafting": true
                  }
                },
                "crazy_adventure": {
                  "uranium_ingot": true
                }
              },
              "item_model": "crazy_adventure:uranium_ingot",
              "item_name": {
                "translate": "crazy_adventure.uranium_ingot"
              },
              "lore": [
                [
                  "",
                  {
                    "text": "I",
                    "color": "white",
                    "italic": false,
                    "font": "crazy_adventure:icons"
                  },
                  {
                    "translate": "crazy_adventure",
                    "italic": true,
                    "color": "blue"
                  }
                ]
              ]
            }
          }
        },
        "#$\n\n\n",
        {
          "text": "2##",
          "hover_event": {
            "action": "show_text",
            "value": [
              {
                "text": ""
              },
              [
                {
                  "text": "",
                  "font": "crazy_adventure:manual",
                  "color": "white"
                },
                "\"E\n",
                "\"",
                {
                  "text": "$\u8027"
                },
                "\n",
                "\"",
                {
                  "text": "U$"
                },
                "U$U$",
                {
                  "text": "$$\u805b"
                },
                "\n\"",
                "U$U$U$",
                {
                  "text": "U$"
                },
                "\n",
                "\n"
              ],
              {
                "text": "\n- x1 ",
                "color": "gray"
              },
              {
                "translate": "crazy_adventure.uranium_block",
                "color": "gray"
              }
            ]
          },
          "click_event": {
            "action": "show_dialog",
            "dialog": "crazy_adventure:manual/page_10"
          }
        },
        {
          "text": "2##",
          "hover_event": {
            "action": "show_text",
            "value": [
              {
                "text": ""
              },
              [
                {
                  "text": "",
                  "font": "crazy_adventure:manual",
                  "color": "white"
                },
                "\"F\n",
                "\"",
                {
                  "text": "$\u8023"
                },
                {
                  "text": "$\u8023"
                },
                {
                  "text": "$\u8023"
                },
                "\n",
                "\"",
                {
                  "text": "U$"
                },
                {
                  "text": "U$"
                },
                {
                  "text": "U$"
                },
                "\n",
                "\"",
                {
                  "text": "$\u8023"
                },
                {
                  "text": "$\u8023"
                },
                {
                  "text": "$\u8023"
                },
                "\"\"",
                {
                  "text": "$$\u8021"
                },
                "\n",
                "\"",
                {
                  "text": "U$"
                },
                {
                  "text": "U$"
                },
                {
                  "text": "U$"
                },
                "\"\"",
                {
                  "text": "U$"
                },
                "\n",
                "\"",
                {
                  "text": "$\u8023"
                },
                {
                  "text": "$\u8023"
                },
                {
                  "text": "$\u8023"
                },
                "\n",
                "\"",
                {
                  "text": "U$"
                },
                {
                  "text": "U$"
                },
                {
                  "text": "U$"
                },
                "\n"
              ],
              {
                "text": "\n- x9 ",
                "color": "gray"
              },
              {
                "translate": "crazy_adventure.uranium_nugget",
                "color": "gray"
              }
            ]
          },
          "click_event": {
            "action": "show_dialog",
            "dialog": "crazy_adventure:manual/page_8"
          }
        },
        {
          "text": "2##",
          "hover_event": {
            "action": "show_text",
            "value": [
              {
                "text": ""
              },
              [
                {
                  "text": "",
                  "font": "crazy_adventure:manual",
                  "color": "white"
                },
                "\"G\n",
                "\"",
                {
                  "text": "$\u8025"
                },
                "\n",
                "\"",
                {
                  "text": "U$"
                },
                "\n",
                "\"\"\"\"U$U$",
                {
                  "text": "$$\u8021"
                },
                "\n",
                "\"\"\"\"U$U$",
                {
                  "text": "U$"
                },
                "\n",
                "\n\n"
              ],
              {
                "translate": "crazy_adventure.smelting",
                "color": "yellow"
              },
              {
                "text": "\n- x1 ",
                "color": "gray"
              },
              {
                "translate": "crazy_adventure.raw_uranium",
                "color": "gray"
              }
            ]
          },
          "click_event": {
            "action": "show_dialog",
            "dialog": "crazy_adventure:manual/page_9"
          }
        },
        {
          "text": "2##",
          "hover_event": {
            "action": "show_text",
            "value": [
              {
                "text": ""
              },
              [
                {
                  "text": "",
                  "font": "crazy_adventure:manual",
                  "color": "white"
                },
                "\"G\n",
                "\"",
                {
                  "text": "$\u8029"
                },
                "\n",
                "\"",
                {
                  "text": "U$"
                },
                "\n",
                "\"\"\"\"U$U$",
                {
                  "text": "$$\u8021"
                },
                "\n",
                "\"\"\"\"U$U$",
                {
                  "text": "U$"
                },
                "\n",
                "\n\n"
              ],
              {
                "translate": "crazy_adventure.smelting",
                "color": "yellow"
              },
              {
                "text": "\n- x1 ",
                "color": "gray"
              },
              {
                "translate": "crazy_adventure.uranium_ore",
                "color": "gray"
              }
            ]
          },
          "click_event": {
            "action": "show_dialog",
            "dialog": "crazy_adventure:manual/page_11"
          }
        },
        {
          "text": "\u8067##",
          "hover_event": {
            "action": "show_text",
            "value": [
              {
                "text": ""
              },
              [
                {
                  "text": "",
                  "font": "crazy_adventure:manual",
                  "color": "white"
                },
                "\"E\n",
                "\"",
                {
                  "text": "$\u8021"
                },
                "\n",
                "\"",
                {
                  "text": "U$"
                },
                "U$U$",
                {
                  "text": "$$\u8065"
                },
                "\n\"",
                "U$U$U$",
                {
                  "text": "U$"
                },
                "\n",
                "\n"
              ],
              {
                "text": "\n- x1 ",
                "color": "gray"
              },
              {
                "translate": "crazy_adventure.uranium_ingot",
                "color": "gray"
              }
            ]
          },
          "click_event": {
            "action": "show_dialog",
            "dialog": "crazy_adventure:manual/page_8"
          }
        },
        {
          "text": "\u806a\n",
          "hover_event": {
            "action": "show_text",
            "value": [
              {
                "text": ""
              },
              [
                {
                  "text": "",
                  "font": "crazy_adventure:manual",
                  "color": "white"
                },
                "\"F\n",
                "\"",
                {
                  "text": "$\u8021"
                },
                {
                  "text": "$\u8021"
                },
                {
                  "text": "$\u8021"
                },
                "\n",
                "\"",
                {
                  "text": "U$"
                },
                {
                  "text": "U$"
                },
                {
                  "text": "U$"
                },
                "\n",
                "\"",
                {
                  "text": "$\u8021"
                },
                {
                  "text": "$\u8021"
                },
                {
                  "text": "$\u8021"
                },
                "\"\"",
                {
                  "text": "$$\u8027"
                },
                "\n",
                "\"",
                {
                  "text": "U$"
                },
                {
                  "text": "U$"
                },
                {
                  "text": "U$"
                },
                "\"\"",
                {
                  "text": "U$"
                },
                "\n",
                "\"",
                {
                  "text": "$\u8021"
                },
                {
                  "text": "$\u8021"
                },
                {
                  "text": "$\u8021"
                },
                "\n",
                "\"",
                {
                  "text": "U$"
                },
                {
                  "text": "U$"
                },
                {
                  "text": "U$"
                },
                "\n"
              ],
              {
                "text": "\n- x9 ",
                "color": "gray"
              },
              {
                "translate": "crazy_adventure.uranium_ingot",
                "color": "gray"
              }
            ]
          },
          "click_event": {
            "action": "show_dialog",
            "dialog": "crazy_adventure:manual/page_10"
          }
        },
        {
          "text": "0##",
          "hover_event": {
            "action": "show_text",
            "value": [
              {
                "text": ""
              },
              [
                {
                  "text": "",
                  "font": "crazy_adventure:manual",
                  "color": "white"
                },
                "\"E\n",
                "\"",
                {
                  "text": "$\u8027"
                },
                "\n",
                "\"",
                {
                  "text": "U$"
                },
                "U$U$",
                {
                  "text": "$$\u805b"
                },
                "\n\"",
                "U$U$U$",
                {
                  "text": "U$"
                },
                "\n",
                "\n"
              ],
              {
                "text": "\n- x1 ",
                "color": "gray"
              },
              {
                "translate": "crazy_adventure.uranium_block",
                "color": "gray"
              }
            ]
          },
          "click_event": {
            "action": "show_dialog",
            "dialog": "crazy_adventure:manual/page_10"
          }
        },
        {
          "text": "0##",
          "hover_event": {
            "action": "show_text",
            "value": [
              {
                "text": ""
              },
              [
                {
                  "text": "",
                  "font": "crazy_adventure:manual",
                  "color": "white"
                },
                "\"F\n",
                "\"",
                {
                  "text": "$\u8023"
                },
                {
                  "text": "$\u8023"
                },
                {
                  "text": "$\u8023"
                },
                "\n",
                "\"",
                {
                  "text": "U$"
                },
                {
                  "text": "U$"
                },
                {
                  "text": "U$"
                },
                "\n",
                "\"",
                {
                  "text": "$\u8023"
                },
                {
                  "text": "$\u8023"
                },
                {
                  "text": "$\u8023"
                },
                "\"\"",
                {
                  "text": "$$\u8021"
                },
                "\n",
                "\"",
                {
                  "text": "U$"
                },
                {
                  "text": "U$"
                },
                {
                  "text": "U$"
                },
                "\"\"",
                {
                  "text": "U$"
                },
                "\n",
                "\"",
                {
                  "text": "$\u8023"
                },
                {
                  "text": "$\u8023"
                },
                {
                  "text": "$\u8023"
                },
                "\n",
                "\"",
                {
                  "text": "U$"
                },
                {
                  "text": "U$"
                },
                {
                  "text": "U$"
                },
                "\n"
              ],
              {
                "text": "\n- x9 ",
                "color": "gray"
              },
              {
                "translate": "crazy_adventure.uranium_nugget",
                "color": "gray"
              }
            ]
          },
          "click_event": {
            "action": "show_dialog",
            "dialog": "crazy_adventure:manual/page_8"
          }
        },
        {
          "text": "0##",
          "hover_event": {
            "action": "show_text",
            "value": [
              {
                "text": ""
              },
              [
                {
                  "text": "",
                  "font": "crazy_adventure:manual",
                  "color": "white"
                },
                "\"G\n",
                "\"",
                {
                  "text": "$\u8025"
                },
                "\n",
                "\"",
                {
                  "text": "U$"
                },
                "\n",
                "\"\"\"\"U$U$",
                {
                  "text": "$$\u8021"
                },
                "\n",
                "\"\"\"\"U$U$",
                {
                  "text": "U$"
                },
                "\n",
                "\n\n"
              ],
              {
                "translate": "crazy_adventure.smelting",
                "color": "yellow"
              },
              {
                "text": "\n- x1 ",
                "color": "gray"
              },
              {
                "translate": "crazy_adventure.raw_uranium",
                "color": "gray"
              }
            ]
          },
          "click_event": {
            "action": "show_dialog",
            "dialog": "crazy_adventure:manual/page_9"
          }
        },
        {
          "text": "0##",
          "hover_event": {
            "action": "show_text",
            "value": [
              {
                "text": ""
              },
              [
                {
                  "text": "",
                  "font": "crazy_adventure:manual",
                  "color": "white"
                },
                "\"G\n",
                "\"",
                {
                  "text": "$\u8029"
                },
                "\n",
                "\"",
                {
                  "text": "U$"
                },
                "\n",
                "\"\"\"\"U$U$",
                {
                  "text": "$$\u8021"
                },
                "\n",
                "\"\"\"\"U$U$",
                {
                  "text": "U$"
                },
                "\n",
                "\n\n"
              ],
              {
                "translate": "crazy_adventure.smelting",
                "color": "yellow"
              },
              {
                "text": "\n- x1 ",
                "color": "gray"
              },
              {
                "translate": "crazy_adventure.uranium_ore",
                "color": "gray"
              }
            ]
          },
          "click_event": {
            "action": "show_dialog",
            "dialog": "crazy_adventure:manual/page_11"
          }
        },
        {
          "text": "0##",
          "hover_event": {
            "action": "show_text",
            "value": [
              {
                "text": ""
              },
              [
                {
                  "text": "",
                  "font": "crazy_adventure:manual",
                  "color": "white"
                },
                "\"E\n",
                "\"",
                {
                  "text": "$\u8021"
                },
                "\n",
                "\"",
                {
                  "text": "U$"
                },
                "U$U$",
                {
                  "text": "$$\u8065"
                },
                "\n\"",
                "U$U$U$",
                {
                  "text": "U$"
                },
                "\n",
                "\n"
              ],
              {
                "text": "\n- x1 ",
                "color": "gray"
              },
              {
                "translate": "crazy_adventure.uranium_ingot",
                "color": "gray"
              }
            ]
          },
          "click_event": {
            "action": "show_dialog",
            "dialog": "crazy_adventure:manual/page_8"
          }
        },
        {
          "text": "0\n",
          "hover_event": {
            "action": "show_text",
            "value": [
              {
                "text": ""
              },
              [
                {
                  "text": "",
                  "font": "crazy_adventure:manual",
                  "color": "white"
                },
                "\"F\n",
                "\"",
                {
                  "text": "$\u8021"
                },
                {
                  "text": "$\u8021"
                },
                {
                  "text": "$\u8021"
                },
                "\n",
                "\"",
                {
                  "text": "U$"
                },
                {
                  "text": "U$"
                },
                {
                  "text": "U$"
                },
                "\n",
                "\"",
                {
                  "text": "$\u8021"
                },
                {
                  "text": "$\u8021"
                },
                {
                  "text": "$\u8021"
                },
                "\"\"",
                {
                  "text": "$$\u8027"
                },
                "\n",
                "\"",
                {
                  "text": "U$"
                },
                {
                  "text": "U$"
                },
                {
                  "text": "U$"
                },
                "\"\"",
                {
                  "text": "U$"
                },
                "\n",
                "\"",
                {
                  "text": "$\u8021"
                },
                {
                  "text": "$\u8021"
                },
                {
                  "text": "$\u8021"
                },
                "\n",
                "\"",
                {
                  "text": "U$"
                },
                {
                  "text": "U$"
                },
                {
                  "text": "U$"
                },
                "\n"
              ],
              {
                "text": "\n- x9 ",
                "color": "gray"
              },
              {
                "translate": "crazy_adventure.uranium_ingot",
                "color": "gray"
              }
            ]
          },
          "click_event": {
            "action": "show_dialog",
            "dialog": "crazy_adventure:manual/page_10"
          }
        },
        {
          "text": "\u806d##",
          "hover_event": {
            "action": "show_text",
            "value": [
              {
                "text": ""
              },
              [
                {
                  "text": "",
                  "font": "crazy_adventure:manual",
                  "color": "white"
                },
                "\"F\n",
                "\"",
                {
                  "text": "$\u8021"
                },
                {
                  "text": "$\u8021"
                },
                {
                  "text": "$\u8021"
                },
                "\n",
                "\"",
                {
                  "text": "U$"
                },
                {
                  "text": "U$"
                },
                {
                  "text": "U$"
                },
                "\n",
                "\"",
                {
                  "text": "$\u8021"
                },
                "U$",
                {
                  "text": "$\u8021"
                },
                "\"\"",
                {
                  "text": "$$\u8035"
                },
                "\n",
                "\"",
                {
                  "text": "U$"
                },
                "U$",
                {
                  "text": "U$"
                },
                "\"\"",
                {
                  "text": "U$"
                },
                "\n",
                "\n\n"
              ],
              {
                "text": "\n- x5 ",
                "color": "gray"
              },
              {
                "translate": "crazy_adventure.uranium_ingot",
                "color": "gray"
              }
            ]
          },
          "priority": 0,
          "click_event": {
            "action": "show_dialog",
            "dialog": "crazy_adventure:manual/page_17"
          }
        },
        {
          "text": "\u8070##",
          "hover_event": {
            "action": "show_text",
            "value": [
              {
                "text": ""
              },
              [
                {
                  "text": "",
                  "font": "crazy_adventure:manual",
                  "color": "white"
                },
                "\"F\n",
                "\"",
                {
                  "text": "$\u8021"
                },
                "U$",
                {
                  "text": "$\u8021"
                },
                "\n",
                "\"",
                {
                  "text": "U$"
                },
                "U$",
                {
                  "text": "U$"
                },
                "\n",
                "\"",
                {
                  "text": "$\u8021"
                },
                {
                  "text": "$\u8021"
                },
                {
                  "text": "$\u8021"
                },
                "\"\"",
                {
                  "text": "$$\u8037"
                },
                "\n",
                "\"",
                {
                  "text": "U$"
                },
                {
                  "text": "U$"
                },
                {
                  "text": "U$"
                },
                "\"\"",
                {
                  "text": "U$"
                },
                "\n",
                "\"",
                {
                  "text": "$\u8021"
                },
                {
                  "text": "$\u8021"
                },
                {
                  "text": "$\u8021"
                },
                "\n",
                "\"",
                {
                  "text": "U$"
                },
                {
                  "text": "U$"
                },
                {
                  "text": "U$"
                },
                "\n"
              ],
              {
                "text": "\n- x8 ",
                "color": "gray"
              },
              {
                "translate": "crazy_adventure.uranium_ingot",
                "color": "gray"
              }
            ]
          },
          "priority": 0,
          "click_event": {
            "action": "show_dialog",
            "dialog": "crazy_adventure:manual/page_18"
          }
        },
        {
          "text": "\u8073##",
          "hover_event": {
            "action": "show_text",
            "value": [
              {
                "text": ""
              },
              [
                {
                  "text": "",
                  "font": "crazy_adventure:manual",
                  "color": "white"
                },
                "\"F\n",
                "\"",
                {
                  "text": "$\u8021"
                },
                {
                  "text": "$\u8021"
                },
                {
                  "text": "$\u8021"
                },
                "\n",
                "\"",
                {
                  "text": "U$"
                },
                {
                  "text": "U$"
                },
                {
                  "text": "U$"
                },
                "\n",
                "\"",
                {
                  "text": "$\u8021"
                },
                "U$",
                {
                  "text": "$\u8021"
                },
                "\"\"",
                {
                  "text": "$$\u8039"
                },
                "\n",
                "\"",
                {
                  "text": "U$"
                },
                "U$",
                {
                  "text": "U$"
                },
                "\"\"",
                {
                  "text": "U$"
                },
                "\n",
                "\"",
                {
                  "text": "$\u8021"
                },
                "U$",
                {
                  "text": "$\u8021"
                },
                "\n",
                "\"",
                {
                  "text": "U$"
                },
                "U$",
                {
                  "text": "U$"
                },
                "\n"
              ],
              {
                "text": "\n- x7 ",
                "color": "gray"
              },
              {
                "translate": "crazy_adventure.uranium_ingot",
                "color": "gray"
              }
            ]
          },
          "priority": 0,
          "click_event": {
            "action": "show_dialog",
            "dialog": "crazy_adventure:manual/page_19"
          }
        },
        {
          "text": "\u8076##",
          "hover_event": {
            "action": "show_text",
            "value": [
              {
                "text": ""
              },
              [
                {
                  "text": "",
                  "font": "crazy_adventure:manual",
                  "color": "white"
                },
                "\"F\n",
                "\"",
                {
                  "text": "$\u8021"
                },
                "U$",
                {
                  "text": "$\u8021"
                },
                "\n",
                "\"",
                {
                  "text": "U$"
                },
                "U$",
                {
                  "text": "U$"
                },
                "\n",
                "\"",
                {
                  "text": "$\u8021"
                },
                "U$",
                {
                  "text": "$\u8021"
                },
                "\"\"",
                {
                  "text": "$$\u803b"
                },
                "\n",
                "\"",
                {
                  "text": "U$"
                },
                "U$",
                {
                  "text": "U$"
                },
                "\"\"",
                {
                  "text": "U$"
                },
                "\n",
                "\n\n"
              ],
              {
                "text": "\n- x4 ",
                "color": "gray"
              },
              {
                "translate": "crazy_adventure.uranium_ingot",
                "color": "gray"
              }
            ]
          },
          "priority": 0,
          "click_event": {
            "action": "show_dialog",
            "dialog": "crazy_adventure:manual/page_20"
          }
        },
        {
          "text": "\u807a##",
          "hover_event": {
            "action": "show_text",
            "value": [
              {
                "text": ""
              },
              [
                {
                  "text": "",
                  "font": "crazy_adventure:manual",
                  "color": "white"
                },
                "\"F\n",
                "\"",
                "U$",
                {
                  "text": "$\u8021"
                },
                "U$",
                "\n",
                "\"",
                "U$",
                {
                  "text": "U$"
                },
                "U$",
                "\n",
                "\"",
                "U$",
                {
                  "text": "$\u8021"
                },
                "U$",
                "\"\"",
                {
                  "text": "$$\u803d"
                },
                "\n",
                "\"",
                "U$",
                {
                  "text": "U$"
                },
                "U$",
                "\"\"",
                {
                  "text": "U$"
                },
                "\n",
                "\"",
                "U$",
                {
                  "text": "$\u8079"
                },
                "U$",
                "\n",
                "\"",
                "U$",
                {
                  "text": "U$"
                },
                "U$",
                "\n"
              ],
              {
                "text": "\n- x2 ",
                "color": "gray"
              },
              {
                "translate": "crazy_adventure.uranium_ingot",
                "color": "gray"
              },
              {
                "text": "\n- x1 ",
                "color": "gray"
              },
              {
                "translate": "crazy_adventure.stick",
                "color": "gray"
              }
            ]
          },
          "priority": 0,
          "click_event": {
            "action": "show_dialog",
            "dialog": "crazy_adventure:manual/page_21"
          }
        },
        {
          "text": "\u807e\n",
          "hover_event": {
            "action": "show_text",
            "value": [
              {
                "text": ""
              },
              [
                {
                  "text": "",
                  "font": "crazy_adventure:manual",
                  "color": "white"
                },
                "\"F\n",
                "\"",
                {
                  "text": "$\u8021"
                },
                {
                  "text": "$\u8021"
                },
                {
                  "text": "$\u8021"
                },
                "\n",
                "\"",
                {
                  "text": "U$"
                },
                {
                  "text": "U$"
                },
                {
                  "text": "U$"
                },
                "\n",
                "\"",
                "U$",
                {
                  "text": "$\u8079"
                },
                "U$",
                "\"\"",
                {
                  "text": "$$\u803f"
                },
                "\n",
                "\"",
                "U$",
                {
                  "text": "U$"
                },
                "U$",
                "\"\"",
                {
                  "text": "U$"
                },
                "\n",
                "\"",
                "U$",
                {
                  "text": "$\u8079"
                },
                "U$",
                "\n",
                "\"",
                "U$",
                {
                  "text": "U$"
                },
                "U$",
                "\n"
              ],
              {
                "text": "\n- x3 ",
                "color": "gray"
              },
              {
                "translate": "crazy_adventure.uranium_ingot",
                "color": "gray"
              },
              {
                "text": "\n- x2 ",
                "color": "gray"
              },
              {
                "translate": "crazy_adventure.stick",
                "color": "gray"
              }
            ]
          },
          "priority": 0,
          "click_event": {
            "action": "show_dialog",
            "dialog": "crazy_adventure:manual/page_22"
          }
        },
        {
          "text": "0##",
          "hover_event": {
            "action": "show_text",
            "value": [
              {
                "text": ""
              },
              [
                {
                  "text": "",
                  "font": "crazy_adventure:manual",
                  "color": "white"
                },
                "\"F\n",
                "\"",
                {
                  "text": "$\u8021"
                },
                {
                  "text": "$\u8021"
                },
                {
                  "text": "$\u8021"
                },
                "\n",
                "\"",
                {
                  "text": "U$"
                },
                {
                  "text": "U$"
                },
                {
                  "text": "U$"
                },
                "\n",
                "\"",
                {
                  "text": "$\u8021"
                },
                "U$",
                {
                  "text": "$\u8021"
                },
                "\"\"",
                {
                  "text": "$$\u8035"
                },
                "\n",
                "\"",
                {
                  "text": "U$"
                },
                "U$",
                {
                  "text": "U$"
                },
                "\"\"",
                {
                  "text": "U$"
                },
                "\n",
                "\n\n"
              ],
              {
                "text": "\n- x5 ",
                "color": "gray"
              },
              {
                "translate": "crazy_adventure.uranium_ingot",
                "color": "gray"
              }
            ]
          },
          "priority": 0,
          "click_event": {
            "action": "show_dialog",
            "dialog": "crazy_adventure:manual/page_17"
          }
        },
        {
          "text": "0##",
          "hover_event": {
            "action": "show_text",
            "value": [
              {
                "text": ""
              },
              [
                {
                  "text": "",
                  "font": "crazy_adventure:manual",
                  "color": "white"
                },
                "\"F\n",
                "\"",
                {
                  "text": "$\u8021"
                },
                "U$",
                {
                  "text": "$\u8021"
                },
                "\n",
                "\"",
                {
                  "text": "U$"
                },
                "U$",
                {
                  "text": "U$"
                },
                "\n",
                "\"",
                {
                  "text": "$\u8021"
                },
                {
                  "text": "$\u8021"
                },
                {
                  "text": "$\u8021"
                },
                "\"\"",
                {
                  "text": "$$\u8037"
                },
                "\n",
                "\"",
                {
                  "text": "U$"
                },
                {
                  "text": "U$"
                },
                {
                  "text": "U$"
                },
                "\"\"",
                {
                  "text": "U$"
                },
                "\n",
                "\"",
                {
                  "text": "$\u8021"
                },
                {
                  "text": "$\u8021"
                },
                {
                  "text": "$\u8021"
                },
                "\n",
                "\"",
                {
                  "text": "U$"
                },
                {
                  "text": "U$"
                },
                {
                  "text": "U$"
                },
                "\n"
              ],
              {
                "text": "\n- x8 ",
                "color": "gray"
              },
              {
                "translate": "crazy_adventure.uranium_ingot",
                "color": "gray"
              }
            ]
          },
          "priority": 0,
          "click_event": {
            "action": "show_dialog",
            "dialog": "crazy_adventure:manual/page_18"
          }
        },
        {
          "text": "0##",
          "hover_event": {
            "action": "show_text",
            "value": [
              {
                "text": ""
              },
              [
                {
                  "text": "",
                  "font": "crazy_adventure:manual",
                  "color": "white"
                },
                "\"F\n",
                "\"",
                {
                  "text": "$\u8021"
                },
                {
                  "text": "$\u8021"
                },
                {
                  "text": "$\u8021"
                },
                "\n",
                "\"",
                {
                  "text": "U$"
                },
                {
                  "text": "U$"
                },
                {
                  "text": "U$"
                },
                "\n",
                "\"",
                {
                  "text": "$\u8021"
                },
                "U$",
                {
                  "text": "$\u8021"
                },
                "\"\"",
                {
                  "text": "$$\u8039"
                },
                "\n",
                "\"",
                {
                  "text": "U$"
                },
                "U$",
                {
                  "text": "U$"
                },
                "\"\"",
                {
                  "text": "U$"
                },
                "\n",
                "\"",
                {
                  "text": "$\u8021"
                },
                "U$",
                {
                  "text": "$\u8021"
                },
                "\n",
                "\"",
                {
                  "text": "U$"
                },
                "U$",
                {
                  "text": "U$"
                },
                "\n"
              ],
              {
                "text": "\n- x7 ",
                "color": "gray"
              },
              {
                "translate": "crazy_adventure.uranium_ingot",
                "color": "gray"
              }
            ]
          },
          "priority": 0,
          "click_event": {
            "action": "show_dialog",
            "dialog": "crazy_adventure:manual/page_19"
          }
        },
        {
          "text": "0##",
          "hover_event": {
            "action": "show_text",
            "value": [
              {
                "text": ""
              },
              [
                {
                  "text": "",
                  "font": "crazy_adventure:manual",
                  "color": "white"
                },
                "\"F\n",
                "\"",
                {
                  "text": "$\u8021"
                },
                "U$",
                {
                  "text": "$\u8021"
                },
                "\n",
                "\"",
                {
                  "text": "U$"
                },
                "U$",
                {
                  "text": "U$"
                },
                "\n",
                "\"",
                {
                  "text": "$\u8021"
                },
                "U$",
                {
                  "text": "$\u8021"
                },
                "\"\"",
                {
                  "text": "$$\u803b"
                },
                "\n",
                "\"",
                {
                  "text": "U$"
                },
                "U$",
                {
                  "text": "U$"
                },
                "\"\"",
                {
                  "text": "U$"
                },
                "\n",
                "\n\n"
              ],
              {
                "text": "\n- x4 ",
                "color": "gray"
              },
              {
                "translate": "crazy_adventure.uranium_ingot",
                "color": "gray"
              }
            ]
          },
          "priority": 0,
          "click_event": {
            "action": "show_dialog",
            "dialog": "crazy_adventure:manual/page_20"
          }
        },
        {
          "text": "0##",
          "hover_event": {
            "action": "show_text",
            "value": [
              {
                "text": ""
              },
              [
                {
                  "text": "",
                  "font": "crazy_adventure:manual",
                  "color": "white"
                },
                "\"F\n",
                "\"",
                "U$",
                {
                  "text": "$\u8021"
                },
                "U$",
                "\n",
                "\"",
                "U$",
                {
                  "text": "U$"
                },
                "U$",
                "\n",
                "\"",
                "U$",
                {
                  "text": "$\u8021"
                },
                "U$",
                "\"\"",
                {
                  "text": "$$\u803d"
                },
                "\n",
                "\"",
                "U$",
                {
                  "text": "U$"
                },
                "U$",
                "\"\"",
                {
                  "text": "U$"
                },
                "\n",
                "\"",
                "U$",
                {
                  "text": "$\u8079"
                },
                "U$",
                "\n",
                "\"",
                "U$",
                {
                  "text": "U$"
                },
                "U$",
                "\n"
              ],
              {
                "text": "\n- x2 ",
                "color": "gray"
              },
              {
                "translate": "crazy_adventure.uranium_ingot",
                "color": "gray"
              },
              {
                "text": "\n- x1 ",
                "color": "gray"
              },
              {
                "translate": "crazy_adventure.stick",
                "color": "gray"
              }
            ]
          },
          "priority": 0,
          "click_event": {
            "action": "show_dialog",
            "dialog": "crazy_adventure:manual/page_21"
          }
        },
        {
          "text": "0\n",
          "hover_event": {
            "action": "show_text",
            "value": [
              {
                "text": ""
              },
              [
                {
                  "text": "",
                  "font": "crazy_adventure:manual",
                  "color": "white"
                },
                "\"F\n",
                "\"",
                {
                  "text": "$\u8021"
                },
                {
                  "text": "$\u8021"
                },
                {
                  "text": "$\u8021"
                },
                "\n",
                "\"",
                {
                  "text": "U$"
                },
                {
                  "text": "U$"
                },
                {
                  "text": "U$"
                },
                "\n",
                "\"",
                "U$",
                {
                  "text": "$\u8079"
                },
                "U$",
                "\"\"",
                {
                  "text": "$$\u803f"
                },
                "\n",
                "\"",
                "U$",
                {
                  "text": "U$"
                },
                "U$",
                "\"\"",
                {
                  "text": "U$"
                },
                "\n",
                "\"",
                "U$",
                {
                  "text": "$\u8079"
                },
                "U$",
                "\n",
                "\"",
                "U$",
                {
                  "text": "U$"
                },
                "U$",
                "\n"
              ],
              {
                "text": "\n- x3 ",
                "color": "gray"
              },
              {
                "translate": "crazy_adventure.uranium_ingot",
                "color": "gray"
              },
              {
                "text": "\n- x2 ",
                "color": "gray"
              },
              {
                "translate": "crazy_adventure.stick",
                "color": "gray"
              }
            ]
          },
          "priority": 0,
          "click_event": {
            "action": "show_dialog",
            "dialog": "crazy_adventure:manual/page_22"
          }
        },
        {
          "text": "\u8082##",
          "hover_event": {
            "action": "show_text",
            "value": [
              {
                "text": ""
              },
              [
                {
                  "text": "",
                  "font": "crazy_adventure:manual",
                  "color": "white"
                },
                "\"F\n",
                "\"",
                {
                  "text": "$\u8021"
                },
                {
                  "text": "$\u8021"
                },
                "\n",
                "\"",
                {
                  "text": "U$"
                },
                {
                  "text": "U$"
                },
                "\n",
                "\"",
                {
                  "text": "$\u8021"
                },
                {
                  "text": "$\u8079"
                },
                "U$\"\"",
                {
                  "text": "$$\u8041"
                },
                "\n",
                "\"",
                {
                  "text": "U$"
                },
                {
                  "text": "U$"
                },
                "U$\"\"",
                {
                  "text": "U$"
                },
                "\n",
                "\"",
                "U$",
                {
                  "text": "$\u8079"
                },
                "\n",
                "\"",
                "U$",
                {
                  "text": "U$"
                },
                "\n"
              ],
              {
                "text": "\n- x3 ",
                "color": "gray"
              },
              {
                "translate": "crazy_adventure.uranium_ingot",
                "color": "gray"
              },
              {
                "text": "\n- x2 ",
                "color": "gray"
              },
              {
                "translate": "crazy_adventure.stick",
                "color": "gray"
              }
            ]
          },
          "priority": 0,
          "click_event": {
            "action": "show_dialog",
            "dialog": "crazy_adventure:manual/page_23"
          }
        },
        {
          "text": "\u8086##",
          "hover_event": {
            "action": "show_text",
            "value": [
              {
                "text": ""
              },
              [
                {
                  "text": "",
                  "font": "crazy_adventure:manual",
                  "color": "white"
                },
                "\"F\n",
                "\"",
                "U$",
                {
                  "text": "$\u8021"
                },
                "U$",
                "\n",
                "\"",
                "U$",
                {
                  "text": "U$"
                },
                "U$",
                "\n",
                "\"",
                "U$",
                {
                  "text": "$\u8079"
                },
                "U$",
                "\"\"",
                {
                  "text": "$$\u8043"
                },
                "\n",
                "\"",
                "U$",
                {
                  "text": "U$"
                },
                "U$",
                "\"\"",
                {
                  "text": "U$"
                },
                "\n",
                "\"",
                "U$",
                {
                  "text": "$\u8079"
                },
                "U$",
                "\n",
                "\"",
                "U$",
                {
                  "text": "U$"
                },
                "U$",
                "\n"
              ],
              {
                "text": "\n- x1 ",
                "color": "gray"
              },
              {
                "translate": "crazy_adventure.uranium_ingot",
                "color": "gray"
              },
              {
                "text": "\n- x2 ",
                "color": "gray"
              },
              {
                "translate": "crazy_adventure.stick",
                "color": "gray"
              }
            ]
          },
          "priority": 0,
          "click_event": {
            "action": "show_dialog",
            "dialog": "crazy_adventure:manual/page_24"
          }
        },
        {
          "text": "\u808a\n",
          "hover_event": {
            "action": "show_text",
            "value": [
              {
                "text": ""
              },
              [
                {
                  "text": "",
                  "font": "crazy_adventure:manual",
                  "color": "white"
                },
                "\"F\n",
                "\"",
                {
                  "text": "$\u8021"
                },
                {
                  "text": "$\u8021"
                },
                "\n",
                "\"",
                {
                  "text": "U$"
                },
                {
                  "text": "U$"
                },
                "\n",
                "\"",
                "U$",
                {
                  "text": "$\u8079"
                },
                "U$\"\"",
                {
                  "text": "$$\u8045"
                },
                "\n",
                "\"",
                "U$",
                {
                  "text": "U$"
                },
                "U$\"\"",
                {
                  "text": "U$"
                },
                "\n",
                "\"",
                "U$",
                {
                  "text": "$\u8079"
                },
                "\n",
                "\"",
                "U$",
                {
                  "text": "U$"
                },
                "\n"
              ],
              {
                "text": "\n- x2 ",
                "color": "gray"
              },
              {
                "translate": "crazy_adventure.uranium_ingot",
                "color": "gray"
              },
              {
                "text": "\n- x2 ",
                "color": "gray"
              },
              {
                "translate": "crazy_adventure.stick",
                "color": "gray"
              }
            ]
          },
          "priority": 0,
          "click_event": {
            "action": "show_dialog",
            "dialog": "crazy_adventure:manual/page_25"
          }
        },
        {
          "text": "0##",
          "hover_event": {
            "action": "show_text",
            "value": [
              {
                "text": ""
              },
              [
                {
                  "text": "",
                  "font": "crazy_adventure:manual",
                  "color": "white"
                },
                "\"F\n",
                "\"",
                {
                  "text": "$\u8021"
                },
                {
                  "text": "$\u8021"
                },
                "\n",
                "\"",
                {
                  "text": "U$"
                },
                {
                  "text": "U$"
                },
                "\n",
                "\"",
                {
                  "text": "$\u8021"
                },
                {
                  "text": "$\u8079"
                },
                "U$\"\"",
                {
                  "text": "$$\u8041"
                },
                "\n",
                "\"",
                {
                  "text": "U$"
                },
                {
                  "text": "U$"
                },
                "U$\"\"",
                {
                  "text": "U$"
                },
                "\n",
                "\"",
                "U$",
                {
                  "text": "$\u8079"
                },
                "\n",
                "\"",
                "U$",
                {
                  "text": "U$"
                },
                "\n"
              ],
              {
                "text": "\n- x3 ",
                "color": "gray"
              },
              {
                "translate": "crazy_adventure.uranium_ingot",
                "color": "gray"
              },
              {
                "text": "\n- x2 ",
                "color": "gray"
              },
              {
                "translate": "crazy_adventure.stick",
                "color": "gray"
              }
            ]
          },
          "priority": 0,
          "click_event": {
            "action": "show_dialog",
            "dialog": "crazy_adventure:manual/page_23"
          }
        },
        {
          "text": "0##",
          "hover_event": {
            "action": "show_text",
            "value": [
              {
                "text": ""
              },
              [
                {
                  "text": "",
                  "font": "crazy_adventure:manual",
                  "color": "white"
                },
                "\"F\n",
                "\"",
                "U$",
                {
                  "text": "$\u8021"
                },
                "U$",
                "\n",
                "\"",
                "U$",
                {
                  "text": "U$"
                },
                "U$",
                "\n",
                "\"",
                "U$",
                {
                  "text": "$\u8079"
                },
                "U$",
                "\"\"",
                {
                  "text": "$$\u8043"
                },
                "\n",
                "\"",
                "U$",
                {
                  "text": "U$"
                },
                "U$",
                "\"\"",
                {
                  "text": "U$"
                },
                "\n",
                "\"",
                "U$",
                {
                  "text": "$\u8079"
                },
                "U$",
                "\n",
                "\"",
                "U$",
                {
                  "text": "U$"
                },
                "U$",
                "\n"
              ],
              {
                "text": "\n- x1 ",
                "color": "gray"
              },
              {
                "translate": "crazy_adventure.uranium_ingot",
                "color": "gray"
              },
              {
                "text": "\n- x2 ",
                "color": "gray"
              },
              {
                "translate": "crazy_adventure.stick",
                "color": "gray"
              }
            ]
          },
          "priority": 0,
          "click_event": {
            "action": "show_dialog",
            "dialog": "crazy_adventure:manual/page_24"
          }
        },
        {
          "text": "0",
          "hover_event": {
            "action": "show_text",
            "value": [
              {
                "text": ""
              },
              [
                {
                  "text": "",
                  "font": "crazy_adventure:manual",
                  "color": "white"
                },
                "\"F\n",
                "\"",
                {
                  "text": "$\u8021"
                },
                {
                  "text": "$\u8021"
                },
                "\n",
                "\"",
                {
                  "text": "U$"
                },
                {
                  "text": "U$"
                },
                "\n",
                "\"",
                "U$",
                {
                  "text": "$\u8079"
                },
                "U$\"\"",
                {
                  "text": "$$\u8045"
                },
                "\n",
                "\"",
                "U$",
                {
                  "text": "U$"
                },
                "U$\"\"",
                {
                  "text": "U$"
                },
                "\n",
                "\"",
                "U$",
                {
                  "text": "$\u8079"
                },
                "\n",
                "\"",
                "U$",
                {
                  "text": "U$"
                },
                "\n"
              ],
              {
                "text": "\n- x2 ",
                "color": "gray"
              },
              {
                "translate": "crazy_adventure.uranium_ingot",
                "color": "gray"
              },
              {
                "text": "\n- x2 ",
                "color": "gray"
              },
              {
                "translate": "crazy_adventure.stick",
                "color": "gray"
              }
            ]
          },
          "priority": 0,
          "click_event": {
            "action": "show_dialog",
            "dialog": "crazy_adventure:manual/page_25"
          }
        },
        "\n\n\n\n\n\n\n\n\n\n\n\n\n\n"
      ],
      "width": 140
    }
  ]
}
