{
  "type": "minecraft:notice",
  "title": [
    "",
    {
      "sprite": "crazy_adventure:item/uranium_waste",
      "shadow_color": [
        0,
        0,
        0,
        0
      ],
      "atlas": "minecraft:items"
    },
    " ",
    {
      "translate": "crazy_adventure.uranium_waste",
      "underlined": true
    },
    " ",
    {
      "sprite": "crazy_adventure:item/uranium_waste",
      "shadow_color": [
        0,
        0,
        0,
        0
      ],
      "atlas": "minecraft:items"
    }
  ],
  "body": [
    {
      "type": "minecraft:plain_message",
      "contents": [
        {
          "text": "V   ",
          "font": "crazy_adventure:manual",
          "color": "white"
        },
        {
          "text": "\n   ",
          "click_event": {
            "action": "show_dialog",
            "dialog": "crazy_adventure:manual/page_46"
          },
          "hover_event": {
            "action": "show_text",
            "value": [
              {
                "translate": "crazy_adventure.go_to_previous_page"
              },
              " (46)"
            ]
          }
        },
        " ",
        {
          "text": "   ",
          "click_event": {
            "action": "show_dialog",
            "dialog": "crazy_adventure:manual/page_48"
          },
          "hover_event": {
            "action": "show_text",
            "value": [
              {
                "translate": "crazy_adventure.go_to_next_page"
              },
              " (48)"
            ]
          }
        },
        {
          "text": "\n   ",
          "click_event": {
            "action": "show_dialog",
            "dialog": "crazy_adventure:manual/page_46"
          },
          "hover_event": {
            "action": "show_text",
            "value": [
              {
                "translate": "crazy_adventure.go_to_previous_page"
              },
              " (46)"
            ]
          }
        },
        " ",
        {
          "text": "   ",
          "click_event": {
            "action": "show_dialog",
            "dialog": "crazy_adventure:manual/page_48"
          },
          "hover_event": {
            "action": "show_text",
            "value": [
              {
                "translate": "crazy_adventure.go_to_next_page"
              },
              " (48)"
            ]
          }
        }
      ],
      "width": 400
    },
    {
      "type": "minecraft:plain_message",
      "contents": [
        {
          "text": "",
          "font": "crazy_adventure:manual",
          "color": "white",
          "shadow_color": [
            0,
            0,
            0,
            0
          ]
        },
        "\u104e\n",
        {
          "text": "  \n  \n  \n  \n\n",
          "hover_event": {
            "action": "show_item",
            "id": "command_block",
            "components": {
              "tooltip_display": {
                "hidden_components": [
                  "minecraft:unbreakable"
                ]
              },
              "item_model": "crazy_adventure:uranium_waste",
              "item_name": {
                "translate": "crazy_adventure.uranium_waste"
              },
              "lore": [
                [
                  "",
                  {
                    "text": "I",
                    "color": "white",
                    "italic": false,
                    "font": "crazy_adventure:icons"
                  },
                  {
                    "translate": "crazy_adventure.crazy",
                    "color": "green"
                  },
                  {
                    "translate": "crazy_adventure.adventure",
                    "color": "gray"
                  }
                ]
              ],
              "custom_data": {
                "crazy_adventure": {
                  "uranium_waste": true
                },
                "smithed": {
                  "ignore": {
                    "functionality": true,
                    "crafting": true
                  }
                }
              }
            }
          },
          "click_event": {
            "action": "show_dialog",
            "dialog": "crazy_adventure:manual/page_47"
          }
        },
        {
          "text": "1##",
          "hover_event": {
            "action": "show_text",
            "value": [
              {
                "translate": "crazy_adventure.that_looks_tasty",
                "color": "green"
              },
              {
                "translate": "crazy_adventure.obtained_with_nuclear_reactors_1_2",
                "color": "gray"
              }
            ]
          }
        },
        {
          "text": "\u82d2##",
          "hover_event": {
            "action": "show_text",
            "value": [
              {
                "text": ""
              },
              [
                {
                  "text": "",
                  "font": "crazy_adventure:manual",
                  "color": "white"
                },
                "\"F\n",
                "\"",
                {
                  "text": "$\u806b"
                },
                {
                  "text": "$\u806b"
                },
                {
                  "text": "$\u806b"
                },
                "\n",
                "\"",
                {
                  "text": "U$"
                },
                {
                  "text": "U$"
                },
                {
                  "text": "U$"
                },
                "\n",
                "\"",
                {
                  "text": "$\u806b"
                },
                {
                  "text": "$\u82d1"
                },
                {
                  "text": "$\u806b"
                },
                "\"\"",
                {
                  "text": "$$\u806d"
                },
                "\n",
                "\"",
                {
                  "text": "U$"
                },
                {
                  "text": "U$"
                },
                {
                  "text": "U$"
                },
                "\"\"",
                {
                  "text": "U$"
                },
                "\n",
                "\"",
                {
                  "text": "$\u806b"
                },
                {
                  "text": "$\u806b"
                },
                {
                  "text": "$\u806b"
                },
                "\n",
                "\"",
                {
                  "text": "U$"
                },
                {
                  "text": "U$"
                },
                {
                  "text": "U$"
                },
                "\n"
              ],
              {
                "text": "\n- x8 ",
                "color": "gray"
              },
              {
                "translate": "crazy_adventure.uranium_waste",
                "color": "gray"
              },
              {
                "text": "\n- x1 ",
                "color": "gray"
              },
              {
                "translate": "crazy_adventure.barrel",
                "color": "gray"
              }
            ]
          },
          "click_event": {
            "action": "show_dialog",
            "dialog": "crazy_adventure:manual/page_48"
          }
        },
        {
          "text": "\u82d7\n",
          "hover_event": {
            "action": "show_text",
            "value": [
              {
                "text": ""
              },
              [
                {
                  "text": "",
                  "font": "crazy_adventure:manual",
                  "color": "white"
                },
                "\"F\n",
                "\"",
                "U$",
                {
                  "text": "$\u806b"
                },
                {
                  "text": "$\u8069"
                },
                "\n",
                "\"",
                "U$",
                {
                  "text": "U$"
                },
                {
                  "text": "U$"
                },
                "\n",
                "\"",
                "U$",
                {
                  "text": "$\u82cc"
                },
                {
                  "text": "$\u806b"
                },
                "\"\"",
                {
                  "text": "$$\u80a5"
                },
                "\n",
                "\"",
                "U$",
                {
                  "text": "U$"
                },
                {
                  "text": "U$"
                },
                "\"\"",
                {
                  "text": "U$"
                },
                "\n",
                "\"",
                {
                  "text": "$\u82cc"
                },
                "U$",
                "U$",
                "\n",
                "\"",
                {
                  "text": "U$"
                },
                "U$",
                "U$",
                "\n"
              ],
              {
                "text": "\n- x1 ",
                "color": "gray"
              },
              {
                "translate": "crazy_adventure.uranium_core",
                "color": "gray"
              },
              {
                "text": "\n- x2 ",
                "color": "gray"
              },
              {
                "translate": "crazy_adventure.uranium_waste",
                "color": "gray"
              },
              {
                "text": "\n- x2 ",
                "color": "gray"
              },
              {
                "translate": "crazy_adventure.blaze_rod",
                "color": "gray"
              }
            ]
          },
          "click_event": {
            "action": "show_dialog",
            "dialog": "crazy_adventure:manual/page_76"
          }
        },
        {
          "text": "0##",
          "hover_event": {
            "action": "show_text",
            "value": [
              {
                "translate": "crazy_adventure.that_looks_tasty",
                "color": "green"
              },
              {
                "translate": "crazy_adventure.obtained_with_nuclear_reactors_1_2",
                "color": "gray"
              }
            ]
          }
        },
        {
          "text": "0##",
          "hover_event": {
            "action": "show_text",
            "value": [
              {
                "text": ""
              },
              [
                {
                  "text": "",
                  "font": "crazy_adventure:manual",
                  "color": "white"
                },
                "\"F\n",
                "\"",
                {
                  "text": "$\u806b"
                },
                {
                  "text": "$\u806b"
                },
                {
                  "text": "$\u806b"
                },
                "\n",
                "\"",
                {
                  "text": "U$"
                },
                {
                  "text": "U$"
                },
                {
                  "text": "U$"
                },
                "\n",
                "\"",
                {
                  "text": "$\u806b"
                },
                {
                  "text": "$\u82d1"
                },
                {
                  "text": "$\u806b"
                },
                "\"\"",
                {
                  "text": "$$\u806d"
                },
                "\n",
                "\"",
                {
                  "text": "U$"
                },
                {
                  "text": "U$"
                },
                {
                  "text": "U$"
                },
                "\"\"",
                {
                  "text": "U$"
                },
                "\n",
                "\"",
                {
                  "text": "$\u806b"
                },
                {
                  "text": "$\u806b"
                },
                {
                  "text": "$\u806b"
                },
                "\n",
                "\"",
                {
                  "text": "U$"
                },
                {
                  "text": "U$"
                },
                {
                  "text": "U$"
                },
                "\n"
              ],
              {
                "text": "\n- x8 ",
                "color": "gray"
              },
              {
                "translate": "crazy_adventure.uranium_waste",
                "color": "gray"
              },
              {
                "text": "\n- x1 ",
                "color": "gray"
              },
              {
                "translate": "crazy_adventure.barrel",
                "color": "gray"
              }
            ]
          },
          "click_event": {
            "action": "show_dialog",
            "dialog": "crazy_adventure:manual/page_48"
          }
        },
        {
          "text": "0",
          "hover_event": {
            "action": "show_text",
            "value": [
              {
                "text": ""
              },
              [
                {
                  "text": "",
                  "font": "crazy_adventure:manual",
                  "color": "white"
                },
                "\"F\n",
                "\"",
                "U$",
                {
                  "text": "$\u806b"
                },
                {
                  "text": "$\u8069"
                },
                "\n",
                "\"",
                "U$",
                {
                  "text": "U$"
                },
                {
                  "text": "U$"
                },
                "\n",
                "\"",
                "U$",
                {
                  "text": "$\u82cc"
                },
                {
                  "text": "$\u806b"
                },
                "\"\"",
                {
                  "text": "$$\u80a5"
                },
                "\n",
                "\"",
                "U$",
                {
                  "text": "U$"
                },
                {
                  "text": "U$"
                },
                "\"\"",
                {
                  "text": "U$"
                },
                "\n",
                "\"",
                {
                  "text": "$\u82cc"
                },
                "U$",
                "U$",
                "\n",
                "\"",
                {
                  "text": "U$"
                },
                "U$",
                "U$",
                "\n"
              ],
              {
                "text": "\n- x1 ",
                "color": "gray"
              },
              {
                "translate": "crazy_adventure.uranium_core",
                "color": "gray"
              },
              {
                "text": "\n- x2 ",
                "color": "gray"
              },
              {
                "translate": "crazy_adventure.uranium_waste",
                "color": "gray"
              },
              {
                "text": "\n- x2 ",
                "color": "gray"
              },
              {
                "translate": "crazy_adventure.blaze_rod",
                "color": "gray"
              }
            ]
          },
          "click_event": {
            "action": "show_dialog",
            "dialog": "crazy_adventure:manual/page_76"
          }
        },
        "\n\n\n\n\n\n\n\n\n\n\n\n\n\n\n\n\n\n"
      ],
      "width": 140
    }
  ]
}
