{
  "type": "minecraft:notice",
  "title": {
    "translate": "crazy_adventure.miscellaneous",
    "underlined": true
  },
  "body": [
    {
      "type": "minecraft:plain_message",
      "contents": [
        {
          "text": "V   ",
          "font": "crazy_adventure:manual",
          "color": "white"
        },
        {
          "text": "\n   ",
          "click_event": {
            "action": "show_dialog",
            "dialog": "crazy_adventure:manual/page_5"
          },
          "hover_event": {
            "action": "show_text",
            "value": [
              {
                "translate": "crazy_adventure.go_to_previous_page"
              },
              " (5)"
            ]
          }
        },
        " ",
        {
          "text": "   ",
          "click_event": {
            "action": "show_dialog",
            "dialog": "crazy_adventure:manual/page_7"
          },
          "hover_event": {
            "action": "show_text",
            "value": [
              {
                "translate": "crazy_adventure.go_to_next_page"
              },
              " (7)"
            ]
          }
        },
        {
          "text": "\n   ",
          "click_event": {
            "action": "show_dialog",
            "dialog": "crazy_adventure:manual/page_5"
          },
          "hover_event": {
            "action": "show_text",
            "value": [
              {
                "translate": "crazy_adventure.go_to_previous_page"
              },
              " (5)"
            ]
          }
        },
        " ",
        {
          "text": "   ",
          "click_event": {
            "action": "show_dialog",
            "dialog": "crazy_adventure:manual/page_7"
          },
          "hover_event": {
            "action": "show_text",
            "value": [
              {
                "translate": "crazy_adventure.go_to_next_page"
              },
              " (7)"
            ]
          }
        }
      ],
      "width": 400
    },
    {
      "type": "minecraft:plain_message",
      "contents": [
        {
          "text": "",
          "font": "crazy_adventure:manual",
          "color": "white",
          "shadow_color": [
            0,
            0,
            0,
            0
          ]
        },
        "\"\u1025\n\"",
        {
          "text": "$\u8067",
          "hover_event": {
            "action": "show_item",
            "id": "warped_fungus_on_a_stick",
            "components": {
              "tooltip_display": {
                "hidden_components": [
                  "minecraft:unbreakable"
                ]
              },
              "lore": [
                {
                  "translate": "crazy_adventure.allows_you_to_know_your_radiation_amount",
                  "italic": false,
                  "color": "gray"
                },
                {
                  "translate": "crazy_adventure.hold_in_offhand",
                  "italic": false,
                  "color": "white"
                },
                [
                  "",
                  {
                    "text": "I",
                    "color": "white",
                    "italic": false,
                    "font": "crazy_adventure:icons"
                  },
                  {
                    "translate": "crazy_adventure.crazy",
                    "color": "green"
                  },
                  {
                    "translate": "crazy_adventure.adventure",
                    "color": "gray"
                  }
                ]
              ],
              "item_model": "crazy_adventure:geiger_counter",
              "item_name": {
                "translate": "crazy_adventure.geiger_counter"
              },
              "custom_data": {
                "crazy_adventure": {
                  "geiger_counter": true
                },
                "smithed": {
                  "ignore": {
                    "functionality": true,
                    "crafting": true
                  }
                }
              }
            }
          },
          "click_event": {
            "action": "show_dialog",
            "dialog": "crazy_adventure:manual/page_45"
          }
        },
        {
          "text": "$\u8069",
          "hover_event": {
            "action": "show_item",
            "id": "command_block",
            "components": {
              "tooltip_display": {
                "hidden_components": [
                  "minecraft:unbreakable"
                ]
              },
              "item_model": "crazy_adventure:uranium_core",
              "item_name": {
                "translate": "crazy_adventure.uranium_core"
              },
              "lore": [
                [
                  "",
                  {
                    "text": "I",
                    "color": "white",
                    "italic": false,
                    "font": "crazy_adventure:icons"
                  },
                  {
                    "translate": "crazy_adventure.crazy",
                    "color": "green"
                  },
                  {
                    "translate": "crazy_adventure.adventure",
                    "color": "gray"
                  }
                ]
              ],
              "custom_data": {
                "crazy_adventure": {
                  "uranium_core": true
                },
                "smithed": {
                  "ignore": {
                    "functionality": true,
                    "crafting": true
                  }
                }
              }
            }
          },
          "click_event": {
            "action": "show_dialog",
            "dialog": "crazy_adventure:manual/page_46"
          }
        },
        {
          "text": "$\u806b",
          "hover_event": {
            "action": "show_item",
            "id": "command_block",
            "components": {
              "tooltip_display": {
                "hidden_components": [
                  "minecraft:unbreakable"
                ]
              },
              "item_model": "crazy_adventure:uranium_waste",
              "item_name": {
                "translate": "crazy_adventure.uranium_waste"
              },
              "lore": [
                [
                  "",
                  {
                    "text": "I",
                    "color": "white",
                    "italic": false,
                    "font": "crazy_adventure:icons"
                  },
                  {
                    "translate": "crazy_adventure.crazy",
                    "color": "green"
                  },
                  {
                    "translate": "crazy_adventure.adventure",
                    "color": "gray"
                  }
                ]
              ],
              "custom_data": {
                "crazy_adventure": {
                  "uranium_waste": true
                },
                "smithed": {
                  "ignore": {
                    "functionality": true,
                    "crafting": true
                  }
                }
              }
            }
          },
          "click_event": {
            "action": "show_dialog",
            "dialog": "crazy_adventure:manual/page_47"
          }
        },
        {
          "text": "$\u806d",
          "hover_event": {
            "action": "show_item",
            "id": "furnace",
            "components": {
              "item_model": "crazy_adventure:uranium_waste_barrel",
              "item_name": {
                "translate": "crazy_adventure.uranium_waste_barrel"
              },
              "lore": [
                [
                  "",
                  {
                    "text": "I",
                    "color": "white",
                    "italic": false,
                    "font": "crazy_adventure:icons"
                  },
                  {
                    "translate": "crazy_adventure.crazy",
                    "color": "green"
                  },
                  {
                    "translate": "crazy_adventure.adventure",
                    "color": "gray"
                  }
                ]
              ],
              "custom_data": {
                "crazy_adventure": {
                  "uranium_waste_barrel": true
                },
                "smithed": {
                  "ignore": {
                    "functionality": true,
                    "crafting": true
                  }
                }
              },
              "container": [
                {
                  "slot": 0,
                  "item": {
                    "id": "minecraft:stone",
                    "count": 1,
                    "components": {
                      "minecraft:custom_data": {
                        "smithed": {
                          "block": {
                            "id": "crazy_adventure:uranium_waste_barrel",
                            "from": "crazy_adventure"
                          }
                        }
                      }
                    }
                  }
                }
              ],
              "tooltip_display": {
                "hidden_components": [
                  "minecraft:container"
                ]
              }
            }
          },
          "click_event": {
            "action": "show_dialog",
            "dialog": "crazy_adventure:manual/page_48"
          }
        },
        {
          "text": "$\u806f",
          "hover_event": {
            "action": "show_item",
            "id": "command_block",
            "components": {
              "tooltip_display": {
                "hidden_components": [
                  "minecraft:unbreakable"
                ]
              },
              "item_model": "crazy_adventure:uranium_shard",
              "item_name": {
                "translate": "crazy_adventure.uranium_shard"
              },
              "lore": [
                [
                  "",
                  {
                    "text": "I",
                    "color": "white",
                    "italic": false,
                    "font": "crazy_adventure:icons"
                  },
                  {
                    "translate": "crazy_adventure.crazy",
                    "color": "green"
                  },
                  {
                    "translate": "crazy_adventure.adventure",
                    "color": "gray"
                  }
                ]
              ],
              "custom_data": {
                "crazy_adventure": {
                  "uranium_shard": true
                },
                "smithed": {
                  "ignore": {
                    "functionality": true,
                    "crafting": true
                  }
                }
              }
            }
          },
          "click_event": {
            "action": "show_dialog",
            "dialog": "crazy_adventure:manual/page_49"
          }
        },
        "#\n\"",
        {
          "text": "!",
          "hover_event": {
            "action": "show_item",
            "id": "warped_fungus_on_a_stick",
            "components": {
              "tooltip_display": {
                "hidden_components": [
                  "minecraft:unbreakable"
                ]
              },
              "lore": [
                {
                  "translate": "crazy_adventure.allows_you_to_know_your_radiation_amount",
                  "italic": false,
                  "color": "gray"
                },
                {
                  "translate": "crazy_adventure.hold_in_offhand",
                  "italic": false,
                  "color": "white"
                },
                [
                  "",
                  {
                    "text": "I",
                    "color": "white",
                    "italic": false,
                    "font": "crazy_adventure:icons"
                  },
                  {
                    "translate": "crazy_adventure.crazy",
                    "color": "green"
                  },
                  {
                    "translate": "crazy_adventure.adventure",
                    "color": "gray"
                  }
                ]
              ],
              "item_model": "crazy_adventure:geiger_counter",
              "item_name": {
                "translate": "crazy_adventure.geiger_counter"
              },
              "custom_data": {
                "crazy_adventure": {
                  "geiger_counter": true
                },
                "smithed": {
                  "ignore": {
                    "functionality": true,
                    "crafting": true
                  }
                }
              }
            }
          },
          "click_event": {
            "action": "show_dialog",
            "dialog": "crazy_adventure:manual/page_45"
          }
        },
        {
          "text": "!",
          "hover_event": {
            "action": "show_item",
            "id": "command_block",
            "components": {
              "tooltip_display": {
                "hidden_components": [
                  "minecraft:unbreakable"
                ]
              },
              "item_model": "crazy_adventure:uranium_core",
              "item_name": {
                "translate": "crazy_adventure.uranium_core"
              },
              "lore": [
                [
                  "",
                  {
                    "text": "I",
                    "color": "white",
                    "italic": false,
                    "font": "crazy_adventure:icons"
                  },
                  {
                    "translate": "crazy_adventure.crazy",
                    "color": "green"
                  },
                  {
                    "translate": "crazy_adventure.adventure",
                    "color": "gray"
                  }
                ]
              ],
              "custom_data": {
                "crazy_adventure": {
                  "uranium_core": true
                },
                "smithed": {
                  "ignore": {
                    "functionality": true,
                    "crafting": true
                  }
                }
              }
            }
          },
          "click_event": {
            "action": "show_dialog",
            "dialog": "crazy_adventure:manual/page_46"
          }
        },
        {
          "text": "!",
          "hover_event": {
            "action": "show_item",
            "id": "command_block",
            "components": {
              "tooltip_display": {
                "hidden_components": [
                  "minecraft:unbreakable"
                ]
              },
              "item_model": "crazy_adventure:uranium_waste",
              "item_name": {
                "translate": "crazy_adventure.uranium_waste"
              },
              "lore": [
                [
                  "",
                  {
                    "text": "I",
                    "color": "white",
                    "italic": false,
                    "font": "crazy_adventure:icons"
                  },
                  {
                    "translate": "crazy_adventure.crazy",
                    "color": "green"
                  },
                  {
                    "translate": "crazy_adventure.adventure",
                    "color": "gray"
                  }
                ]
              ],
              "custom_data": {
                "crazy_adventure": {
                  "uranium_waste": true
                },
                "smithed": {
                  "ignore": {
                    "functionality": true,
                    "crafting": true
                  }
                }
              }
            }
          },
          "click_event": {
            "action": "show_dialog",
            "dialog": "crazy_adventure:manual/page_47"
          }
        },
        {
          "text": "!",
          "hover_event": {
            "action": "show_item",
            "id": "furnace",
            "components": {
              "item_model": "crazy_adventure:uranium_waste_barrel",
              "item_name": {
                "translate": "crazy_adventure.uranium_waste_barrel"
              },
              "lore": [
                [
                  "",
                  {
                    "text": "I",
                    "color": "white",
                    "italic": false,
                    "font": "crazy_adventure:icons"
                  },
                  {
                    "translate": "crazy_adventure.crazy",
                    "color": "green"
                  },
                  {
                    "translate": "crazy_adventure.adventure",
                    "color": "gray"
                  }
                ]
              ],
              "custom_data": {
                "crazy_adventure": {
                  "uranium_waste_barrel": true
                },
                "smithed": {
                  "ignore": {
                    "functionality": true,
                    "crafting": true
                  }
                }
              },
              "container": [
                {
                  "slot": 0,
                  "item": {
                    "id": "minecraft:stone",
                    "count": 1,
                    "components": {
                      "minecraft:custom_data": {
                        "smithed": {
                          "block": {
                            "id": "crazy_adventure:uranium_waste_barrel",
                            "from": "crazy_adventure"
                          }
                        }
                      }
                    }
                  }
                }
              ],
              "tooltip_display": {
                "hidden_components": [
                  "minecraft:container"
                ]
              }
            }
          },
          "click_event": {
            "action": "show_dialog",
            "dialog": "crazy_adventure:manual/page_48"
          }
        },
        {
          "text": "!",
          "hover_event": {
            "action": "show_item",
            "id": "command_block",
            "components": {
              "tooltip_display": {
                "hidden_components": [
                  "minecraft:unbreakable"
                ]
              },
              "item_model": "crazy_adventure:uranium_shard",
              "item_name": {
                "translate": "crazy_adventure.uranium_shard"
              },
              "lore": [
                [
                  "",
                  {
                    "text": "I",
                    "color": "white",
                    "italic": false,
                    "font": "crazy_adventure:icons"
                  },
                  {
                    "translate": "crazy_adventure.crazy",
                    "color": "green"
                  },
                  {
                    "translate": "crazy_adventure.adventure",
                    "color": "gray"
                  }
                ]
              ],
              "custom_data": {
                "crazy_adventure": {
                  "uranium_shard": true
                },
                "smithed": {
                  "ignore": {
                    "functionality": true,
                    "crafting": true
                  }
                }
              }
            }
          },
          "click_event": {
            "action": "show_dialog",
            "dialog": "crazy_adventure:manual/page_49"
          }
        },
        "#\n\"",
        {
          "text": "$\u8071",
          "hover_event": {
            "action": "show_item",
            "id": "command_block",
            "components": {
              "tooltip_display": {
                "hidden_components": [
                  "minecraft:unbreakable"
                ]
              },
              "item_model": "crazy_adventure:uranium_book",
              "item_name": {
                "translate": "crazy_adventure.uranium_book"
              },
              "lore": [
                [
                  "",
                  {
                    "text": "I",
                    "color": "white",
                    "italic": false,
                    "font": "crazy_adventure:icons"
                  },
                  {
                    "translate": "crazy_adventure.crazy",
                    "color": "green"
                  },
                  {
                    "translate": "crazy_adventure.adventure",
                    "color": "gray"
                  }
                ]
              ],
              "custom_data": {
                "crazy_adventure": {
                  "uranium_book": true
                },
                "smithed": {
                  "ignore": {
                    "functionality": true,
                    "crafting": true
                  }
                }
              }
            }
          },
          "click_event": {
            "action": "show_dialog",
            "dialog": "crazy_adventure:manual/page_50"
          }
        },
        {
          "text": "$\u8073",
          "hover_event": {
            "action": "show_item",
            "id": "command_block",
            "components": {
              "tooltip_display": {
                "hidden_components": [
                  "minecraft:unbreakable"
                ]
              },
              "item_model": "crazy_adventure:californium_core",
              "item_name": {
                "translate": "crazy_adventure.californium_core"
              },
              "lore": [
                [
                  "",
                  {
                    "text": "I",
                    "color": "white",
                    "italic": false,
                    "font": "crazy_adventure:icons"
                  },
                  {
                    "translate": "crazy_adventure.crazy",
                    "color": "green"
                  },
                  {
                    "translate": "crazy_adventure.adventure",
                    "color": "gray"
                  }
                ]
              ],
              "custom_data": {
                "crazy_adventure": {
                  "californium_core": true
                },
                "smithed": {
                  "ignore": {
                    "functionality": true,
                    "crafting": true
                  }
                }
              }
            }
          },
          "click_event": {
            "action": "show_dialog",
            "dialog": "crazy_adventure:manual/page_51"
          }
        },
        {
          "text": "$\u8075",
          "hover_event": {
            "action": "show_item",
            "id": "command_block",
            "components": {
              "tooltip_display": {
                "hidden_components": [
                  "minecraft:unbreakable"
                ]
              },
              "item_model": "crazy_adventure:californium_waste",
              "item_name": {
                "translate": "crazy_adventure.californium_waste"
              },
              "lore": [
                [
                  "",
                  {
                    "text": "I",
                    "color": "white",
                    "italic": false,
                    "font": "crazy_adventure:icons"
                  },
                  {
                    "translate": "crazy_adventure.crazy",
                    "color": "green"
                  },
                  {
                    "translate": "crazy_adventure.adventure",
                    "color": "gray"
                  }
                ]
              ],
              "custom_data": {
                "crazy_adventure": {
                  "californium_waste": true
                },
                "smithed": {
                  "ignore": {
                    "functionality": true,
                    "crafting": true
                  }
                }
              }
            }
          },
          "click_event": {
            "action": "show_dialog",
            "dialog": "crazy_adventure:manual/page_52"
          }
        },
        {
          "text": "$\u8077",
          "hover_event": {
            "action": "show_item",
            "id": "furnace",
            "components": {
              "item_model": "crazy_adventure:californium_waste_barrel",
              "item_name": {
                "translate": "crazy_adventure.californium_waste_barrel"
              },
              "lore": [
                [
                  "",
                  {
                    "text": "I",
                    "color": "white",
                    "italic": false,
                    "font": "crazy_adventure:icons"
                  },
                  {
                    "translate": "crazy_adventure.crazy",
                    "color": "green"
                  },
                  {
                    "translate": "crazy_adventure.adventure",
                    "color": "gray"
                  }
                ]
              ],
              "custom_data": {
                "crazy_adventure": {
                  "californium_waste_barrel": true
                },
                "smithed": {
                  "ignore": {
                    "functionality": true,
                    "crafting": true
                  }
                }
              },
              "container": [
                {
                  "slot": 0,
                  "item": {
                    "id": "minecraft:stone",
                    "count": 1,
                    "components": {
                      "minecraft:custom_data": {
                        "smithed": {
                          "block": {
                            "id": "crazy_adventure:californium_waste_barrel",
                            "from": "crazy_adventure"
                          }
                        }
                      }
                    }
                  }
                }
              ],
              "tooltip_display": {
                "hidden_components": [
                  "minecraft:container"
                ]
              }
            }
          },
          "click_event": {
            "action": "show_dialog",
            "dialog": "crazy_adventure:manual/page_53"
          }
        },
        {
          "text": "$\u8079",
          "hover_event": {
            "action": "show_item",
            "id": "command_block",
            "components": {
              "lore": [
                {
                  "translate": "crazy_adventure.kill_mobs_while_holding_in_offhand",
                  "italic": false,
                  "color": "gray"
                },
                {
                  "translate": "crazy_adventure.when_full_can_be_drop_on_boss_altar_to_spawn_it",
                  "italic": false,
                  "color": "gray"
                },
                [
                  "",
                  {
                    "text": "I",
                    "color": "white",
                    "italic": false,
                    "font": "crazy_adventure:icons"
                  },
                  {
                    "translate": "crazy_adventure.crazy",
                    "color": "green"
                  },
                  {
                    "translate": "crazy_adventure.adventure",
                    "color": "gray"
                  }
                ]
              ],
              "item_model": "crazy_adventure:souls_bag",
              "item_name": {
                "translate": "crazy_adventure.souls_bag"
              },
              "custom_data": {
                "crazy_adventure": {
                  "souls_bag": true
                },
                "smithed": {
                  "ignore": {
                    "functionality": true,
                    "crafting": true
                  }
                }
              }
            }
          },
          "click_event": {
            "action": "show_dialog",
            "dialog": "crazy_adventure:manual/page_54"
          }
        },
        "#\n\"",
        {
          "text": "!",
          "hover_event": {
            "action": "show_item",
            "id": "command_block",
            "components": {
              "tooltip_display": {
                "hidden_components": [
                  "minecraft:unbreakable"
                ]
              },
              "item_model": "crazy_adventure:uranium_book",
              "item_name": {
                "translate": "crazy_adventure.uranium_book"
              },
              "lore": [
                [
                  "",
                  {
                    "text": "I",
                    "color": "white",
                    "italic": false,
                    "font": "crazy_adventure:icons"
                  },
                  {
                    "translate": "crazy_adventure.crazy",
                    "color": "green"
                  },
                  {
                    "translate": "crazy_adventure.adventure",
                    "color": "gray"
                  }
                ]
              ],
              "custom_data": {
                "crazy_adventure": {
                  "uranium_book": true
                },
                "smithed": {
                  "ignore": {
                    "functionality": true,
                    "crafting": true
                  }
                }
              }
            }
          },
          "click_event": {
            "action": "show_dialog",
            "dialog": "crazy_adventure:manual/page_50"
          }
        },
        {
          "text": "!",
          "hover_event": {
            "action": "show_item",
            "id": "command_block",
            "components": {
              "tooltip_display": {
                "hidden_components": [
                  "minecraft:unbreakable"
                ]
              },
              "item_model": "crazy_adventure:californium_core",
              "item_name": {
                "translate": "crazy_adventure.californium_core"
              },
              "lore": [
                [
                  "",
                  {
                    "text": "I",
                    "color": "white",
                    "italic": false,
                    "font": "crazy_adventure:icons"
                  },
                  {
                    "translate": "crazy_adventure.crazy",
                    "color": "green"
                  },
                  {
                    "translate": "crazy_adventure.adventure",
                    "color": "gray"
                  }
                ]
              ],
              "custom_data": {
                "crazy_adventure": {
                  "californium_core": true
                },
                "smithed": {
                  "ignore": {
                    "functionality": true,
                    "crafting": true
                  }
                }
              }
            }
          },
          "click_event": {
            "action": "show_dialog",
            "dialog": "crazy_adventure:manual/page_51"
          }
        },
        {
          "text": "!",
          "hover_event": {
            "action": "show_item",
            "id": "command_block",
            "components": {
              "tooltip_display": {
                "hidden_components": [
                  "minecraft:unbreakable"
                ]
              },
              "item_model": "crazy_adventure:californium_waste",
              "item_name": {
                "translate": "crazy_adventure.californium_waste"
              },
              "lore": [
                [
                  "",
                  {
                    "text": "I",
                    "color": "white",
                    "italic": false,
                    "font": "crazy_adventure:icons"
                  },
                  {
                    "translate": "crazy_adventure.crazy",
                    "color": "green"
                  },
                  {
                    "translate": "crazy_adventure.adventure",
                    "color": "gray"
                  }
                ]
              ],
              "custom_data": {
                "crazy_adventure": {
                  "californium_waste": true
                },
                "smithed": {
                  "ignore": {
                    "functionality": true,
                    "crafting": true
                  }
                }
              }
            }
          },
          "click_event": {
            "action": "show_dialog",
            "dialog": "crazy_adventure:manual/page_52"
          }
        },
        {
          "text": "!",
          "hover_event": {
            "action": "show_item",
            "id": "furnace",
            "components": {
              "item_model": "crazy_adventure:californium_waste_barrel",
              "item_name": {
                "translate": "crazy_adventure.californium_waste_barrel"
              },
              "lore": [
                [
                  "",
                  {
                    "text": "I",
                    "color": "white",
                    "italic": false,
                    "font": "crazy_adventure:icons"
                  },
                  {
                    "translate": "crazy_adventure.crazy",
                    "color": "green"
                  },
                  {
                    "translate": "crazy_adventure.adventure",
                    "color": "gray"
                  }
                ]
              ],
              "custom_data": {
                "crazy_adventure": {
                  "californium_waste_barrel": true
                },
                "smithed": {
                  "ignore": {
                    "functionality": true,
                    "crafting": true
                  }
                }
              },
              "container": [
                {
                  "slot": 0,
                  "item": {
                    "id": "minecraft:stone",
                    "count": 1,
                    "components": {
                      "minecraft:custom_data": {
                        "smithed": {
                          "block": {
                            "id": "crazy_adventure:californium_waste_barrel",
                            "from": "crazy_adventure"
                          }
                        }
                      }
                    }
                  }
                }
              ],
              "tooltip_display": {
                "hidden_components": [
                  "minecraft:container"
                ]
              }
            }
          },
          "click_event": {
            "action": "show_dialog",
            "dialog": "crazy_adventure:manual/page_53"
          }
        },
        {
          "text": "!",
          "hover_event": {
            "action": "show_item",
            "id": "command_block",
            "components": {
              "lore": [
                {
                  "translate": "crazy_adventure.kill_mobs_while_holding_in_offhand",
                  "italic": false,
                  "color": "gray"
                },
                {
                  "translate": "crazy_adventure.when_full_can_be_drop_on_boss_altar_to_spawn_it",
                  "italic": false,
                  "color": "gray"
                },
                [
                  "",
                  {
                    "text": "I",
                    "color": "white",
                    "italic": false,
                    "font": "crazy_adventure:icons"
                  },
                  {
                    "translate": "crazy_adventure.crazy",
                    "color": "green"
                  },
                  {
                    "translate": "crazy_adventure.adventure",
                    "color": "gray"
                  }
                ]
              ],
              "item_model": "crazy_adventure:souls_bag",
              "item_name": {
                "translate": "crazy_adventure.souls_bag"
              },
              "custom_data": {
                "crazy_adventure": {
                  "souls_bag": true
                },
                "smithed": {
                  "ignore": {
                    "functionality": true,
                    "crafting": true
                  }
                }
              }
            }
          },
          "click_event": {
            "action": "show_dialog",
            "dialog": "crazy_adventure:manual/page_54"
          }
        },
        "#\n\"",
        {
          "text": "$\u807b",
          "hover_event": {
            "action": "show_item",
            "id": "furnace",
            "components": {
              "lore": [
                {
                  "translate": "crazy_adventure.kill_mobs_while_holding_in_offhand",
                  "italic": false,
                  "color": "gray"
                },
                {
                  "translate": "crazy_adventure.when_full_can_be_drop_on_boss_altar_to_spawn_it",
                  "italic": false,
                  "color": "gray"
                },
                [
                  "",
                  {
                    "text": "I",
                    "color": "white",
                    "italic": false,
                    "font": "crazy_adventure:icons"
                  },
                  {
                    "translate": "crazy_adventure.crazy",
                    "color": "green"
                  },
                  {
                    "translate": "crazy_adventure.adventure",
                    "color": "gray"
                  }
                ]
              ],
              "item_model": "crazy_adventure:boss_altar",
              "item_name": {
                "translate": "crazy_adventure.boss_altar"
              },
              "custom_data": {
                "crazy_adventure": {
                  "boss_altar": true
                },
                "smithed": {
                  "ignore": {
                    "functionality": true,
                    "crafting": true
                  }
                }
              },
              "container": [
                {
                  "slot": 0,
                  "item": {
                    "id": "minecraft:stone",
                    "count": 1,
                    "components": {
                      "minecraft:custom_data": {
                        "smithed": {
                          "block": {
                            "id": "crazy_adventure:boss_altar",
                            "from": "crazy_adventure"
                          }
                        }
                      }
                    }
                  }
                }
              ],
              "tooltip_display": {
                "hidden_components": [
                  "minecraft:container"
                ]
              }
            }
          },
          "click_event": {
            "action": "show_dialog",
            "dialog": "crazy_adventure:manual/page_55"
          }
        },
        "!!!!#\n\"",
        {
          "text": "!",
          "hover_event": {
            "action": "show_item",
            "id": "furnace",
            "components": {
              "lore": [
                {
                  "translate": "crazy_adventure.kill_mobs_while_holding_in_offhand",
                  "italic": false,
                  "color": "gray"
                },
                {
                  "translate": "crazy_adventure.when_full_can_be_drop_on_boss_altar_to_spawn_it",
                  "italic": false,
                  "color": "gray"
                },
                [
                  "",
                  {
                    "text": "I",
                    "color": "white",
                    "italic": false,
                    "font": "crazy_adventure:icons"
                  },
                  {
                    "translate": "crazy_adventure.crazy",
                    "color": "green"
                  },
                  {
                    "translate": "crazy_adventure.adventure",
                    "color": "gray"
                  }
                ]
              ],
              "item_model": "crazy_adventure:boss_altar",
              "item_name": {
                "translate": "crazy_adventure.boss_altar"
              },
              "custom_data": {
                "crazy_adventure": {
                  "boss_altar": true
                },
                "smithed": {
                  "ignore": {
                    "functionality": true,
                    "crafting": true
                  }
                }
              },
              "container": [
                {
                  "slot": 0,
                  "item": {
                    "id": "minecraft:stone",
                    "count": 1,
                    "components": {
                      "minecraft:custom_data": {
                        "smithed": {
                          "block": {
                            "id": "crazy_adventure:boss_altar",
                            "from": "crazy_adventure"
                          }
                        }
                      }
                    }
                  }
                }
              ],
              "tooltip_display": {
                "hidden_components": [
                  "minecraft:container"
                ]
              }
            }
          },
          "click_event": {
            "action": "show_dialog",
            "dialog": "crazy_adventure:manual/page_55"
          }
        },
        "!!!!#\n",
        "\n\n\n\n\n\n\n\n\n\n\n\n\n\n\n\n\n\n"
      ],
      "width": 140
    }
  ]
}
