{
  "type": "minecraft:notice",
  "title": [
    "",
    {
      "sprite": "crazy_adventure:item/dialog_sprite/anti_radiation_glove",
      "shadow_color": [
        0,
        0,
        0,
        0
      ],
      "atlas": "minecraft:items"
    },
    " ",
    {
      "translate": "crazy_adventure.anti_radiation_glove",
      "underlined": true
    },
    " ",
    {
      "sprite": "crazy_adventure:item/dialog_sprite/anti_radiation_glove",
      "shadow_color": [
        0,
        0,
        0,
        0
      ],
      "atlas": "minecraft:items"
    }
  ],
  "body": [
    {
      "type": "minecraft:plain_message",
      "contents": [
        {
          "text": "V   ",
          "font": "crazy_adventure:manual",
          "color": "white"
        },
        {
          "text": "\n   ",
          "click_event": {
            "action": "show_dialog",
            "dialog": "crazy_adventure:manual/page_43"
          },
          "hover_event": {
            "action": "show_text",
            "value": [
              {
                "translate": "crazy_adventure.go_to_previous_page"
              },
              " (43)"
            ]
          }
        },
        " ",
        {
          "text": "   ",
          "click_event": {
            "action": "show_dialog",
            "dialog": "crazy_adventure:manual/page_45"
          },
          "hover_event": {
            "action": "show_text",
            "value": [
              {
                "translate": "crazy_adventure.go_to_next_page"
              },
              " (45)"
            ]
          }
        },
        {
          "text": "\n   ",
          "click_event": {
            "action": "show_dialog",
            "dialog": "crazy_adventure:manual/page_43"
          },
          "hover_event": {
            "action": "show_text",
            "value": [
              {
                "translate": "crazy_adventure.go_to_previous_page"
              },
              " (43)"
            ]
          }
        },
        " ",
        {
          "text": "   ",
          "click_event": {
            "action": "show_dialog",
            "dialog": "crazy_adventure:manual/page_45"
          },
          "hover_event": {
            "action": "show_text",
            "value": [
              {
                "translate": "crazy_adventure.go_to_next_page"
              },
              " (45)"
            ]
          }
        }
      ],
      "width": 400
    },
    {
      "type": "minecraft:plain_message",
      "contents": [
        {
          "text": "",
          "font": "crazy_adventure:manual",
          "color": "white",
          "shadow_color": [
            0,
            0,
            0,
            0
          ]
        },
        "\"$6\n\"",
        {
          "text": "$\u8186",
          "hover_event": {
            "action": "show_item",
            "id": "minecraft:blue_wool",
            "components": {}
          }
        },
        {
          "text": "$\u802d",
          "hover_event": {
            "action": "show_item",
            "id": "command_block",
            "components": {
              "custom_data": {
                "smithed": {
                  "dict": {
                    "ingot": {
                      "californium": true
                    }
                  },
                  "ignore": {
                    "functionality": true,
                    "crafting": true
                  }
                },
                "crazy_adventure": {
                  "californium_ingot": true
                }
              },
              "item_model": "crazy_adventure:californium_ingot",
              "item_name": {
                "translate": "crazy_adventure.californium_ingot"
              },
              "lore": [
                [
                  "",
                  {
                    "text": "I",
                    "color": "white",
                    "italic": false,
                    "font": "crazy_adventure:icons"
                  },
                  {
                    "translate": "crazy_adventure.crazy",
                    "color": "green"
                  },
                  {
                    "translate": "crazy_adventure.adventure",
                    "color": "gray"
                  }
                ]
              ]
            }
          },
          "click_event": {
            "action": "show_dialog",
            "dialog": "crazy_adventure:manual/page_16"
          }
        },
        {
          "text": "$\u8186",
          "hover_event": {
            "action": "show_item",
            "id": "minecraft:blue_wool",
            "components": {}
          }
        },
        "  \n\"",
        {
          "text": "U$",
          "hover_event": {
            "action": "show_item",
            "id": "minecraft:blue_wool",
            "components": {}
          }
        },
        {
          "text": "U$",
          "hover_event": {
            "action": "show_item",
            "id": "command_block",
            "components": {
              "custom_data": {
                "smithed": {
                  "dict": {
                    "ingot": {
                      "californium": true
                    }
                  },
                  "ignore": {
                    "functionality": true,
                    "crafting": true
                  }
                },
                "crazy_adventure": {
                  "californium_ingot": true
                }
              },
              "item_model": "crazy_adventure:californium_ingot",
              "item_name": {
                "translate": "crazy_adventure.californium_ingot"
              },
              "lore": [
                [
                  "",
                  {
                    "text": "I",
                    "color": "white",
                    "italic": false,
                    "font": "crazy_adventure:icons"
                  },
                  {
                    "translate": "crazy_adventure.crazy",
                    "color": "green"
                  },
                  {
                    "translate": "crazy_adventure.adventure",
                    "color": "gray"
                  }
                ]
              ]
            }
          },
          "click_event": {
            "action": "show_dialog",
            "dialog": "crazy_adventure:manual/page_16"
          }
        },
        {
          "text": "U$",
          "hover_event": {
            "action": "show_item",
            "id": "minecraft:blue_wool",
            "components": {}
          }
        },
        "  \n\"",
        {
          "text": "$\u8186",
          "hover_event": {
            "action": "show_item",
            "id": "minecraft:blue_wool",
            "components": {}
          }
        },
        {
          "text": "$\u806b",
          "hover_event": {
            "action": "show_item",
            "id": "command_block",
            "components": {
              "tooltip_display": {
                "hidden_components": [
                  "minecraft:unbreakable"
                ]
              },
              "item_model": "crazy_adventure:uranium_core",
              "item_name": {
                "translate": "crazy_adventure.uranium_core"
              },
              "lore": [
                [
                  "",
                  {
                    "text": "I",
                    "color": "white",
                    "italic": false,
                    "font": "crazy_adventure:icons"
                  },
                  {
                    "translate": "crazy_adventure.crazy",
                    "color": "green"
                  },
                  {
                    "translate": "crazy_adventure.adventure",
                    "color": "gray"
                  }
                ]
              ],
              "custom_data": {
                "crazy_adventure": {
                  "uranium_core": true
                },
                "smithed": {
                  "ignore": {
                    "functionality": true,
                    "crafting": true
                  }
                }
              }
            }
          },
          "click_event": {
            "action": "show_dialog",
            "dialog": "crazy_adventure:manual/page_47"
          }
        },
        {
          "text": "$\u8186",
          "hover_event": {
            "action": "show_item",
            "id": "minecraft:blue_wool",
            "components": {}
          }
        },
        "\"\"",
        {
          "text": "$$\u8065",
          "hover_event": {
            "action": "show_item",
            "id": "command_block",
            "components": {
              "custom_data": {
                "crazy_adventure": {
                  "radiation": 300,
                  "anti_radiation_glove": true
                },
                "smithed": {
                  "ignore": {
                    "functionality": true,
                    "crafting": true
                  }
                }
              },
              "max_damage": 1000,
              "blocks_attacks": {
                "block_delay_seconds": 0.25,
                "block_sound": "minecraft:item.shield.block",
                "bypassed_by": "#minecraft:bypasses_shield",
                "disabled_sound": "minecraft:item.shield.break",
                "item_damage": {
                  "base": 1,
                  "factor": 1,
                  "threshold": 3
                }
              },
              "equippable": {
                "slot": "offhand",
                "swappable": false
              },
              "max_stack_size": 1,
              "lore": [
                {
                  "translate": "crazy_adventure.allow_you_to_not_take_radiation_damage_in_california_without_the",
                  "italic": false,
                  "color": "gray"
                },
                {
                  "translate": "crazy_adventure.you_dont_need_the_anti_radiation_armorg",
                  "italic": false,
                  "color": "gray"
                },
                {
                  "translate": "crazy_adventure.need_to_be_in_offhand_to_use",
                  "italic": false,
                  "color": "white"
                },
                {
                  "translate": "crazy_adventure.its_a_shield_you_can_block_damage_with",
                  "italic": false,
                  "color": "white"
                },
                {
                  "translate": "crazy_adventure.lose_durability_over_time",
                  "italic": false,
                  "color": "white"
                },
                [
                  "",
                  {
                    "text": "I",
                    "color": "white",
                    "italic": false,
                    "font": "crazy_adventure:icons"
                  },
                  {
                    "translate": "crazy_adventure.crazy",
                    "color": "green"
                  },
                  {
                    "translate": "crazy_adventure.adventure",
                    "color": "gray"
                  }
                ]
              ],
              "item_model": "crazy_adventure:anti_radiation_glove",
              "item_name": {
                "translate": "crazy_adventure.anti_radiation_glove"
              }
            }
          }
        },
        "#$\n\"",
        {
          "text": "U$",
          "hover_event": {
            "action": "show_item",
            "id": "minecraft:blue_wool",
            "components": {}
          }
        },
        {
          "text": "U$",
          "hover_event": {
            "action": "show_item",
            "id": "command_block",
            "components": {
              "tooltip_display": {
                "hidden_components": [
                  "minecraft:unbreakable"
                ]
              },
              "item_model": "crazy_adventure:uranium_core",
              "item_name": {
                "translate": "crazy_adventure.uranium_core"
              },
              "lore": [
                [
                  "",
                  {
                    "text": "I",
                    "color": "white",
                    "italic": false,
                    "font": "crazy_adventure:icons"
                  },
                  {
                    "translate": "crazy_adventure.crazy",
                    "color": "green"
                  },
                  {
                    "translate": "crazy_adventure.adventure",
                    "color": "gray"
                  }
                ]
              ],
              "custom_data": {
                "crazy_adventure": {
                  "uranium_core": true
                },
                "smithed": {
                  "ignore": {
                    "functionality": true,
                    "crafting": true
                  }
                }
              }
            }
          },
          "click_event": {
            "action": "show_dialog",
            "dialog": "crazy_adventure:manual/page_47"
          }
        },
        {
          "text": "U$",
          "hover_event": {
            "action": "show_item",
            "id": "minecraft:blue_wool",
            "components": {}
          }
        },
        "\"\"",
        {
          "text": "U$",
          "hover_event": {
            "action": "show_item",
            "id": "command_block",
            "components": {
              "custom_data": {
                "crazy_adventure": {
                  "radiation": 300,
                  "anti_radiation_glove": true
                },
                "smithed": {
                  "ignore": {
                    "functionality": true,
                    "crafting": true
                  }
                }
              },
              "max_damage": 1000,
              "blocks_attacks": {
                "block_delay_seconds": 0.25,
                "block_sound": "minecraft:item.shield.block",
                "bypassed_by": "#minecraft:bypasses_shield",
                "disabled_sound": "minecraft:item.shield.break",
                "item_damage": {
                  "base": 1,
                  "factor": 1,
                  "threshold": 3
                }
              },
              "equippable": {
                "slot": "offhand",
                "swappable": false
              },
              "max_stack_size": 1,
              "lore": [
                {
                  "translate": "crazy_adventure.allow_you_to_not_take_radiation_damage_in_california_without_the",
                  "italic": false,
                  "color": "gray"
                },
                {
                  "translate": "crazy_adventure.you_dont_need_the_anti_radiation_armorg",
                  "italic": false,
                  "color": "gray"
                },
                {
                  "translate": "crazy_adventure.need_to_be_in_offhand_to_use",
                  "italic": false,
                  "color": "white"
                },
                {
                  "translate": "crazy_adventure.its_a_shield_you_can_block_damage_with",
                  "italic": false,
                  "color": "white"
                },
                {
                  "translate": "crazy_adventure.lose_durability_over_time",
                  "italic": false,
                  "color": "white"
                },
                [
                  "",
                  {
                    "text": "I",
                    "color": "white",
                    "italic": false,
                    "font": "crazy_adventure:icons"
                  },
                  {
                    "translate": "crazy_adventure.crazy",
                    "color": "green"
                  },
                  {
                    "translate": "crazy_adventure.adventure",
                    "color": "gray"
                  }
                ]
              ],
              "item_model": "crazy_adventure:anti_radiation_glove",
              "item_name": {
                "translate": "crazy_adventure.anti_radiation_glove"
              }
            }
          }
        },
        "#$\n\"U$",
        {
          "text": "$\u8186",
          "hover_event": {
            "action": "show_item",
            "id": "minecraft:blue_wool",
            "components": {}
          }
        },
        "U$  \n\"U$",
        {
          "text": "U$",
          "hover_event": {
            "action": "show_item",
            "id": "minecraft:blue_wool",
            "components": {}
          }
        },
        "U$  \n\n",
        {
          "text": "1##",
          "hover_event": {
            "action": "show_text",
            "value": [
              {
                "text": "Anti Radiation Glove.",
                "color": "green"
              },
              {
                "text": "\nAllow you to not take radiation damage in California (without the anti radiation armor)",
                "color": "gray"
              },
              {
                "text": "\n[Need to be in Offhand to use]",
                "color": "white"
              },
              {
                "text": "\n[It's a shield, you can block damage with]",
                "color": "white"
              },
              {
                "text": "\n[Lose durability over time]",
                "color": "white"
              }
            ]
          }
        },
        {
          "text": "2\n",
          "hover_event": {
            "action": "show_text",
            "value": [
              {
                "text": ""
              },
              [
                {
                  "text": "",
                  "font": "crazy_adventure:manual",
                  "color": "white"
                },
                "\"F\n",
                "\"",
                {
                  "text": "$\u8186"
                },
                {
                  "text": "$\u802d"
                },
                {
                  "text": "$\u8186"
                },
                "\n",
                "\"",
                {
                  "text": "U$"
                },
                {
                  "text": "U$"
                },
                {
                  "text": "U$"
                },
                "\n",
                "\"",
                {
                  "text": "$\u8186"
                },
                {
                  "text": "$\u806b"
                },
                {
                  "text": "$\u8186"
                },
                "\"\"",
                {
                  "text": "$$\u8065"
                },
                "\n",
                "\"",
                {
                  "text": "U$"
                },
                {
                  "text": "U$"
                },
                {
                  "text": "U$"
                },
                "\"\"",
                {
                  "text": "U$"
                },
                "\n",
                "\"",
                "U$",
                {
                  "text": "$\u8186"
                },
                "U$",
                "\n",
                "\"",
                "U$",
                {
                  "text": "U$"
                },
                "U$",
                "\n"
              ],
              {
                "text": "\n- x1 ",
                "color": "gray"
              },
              {
                "translate": "crazy_adventure.uranium_core",
                "color": "gray"
              },
              {
                "text": "\n- x1 ",
                "color": "gray"
              },
              {
                "translate": "crazy_adventure.californium_ingot",
                "color": "gray"
              },
              {
                "text": "\n- x5 ",
                "color": "gray"
              },
              {
                "translate": "crazy_adventure.blue_wool",
                "color": "gray"
              }
            ]
          }
        },
        {
          "text": "0##",
          "hover_event": {
            "action": "show_text",
            "value": [
              {
                "text": "Anti Radiation Glove.",
                "color": "green"
              },
              {
                "text": "\nAllow you to not take radiation damage in California (without the anti radiation armor)",
                "color": "gray"
              },
              {
                "text": "\n[Need to be in Offhand to use]",
                "color": "white"
              },
              {
                "text": "\n[It's a shield, you can block damage with]",
                "color": "white"
              },
              {
                "text": "\n[Lose durability over time]",
                "color": "white"
              }
            ]
          }
        },
        {
          "text": "0",
          "hover_event": {
            "action": "show_text",
            "value": [
              {
                "text": ""
              },
              [
                {
                  "text": "",
                  "font": "crazy_adventure:manual",
                  "color": "white"
                },
                "\"F\n",
                "\"",
                {
                  "text": "$\u8186"
                },
                {
                  "text": "$\u802d"
                },
                {
                  "text": "$\u8186"
                },
                "\n",
                "\"",
                {
                  "text": "U$"
                },
                {
                  "text": "U$"
                },
                {
                  "text": "U$"
                },
                "\n",
                "\"",
                {
                  "text": "$\u8186"
                },
                {
                  "text": "$\u806b"
                },
                {
                  "text": "$\u8186"
                },
                "\"\"",
                {
                  "text": "$$\u8065"
                },
                "\n",
                "\"",
                {
                  "text": "U$"
                },
                {
                  "text": "U$"
                },
                {
                  "text": "U$"
                },
                "\"\"",
                {
                  "text": "U$"
                },
                "\n",
                "\"",
                "U$",
                {
                  "text": "$\u8186"
                },
                "U$",
                "\n",
                "\"",
                "U$",
                {
                  "text": "U$"
                },
                "U$",
                "\n"
              ],
              {
                "text": "\n- x1 ",
                "color": "gray"
              },
              {
                "translate": "crazy_adventure.uranium_core",
                "color": "gray"
              },
              {
                "text": "\n- x1 ",
                "color": "gray"
              },
              {
                "translate": "crazy_adventure.californium_ingot",
                "color": "gray"
              },
              {
                "text": "\n- x5 ",
                "color": "gray"
              },
              {
                "translate": "crazy_adventure.blue_wool",
                "color": "gray"
              }
            ]
          }
        },
        "\n\n\n\n\n\n\n\n\n\n\n\n\n\n\n\n"
      ],
      "width": 140
    }
  ]
}
