{
  "type": "minecraft:notice",
  "title": [
    "",
    {
      "sprite": "crazy_adventure:item/dialog_sprite/californium_ingot",
      "shadow_color": [
        0,
        0,
        0,
        0
      ],
      "atlas": "minecraft:items"
    },
    " ",
    {
      "translate": "crazy_adventure.californium_ingot",
      "underlined": true
    },
    " ",
    {
      "sprite": "crazy_adventure:item/dialog_sprite/californium_ingot",
      "shadow_color": [
        0,
        0,
        0,
        0
      ],
      "atlas": "minecraft:items"
    }
  ],
  "body": [
    {
      "type": "minecraft:plain_message",
      "contents": [
        {
          "text": "V   ",
          "font": "crazy_adventure:manual",
          "color": "white"
        },
        {
          "text": "\n   ",
          "click_event": {
            "action": "show_dialog",
            "dialog": "crazy_adventure:manual/page_11"
          },
          "hover_event": {
            "action": "show_text",
            "value": [
              {
                "translate": "crazy_adventure.go_to_previous_page"
              },
              " (11)"
            ]
          }
        },
        " ",
        {
          "text": "   ",
          "click_event": {
            "action": "show_dialog",
            "dialog": "crazy_adventure:manual/page_13"
          },
          "hover_event": {
            "action": "show_text",
            "value": [
              {
                "translate": "crazy_adventure.go_to_next_page"
              },
              " (13)"
            ]
          }
        },
        {
          "text": "\n   ",
          "click_event": {
            "action": "show_dialog",
            "dialog": "crazy_adventure:manual/page_11"
          },
          "hover_event": {
            "action": "show_text",
            "value": [
              {
                "translate": "crazy_adventure.go_to_previous_page"
              },
              " (11)"
            ]
          }
        },
        " ",
        {
          "text": "   ",
          "click_event": {
            "action": "show_dialog",
            "dialog": "crazy_adventure:manual/page_13"
          },
          "hover_event": {
            "action": "show_text",
            "value": [
              {
                "translate": "crazy_adventure.go_to_next_page"
              },
              " (13)"
            ]
          }
        }
      ],
      "width": 400
    },
    {
      "type": "minecraft:plain_message",
      "contents": [
        {
          "text": "",
          "font": "crazy_adventure:manual",
          "color": "white",
          "shadow_color": [
            0,
            0,
            0,
            0
          ]
        },
        "\"$5\n\"",
        {
          "text": "$\u8031",
          "hover_event": {
            "action": "show_item",
            "id": "furnace",
            "components": {
              "custom_data": {
                "smithed": {
                  "dict": {
                    "block": {
                      "californium": true
                    }
                  },
                  "ignore": {
                    "functionality": true,
                    "crafting": true
                  }
                },
                "crazy_adventure": {
                  "californium_block": true
                }
              },
              "item_model": "crazy_adventure:californium_block",
              "item_name": {
                "translate": "crazy_adventure.californium_block"
              },
              "lore": [
                [
                  "",
                  {
                    "text": "I",
                    "color": "white",
                    "italic": false,
                    "font": "crazy_adventure:icons"
                  },
                  {
                    "translate": "crazy_adventure",
                    "italic": true,
                    "color": "blue"
                  }
                ]
              ],
              "container": [
                {
                  "slot": 0,
                  "item": {
                    "id": "minecraft:stone",
                    "count": 1,
                    "components": {
                      "minecraft:custom_data": {
                        "smithed": {
                          "block": {
                            "id": "crazy_adventure:californium_block",
                            "from": "crazy_adventure"
                          }
                        }
                      }
                    }
                  }
                }
              ],
              "tooltip_display": {
                "hidden_components": [
                  "minecraft:container"
                ]
              }
            }
          },
          "click_event": {
            "action": "show_dialog",
            "dialog": "crazy_adventure:manual/page_15"
          }
        },
        "U$  \n\"",
        {
          "text": "U$",
          "hover_event": {
            "action": "show_item",
            "id": "furnace",
            "components": {
              "custom_data": {
                "smithed": {
                  "dict": {
                    "block": {
                      "californium": true
                    }
                  },
                  "ignore": {
                    "functionality": true,
                    "crafting": true
                  }
                },
                "crazy_adventure": {
                  "californium_block": true
                }
              },
              "item_model": "crazy_adventure:californium_block",
              "item_name": {
                "translate": "crazy_adventure.californium_block"
              },
              "lore": [
                [
                  "",
                  {
                    "text": "I",
                    "color": "white",
                    "italic": false,
                    "font": "crazy_adventure:icons"
                  },
                  {
                    "translate": "crazy_adventure",
                    "italic": true,
                    "color": "blue"
                  }
                ]
              ],
              "container": [
                {
                  "slot": 0,
                  "item": {
                    "id": "minecraft:stone",
                    "count": 1,
                    "components": {
                      "minecraft:custom_data": {
                        "smithed": {
                          "block": {
                            "id": "crazy_adventure:californium_block",
                            "from": "crazy_adventure"
                          }
                        }
                      }
                    }
                  }
                }
              ],
              "tooltip_display": {
                "hidden_components": [
                  "minecraft:container"
                ]
              }
            }
          },
          "click_event": {
            "action": "show_dialog",
            "dialog": "crazy_adventure:manual/page_15"
          }
        },
        "U$U$",
        {
          "text": "$$\u80bb",
          "hover_event": {
            "action": "show_item",
            "id": "command_block",
            "components": {
              "custom_data": {
                "smithed": {
                  "dict": {
                    "ingot": {
                      "californium": true
                    }
                  },
                  "ignore": {
                    "functionality": true,
                    "crafting": true
                  }
                },
                "crazy_adventure": {
                  "californium_ingot": true
                }
              },
              "item_model": "crazy_adventure:californium_ingot",
              "item_name": {
                "translate": "crazy_adventure.californium_ingot"
              },
              "lore": [
                [
                  "",
                  {
                    "text": "I",
                    "color": "white",
                    "italic": false,
                    "font": "crazy_adventure:icons"
                  },
                  {
                    "translate": "crazy_adventure",
                    "italic": true,
                    "color": "blue"
                  }
                ]
              ]
            }
          }
        },
        "#$\n\"U$U$U$",
        {
          "text": "U$",
          "hover_event": {
            "action": "show_item",
            "id": "command_block",
            "components": {
              "custom_data": {
                "smithed": {
                  "dict": {
                    "ingot": {
                      "californium": true
                    }
                  },
                  "ignore": {
                    "functionality": true,
                    "crafting": true
                  }
                },
                "crazy_adventure": {
                  "californium_ingot": true
                }
              },
              "item_model": "crazy_adventure:californium_ingot",
              "item_name": {
                "translate": "crazy_adventure.californium_ingot"
              },
              "lore": [
                [
                  "",
                  {
                    "text": "I",
                    "color": "white",
                    "italic": false,
                    "font": "crazy_adventure:icons"
                  },
                  {
                    "translate": "crazy_adventure",
                    "italic": true,
                    "color": "blue"
                  }
                ]
              ]
            }
          }
        },
        "#$\n\n\n",
        {
          "text": "2##",
          "hover_event": {
            "action": "show_text",
            "value": [
              {
                "text": ""
              },
              [
                {
                  "text": "",
                  "font": "crazy_adventure:manual",
                  "color": "white"
                },
                "\"E\n",
                "\"",
                {
                  "text": "$\u8031"
                },
                "\n",
                "\"",
                {
                  "text": "U$"
                },
                "U$U$",
                {
                  "text": "$$\u80bb"
                },
                "\n\"",
                "U$U$U$",
                {
                  "text": "U$"
                },
                "\n",
                "\n"
              ],
              {
                "text": "\n- x1 ",
                "color": "gray"
              },
              {
                "translate": "crazy_adventure.californium_block",
                "color": "gray"
              }
            ]
          },
          "click_event": {
            "action": "show_dialog",
            "dialog": "crazy_adventure:manual/page_15"
          }
        },
        {
          "text": "2##",
          "hover_event": {
            "action": "show_text",
            "value": [
              {
                "text": ""
              },
              [
                {
                  "text": "",
                  "font": "crazy_adventure:manual",
                  "color": "white"
                },
                "\"F\n",
                "\"",
                {
                  "text": "$\u802d"
                },
                {
                  "text": "$\u802d"
                },
                {
                  "text": "$\u802d"
                },
                "\n",
                "\"",
                {
                  "text": "U$"
                },
                {
                  "text": "U$"
                },
                {
                  "text": "U$"
                },
                "\n",
                "\"",
                {
                  "text": "$\u802d"
                },
                {
                  "text": "$\u802d"
                },
                {
                  "text": "$\u802d"
                },
                "\"\"",
                {
                  "text": "$$\u802b"
                },
                "\n",
                "\"",
                {
                  "text": "U$"
                },
                {
                  "text": "U$"
                },
                {
                  "text": "U$"
                },
                "\"\"",
                {
                  "text": "U$"
                },
                "\n",
                "\"",
                {
                  "text": "$\u802d"
                },
                {
                  "text": "$\u802d"
                },
                {
                  "text": "$\u802d"
                },
                "\n",
                "\"",
                {
                  "text": "U$"
                },
                {
                  "text": "U$"
                },
                {
                  "text": "U$"
                },
                "\n"
              ],
              {
                "text": "\n- x9 ",
                "color": "gray"
              },
              {
                "translate": "crazy_adventure.californium_nugget",
                "color": "gray"
              }
            ]
          },
          "click_event": {
            "action": "show_dialog",
            "dialog": "crazy_adventure:manual/page_13"
          }
        },
        {
          "text": "2##",
          "hover_event": {
            "action": "show_text",
            "value": [
              {
                "text": ""
              },
              [
                {
                  "text": "",
                  "font": "crazy_adventure:manual",
                  "color": "white"
                },
                "\"G\n",
                "\"",
                {
                  "text": "$\u802f"
                },
                "\n",
                "\"",
                {
                  "text": "U$"
                },
                "\n",
                "\"\"\"\"U$U$",
                {
                  "text": "$$\u802b"
                },
                "\n",
                "\"\"\"\"U$U$",
                {
                  "text": "U$"
                },
                "\n",
                "\n\n"
              ],
              {
                "translate": "crazy_adventure.smelting",
                "color": "yellow"
              },
              {
                "text": "\n- x1 ",
                "color": "gray"
              },
              {
                "translate": "crazy_adventure.raw_californium",
                "color": "gray"
              }
            ]
          },
          "click_event": {
            "action": "show_dialog",
            "dialog": "crazy_adventure:manual/page_14"
          }
        },
        {
          "text": "2##",
          "hover_event": {
            "action": "show_text",
            "value": [
              {
                "text": ""
              },
              [
                {
                  "text": "",
                  "font": "crazy_adventure:manual",
                  "color": "white"
                },
                "\"G\n",
                "\"",
                {
                  "text": "$\u8033"
                },
                "\n",
                "\"",
                {
                  "text": "U$"
                },
                "\n",
                "\"\"\"\"U$U$",
                {
                  "text": "$$\u802b"
                },
                "\n",
                "\"\"\"\"U$U$",
                {
                  "text": "U$"
                },
                "\n",
                "\n\n"
              ],
              {
                "translate": "crazy_adventure.smelting",
                "color": "yellow"
              },
              {
                "text": "\n- x1 ",
                "color": "gray"
              },
              {
                "translate": "crazy_adventure.californium_ore",
                "color": "gray"
              }
            ]
          },
          "click_event": {
            "action": "show_dialog",
            "dialog": "crazy_adventure:manual/page_16"
          }
        },
        {
          "text": "\u80c7##",
          "hover_event": {
            "action": "show_text",
            "value": [
              {
                "text": ""
              },
              [
                {
                  "text": "",
                  "font": "crazy_adventure:manual",
                  "color": "white"
                },
                "\"E\n",
                "\"",
                {
                  "text": "$\u802b"
                },
                "\n",
                "\"",
                {
                  "text": "U$"
                },
                "U$U$",
                {
                  "text": "$$\u80c5"
                },
                "\n\"",
                "U$U$U$",
                {
                  "text": "U$"
                },
                "\n",
                "\n"
              ],
              {
                "text": "\n- x1 ",
                "color": "gray"
              },
              {
                "translate": "crazy_adventure.californium_ingot",
                "color": "gray"
              }
            ]
          },
          "click_event": {
            "action": "show_dialog",
            "dialog": "crazy_adventure:manual/page_13"
          }
        },
        {
          "text": "\u80ca\n",
          "hover_event": {
            "action": "show_text",
            "value": [
              {
                "text": ""
              },
              [
                {
                  "text": "",
                  "font": "crazy_adventure:manual",
                  "color": "white"
                },
                "\"F\n",
                "\"",
                {
                  "text": "$\u802b"
                },
                {
                  "text": "$\u802b"
                },
                {
                  "text": "$\u802b"
                },
                "\n",
                "\"",
                {
                  "text": "U$"
                },
                {
                  "text": "U$"
                },
                {
                  "text": "U$"
                },
                "\n",
                "\"",
                {
                  "text": "$\u802b"
                },
                {
                  "text": "$\u802b"
                },
                {
                  "text": "$\u802b"
                },
                "\"\"",
                {
                  "text": "$$\u8031"
                },
                "\n",
                "\"",
                {
                  "text": "U$"
                },
                {
                  "text": "U$"
                },
                {
                  "text": "U$"
                },
                "\"\"",
                {
                  "text": "U$"
                },
                "\n",
                "\"",
                {
                  "text": "$\u802b"
                },
                {
                  "text": "$\u802b"
                },
                {
                  "text": "$\u802b"
                },
                "\n",
                "\"",
                {
                  "text": "U$"
                },
                {
                  "text": "U$"
                },
                {
                  "text": "U$"
                },
                "\n"
              ],
              {
                "text": "\n- x9 ",
                "color": "gray"
              },
              {
                "translate": "crazy_adventure.californium_ingot",
                "color": "gray"
              }
            ]
          },
          "click_event": {
            "action": "show_dialog",
            "dialog": "crazy_adventure:manual/page_15"
          }
        },
        {
          "text": "0##",
          "hover_event": {
            "action": "show_text",
            "value": [
              {
                "text": ""
              },
              [
                {
                  "text": "",
                  "font": "crazy_adventure:manual",
                  "color": "white"
                },
                "\"E\n",
                "\"",
                {
                  "text": "$\u8031"
                },
                "\n",
                "\"",
                {
                  "text": "U$"
                },
                "U$U$",
                {
                  "text": "$$\u80bb"
                },
                "\n\"",
                "U$U$U$",
                {
                  "text": "U$"
                },
                "\n",
                "\n"
              ],
              {
                "text": "\n- x1 ",
                "color": "gray"
              },
              {
                "translate": "crazy_adventure.californium_block",
                "color": "gray"
              }
            ]
          },
          "click_event": {
            "action": "show_dialog",
            "dialog": "crazy_adventure:manual/page_15"
          }
        },
        {
          "text": "0##",
          "hover_event": {
            "action": "show_text",
            "value": [
              {
                "text": ""
              },
              [
                {
                  "text": "",
                  "font": "crazy_adventure:manual",
                  "color": "white"
                },
                "\"F\n",
                "\"",
                {
                  "text": "$\u802d"
                },
                {
                  "text": "$\u802d"
                },
                {
                  "text": "$\u802d"
                },
                "\n",
                "\"",
                {
                  "text": "U$"
                },
                {
                  "text": "U$"
                },
                {
                  "text": "U$"
                },
                "\n",
                "\"",
                {
                  "text": "$\u802d"
                },
                {
                  "text": "$\u802d"
                },
                {
                  "text": "$\u802d"
                },
                "\"\"",
                {
                  "text": "$$\u802b"
                },
                "\n",
                "\"",
                {
                  "text": "U$"
                },
                {
                  "text": "U$"
                },
                {
                  "text": "U$"
                },
                "\"\"",
                {
                  "text": "U$"
                },
                "\n",
                "\"",
                {
                  "text": "$\u802d"
                },
                {
                  "text": "$\u802d"
                },
                {
                  "text": "$\u802d"
                },
                "\n",
                "\"",
                {
                  "text": "U$"
                },
                {
                  "text": "U$"
                },
                {
                  "text": "U$"
                },
                "\n"
              ],
              {
                "text": "\n- x9 ",
                "color": "gray"
              },
              {
                "translate": "crazy_adventure.californium_nugget",
                "color": "gray"
              }
            ]
          },
          "click_event": {
            "action": "show_dialog",
            "dialog": "crazy_adventure:manual/page_13"
          }
        },
        {
          "text": "0##",
          "hover_event": {
            "action": "show_text",
            "value": [
              {
                "text": ""
              },
              [
                {
                  "text": "",
                  "font": "crazy_adventure:manual",
                  "color": "white"
                },
                "\"G\n",
                "\"",
                {
                  "text": "$\u802f"
                },
                "\n",
                "\"",
                {
                  "text": "U$"
                },
                "\n",
                "\"\"\"\"U$U$",
                {
                  "text": "$$\u802b"
                },
                "\n",
                "\"\"\"\"U$U$",
                {
                  "text": "U$"
                },
                "\n",
                "\n\n"
              ],
              {
                "translate": "crazy_adventure.smelting",
                "color": "yellow"
              },
              {
                "text": "\n- x1 ",
                "color": "gray"
              },
              {
                "translate": "crazy_adventure.raw_californium",
                "color": "gray"
              }
            ]
          },
          "click_event": {
            "action": "show_dialog",
            "dialog": "crazy_adventure:manual/page_14"
          }
        },
        {
          "text": "0##",
          "hover_event": {
            "action": "show_text",
            "value": [
              {
                "text": ""
              },
              [
                {
                  "text": "",
                  "font": "crazy_adventure:manual",
                  "color": "white"
                },
                "\"G\n",
                "\"",
                {
                  "text": "$\u8033"
                },
                "\n",
                "\"",
                {
                  "text": "U$"
                },
                "\n",
                "\"\"\"\"U$U$",
                {
                  "text": "$$\u802b"
                },
                "\n",
                "\"\"\"\"U$U$",
                {
                  "text": "U$"
                },
                "\n",
                "\n\n"
              ],
              {
                "translate": "crazy_adventure.smelting",
                "color": "yellow"
              },
              {
                "text": "\n- x1 ",
                "color": "gray"
              },
              {
                "translate": "crazy_adventure.californium_ore",
                "color": "gray"
              }
            ]
          },
          "click_event": {
            "action": "show_dialog",
            "dialog": "crazy_adventure:manual/page_16"
          }
        },
        {
          "text": "0##",
          "hover_event": {
            "action": "show_text",
            "value": [
              {
                "text": ""
              },
              [
                {
                  "text": "",
                  "font": "crazy_adventure:manual",
                  "color": "white"
                },
                "\"E\n",
                "\"",
                {
                  "text": "$\u802b"
                },
                "\n",
                "\"",
                {
                  "text": "U$"
                },
                "U$U$",
                {
                  "text": "$$\u80c5"
                },
                "\n\"",
                "U$U$U$",
                {
                  "text": "U$"
                },
                "\n",
                "\n"
              ],
              {
                "text": "\n- x1 ",
                "color": "gray"
              },
              {
                "translate": "crazy_adventure.californium_ingot",
                "color": "gray"
              }
            ]
          },
          "click_event": {
            "action": "show_dialog",
            "dialog": "crazy_adventure:manual/page_13"
          }
        },
        {
          "text": "0\n",
          "hover_event": {
            "action": "show_text",
            "value": [
              {
                "text": ""
              },
              [
                {
                  "text": "",
                  "font": "crazy_adventure:manual",
                  "color": "white"
                },
                "\"F\n",
                "\"",
                {
                  "text": "$\u802b"
                },
                {
                  "text": "$\u802b"
                },
                {
                  "text": "$\u802b"
                },
                "\n",
                "\"",
                {
                  "text": "U$"
                },
                {
                  "text": "U$"
                },
                {
                  "text": "U$"
                },
                "\n",
                "\"",
                {
                  "text": "$\u802b"
                },
                {
                  "text": "$\u802b"
                },
                {
                  "text": "$\u802b"
                },
                "\"\"",
                {
                  "text": "$$\u8031"
                },
                "\n",
                "\"",
                {
                  "text": "U$"
                },
                {
                  "text": "U$"
                },
                {
                  "text": "U$"
                },
                "\"\"",
                {
                  "text": "U$"
                },
                "\n",
                "\"",
                {
                  "text": "$\u802b"
                },
                {
                  "text": "$\u802b"
                },
                {
                  "text": "$\u802b"
                },
                "\n",
                "\"",
                {
                  "text": "U$"
                },
                {
                  "text": "U$"
                },
                {
                  "text": "U$"
                },
                "\n"
              ],
              {
                "text": "\n- x9 ",
                "color": "gray"
              },
              {
                "translate": "crazy_adventure.californium_ingot",
                "color": "gray"
              }
            ]
          },
          "click_event": {
            "action": "show_dialog",
            "dialog": "crazy_adventure:manual/page_15"
          }
        },
        {
          "text": "\u80cd##",
          "hover_event": {
            "action": "show_text",
            "value": [
              {
                "text": ""
              },
              [
                {
                  "text": "",
                  "font": "crazy_adventure:manual",
                  "color": "white"
                },
                "\"F\n",
                "\"",
                {
                  "text": "$\u802b"
                },
                {
                  "text": "$\u802b"
                },
                {
                  "text": "$\u802b"
                },
                "\n",
                "\"",
                {
                  "text": "U$"
                },
                {
                  "text": "U$"
                },
                {
                  "text": "U$"
                },
                "\n",
                "\"",
                {
                  "text": "$\u802b"
                },
                "U$",
                {
                  "text": "$\u802b"
                },
                "\"\"",
                {
                  "text": "$$\u8047"
                },
                "\n",
                "\"",
                {
                  "text": "U$"
                },
                "U$",
                {
                  "text": "U$"
                },
                "\"\"",
                {
                  "text": "U$"
                },
                "\n",
                "\n\n"
              ],
              {
                "text": "\n- x5 ",
                "color": "gray"
              },
              {
                "translate": "crazy_adventure.californium_ingot",
                "color": "gray"
              }
            ]
          },
          "priority": 0,
          "click_event": {
            "action": "show_dialog",
            "dialog": "crazy_adventure:manual/page_26"
          }
        },
        {
          "text": "\u80d0##",
          "hover_event": {
            "action": "show_text",
            "value": [
              {
                "text": ""
              },
              [
                {
                  "text": "",
                  "font": "crazy_adventure:manual",
                  "color": "white"
                },
                "\"F\n",
                "\"",
                {
                  "text": "$\u802b"
                },
                "U$",
                {
                  "text": "$\u802b"
                },
                "\n",
                "\"",
                {
                  "text": "U$"
                },
                "U$",
                {
                  "text": "U$"
                },
                "\n",
                "\"",
                {
                  "text": "$\u802b"
                },
                {
                  "text": "$\u802b"
                },
                {
                  "text": "$\u802b"
                },
                "\"\"",
                {
                  "text": "$$\u8049"
                },
                "\n",
                "\"",
                {
                  "text": "U$"
                },
                {
                  "text": "U$"
                },
                {
                  "text": "U$"
                },
                "\"\"",
                {
                  "text": "U$"
                },
                "\n",
                "\"",
                {
                  "text": "$\u802b"
                },
                {
                  "text": "$\u802b"
                },
                {
                  "text": "$\u802b"
                },
                "\n",
                "\"",
                {
                  "text": "U$"
                },
                {
                  "text": "U$"
                },
                {
                  "text": "U$"
                },
                "\n"
              ],
              {
                "text": "\n- x8 ",
                "color": "gray"
              },
              {
                "translate": "crazy_adventure.californium_ingot",
                "color": "gray"
              }
            ]
          },
          "priority": 0,
          "click_event": {
            "action": "show_dialog",
            "dialog": "crazy_adventure:manual/page_27"
          }
        },
        {
          "text": "\u80d3##",
          "hover_event": {
            "action": "show_text",
            "value": [
              {
                "text": ""
              },
              [
                {
                  "text": "",
                  "font": "crazy_adventure:manual",
                  "color": "white"
                },
                "\"F\n",
                "\"",
                {
                  "text": "$\u802b"
                },
                {
                  "text": "$\u802b"
                },
                {
                  "text": "$\u802b"
                },
                "\n",
                "\"",
                {
                  "text": "U$"
                },
                {
                  "text": "U$"
                },
                {
                  "text": "U$"
                },
                "\n",
                "\"",
                {
                  "text": "$\u802b"
                },
                "U$",
                {
                  "text": "$\u802b"
                },
                "\"\"",
                {
                  "text": "$$\u804b"
                },
                "\n",
                "\"",
                {
                  "text": "U$"
                },
                "U$",
                {
                  "text": "U$"
                },
                "\"\"",
                {
                  "text": "U$"
                },
                "\n",
                "\"",
                {
                  "text": "$\u802b"
                },
                "U$",
                {
                  "text": "$\u802b"
                },
                "\n",
                "\"",
                {
                  "text": "U$"
                },
                "U$",
                {
                  "text": "U$"
                },
                "\n"
              ],
              {
                "text": "\n- x7 ",
                "color": "gray"
              },
              {
                "translate": "crazy_adventure.californium_ingot",
                "color": "gray"
              }
            ]
          },
          "priority": 0,
          "click_event": {
            "action": "show_dialog",
            "dialog": "crazy_adventure:manual/page_28"
          }
        },
        {
          "text": "\u80d6##",
          "hover_event": {
            "action": "show_text",
            "value": [
              {
                "text": ""
              },
              [
                {
                  "text": "",
                  "font": "crazy_adventure:manual",
                  "color": "white"
                },
                "\"F\n",
                "\"",
                {
                  "text": "$\u802b"
                },
                "U$",
                {
                  "text": "$\u802b"
                },
                "\n",
                "\"",
                {
                  "text": "U$"
                },
                "U$",
                {
                  "text": "U$"
                },
                "\n",
                "\"",
                {
                  "text": "$\u802b"
                },
                "U$",
                {
                  "text": "$\u802b"
                },
                "\"\"",
                {
                  "text": "$$\u804d"
                },
                "\n",
                "\"",
                {
                  "text": "U$"
                },
                "U$",
                {
                  "text": "U$"
                },
                "\"\"",
                {
                  "text": "U$"
                },
                "\n",
                "\n\n"
              ],
              {
                "text": "\n- x4 ",
                "color": "gray"
              },
              {
                "translate": "crazy_adventure.californium_ingot",
                "color": "gray"
              }
            ]
          },
          "priority": 0,
          "click_event": {
            "action": "show_dialog",
            "dialog": "crazy_adventure:manual/page_29"
          }
        },
        {
          "text": "\u80da##",
          "hover_event": {
            "action": "show_text",
            "value": [
              {
                "text": ""
              },
              [
                {
                  "text": "",
                  "font": "crazy_adventure:manual",
                  "color": "white"
                },
                "\"F\n",
                "\"",
                "U$",
                {
                  "text": "$\u802b"
                },
                "U$",
                "\n",
                "\"",
                "U$",
                {
                  "text": "U$"
                },
                "U$",
                "\n",
                "\"",
                "U$",
                {
                  "text": "$\u802b"
                },
                "U$",
                "\"\"",
                {
                  "text": "$$\u804f"
                },
                "\n",
                "\"",
                "U$",
                {
                  "text": "U$"
                },
                "U$",
                "\"\"",
                {
                  "text": "U$"
                },
                "\n",
                "\"",
                "U$",
                {
                  "text": "$\u8079"
                },
                "U$",
                "\n",
                "\"",
                "U$",
                {
                  "text": "U$"
                },
                "U$",
                "\n"
              ],
              {
                "text": "\n- x2 ",
                "color": "gray"
              },
              {
                "translate": "crazy_adventure.californium_ingot",
                "color": "gray"
              },
              {
                "text": "\n- x1 ",
                "color": "gray"
              },
              {
                "translate": "crazy_adventure.stick",
                "color": "gray"
              }
            ]
          },
          "priority": 0,
          "click_event": {
            "action": "show_dialog",
            "dialog": "crazy_adventure:manual/page_30"
          }
        },
        {
          "text": "\u80de\n",
          "hover_event": {
            "action": "show_text",
            "value": [
              {
                "text": ""
              },
              [
                {
                  "text": "",
                  "font": "crazy_adventure:manual",
                  "color": "white"
                },
                "\"F\n",
                "\"",
                {
                  "text": "$\u802b"
                },
                {
                  "text": "$\u802b"
                },
                {
                  "text": "$\u802b"
                },
                "\n",
                "\"",
                {
                  "text": "U$"
                },
                {
                  "text": "U$"
                },
                {
                  "text": "U$"
                },
                "\n",
                "\"",
                "U$",
                {
                  "text": "$\u8079"
                },
                "U$",
                "\"\"",
                {
                  "text": "$$\u8051"
                },
                "\n",
                "\"",
                "U$",
                {
                  "text": "U$"
                },
                "U$",
                "\"\"",
                {
                  "text": "U$"
                },
                "\n",
                "\"",
                "U$",
                {
                  "text": "$\u8079"
                },
                "U$",
                "\n",
                "\"",
                "U$",
                {
                  "text": "U$"
                },
                "U$",
                "\n"
              ],
              {
                "text": "\n- x3 ",
                "color": "gray"
              },
              {
                "translate": "crazy_adventure.californium_ingot",
                "color": "gray"
              },
              {
                "text": "\n- x2 ",
                "color": "gray"
              },
              {
                "translate": "crazy_adventure.stick",
                "color": "gray"
              }
            ]
          },
          "priority": 0,
          "click_event": {
            "action": "show_dialog",
            "dialog": "crazy_adventure:manual/page_31"
          }
        },
        {
          "text": "0##",
          "hover_event": {
            "action": "show_text",
            "value": [
              {
                "text": ""
              },
              [
                {
                  "text": "",
                  "font": "crazy_adventure:manual",
                  "color": "white"
                },
                "\"F\n",
                "\"",
                {
                  "text": "$\u802b"
                },
                {
                  "text": "$\u802b"
                },
                {
                  "text": "$\u802b"
                },
                "\n",
                "\"",
                {
                  "text": "U$"
                },
                {
                  "text": "U$"
                },
                {
                  "text": "U$"
                },
                "\n",
                "\"",
                {
                  "text": "$\u802b"
                },
                "U$",
                {
                  "text": "$\u802b"
                },
                "\"\"",
                {
                  "text": "$$\u8047"
                },
                "\n",
                "\"",
                {
                  "text": "U$"
                },
                "U$",
                {
                  "text": "U$"
                },
                "\"\"",
                {
                  "text": "U$"
                },
                "\n",
                "\n\n"
              ],
              {
                "text": "\n- x5 ",
                "color": "gray"
              },
              {
                "translate": "crazy_adventure.californium_ingot",
                "color": "gray"
              }
            ]
          },
          "priority": 0,
          "click_event": {
            "action": "show_dialog",
            "dialog": "crazy_adventure:manual/page_26"
          }
        },
        {
          "text": "0##",
          "hover_event": {
            "action": "show_text",
            "value": [
              {
                "text": ""
              },
              [
                {
                  "text": "",
                  "font": "crazy_adventure:manual",
                  "color": "white"
                },
                "\"F\n",
                "\"",
                {
                  "text": "$\u802b"
                },
                "U$",
                {
                  "text": "$\u802b"
                },
                "\n",
                "\"",
                {
                  "text": "U$"
                },
                "U$",
                {
                  "text": "U$"
                },
                "\n",
                "\"",
                {
                  "text": "$\u802b"
                },
                {
                  "text": "$\u802b"
                },
                {
                  "text": "$\u802b"
                },
                "\"\"",
                {
                  "text": "$$\u8049"
                },
                "\n",
                "\"",
                {
                  "text": "U$"
                },
                {
                  "text": "U$"
                },
                {
                  "text": "U$"
                },
                "\"\"",
                {
                  "text": "U$"
                },
                "\n",
                "\"",
                {
                  "text": "$\u802b"
                },
                {
                  "text": "$\u802b"
                },
                {
                  "text": "$\u802b"
                },
                "\n",
                "\"",
                {
                  "text": "U$"
                },
                {
                  "text": "U$"
                },
                {
                  "text": "U$"
                },
                "\n"
              ],
              {
                "text": "\n- x8 ",
                "color": "gray"
              },
              {
                "translate": "crazy_adventure.californium_ingot",
                "color": "gray"
              }
            ]
          },
          "priority": 0,
          "click_event": {
            "action": "show_dialog",
            "dialog": "crazy_adventure:manual/page_27"
          }
        },
        {
          "text": "0##",
          "hover_event": {
            "action": "show_text",
            "value": [
              {
                "text": ""
              },
              [
                {
                  "text": "",
                  "font": "crazy_adventure:manual",
                  "color": "white"
                },
                "\"F\n",
                "\"",
                {
                  "text": "$\u802b"
                },
                {
                  "text": "$\u802b"
                },
                {
                  "text": "$\u802b"
                },
                "\n",
                "\"",
                {
                  "text": "U$"
                },
                {
                  "text": "U$"
                },
                {
                  "text": "U$"
                },
                "\n",
                "\"",
                {
                  "text": "$\u802b"
                },
                "U$",
                {
                  "text": "$\u802b"
                },
                "\"\"",
                {
                  "text": "$$\u804b"
                },
                "\n",
                "\"",
                {
                  "text": "U$"
                },
                "U$",
                {
                  "text": "U$"
                },
                "\"\"",
                {
                  "text": "U$"
                },
                "\n",
                "\"",
                {
                  "text": "$\u802b"
                },
                "U$",
                {
                  "text": "$\u802b"
                },
                "\n",
                "\"",
                {
                  "text": "U$"
                },
                "U$",
                {
                  "text": "U$"
                },
                "\n"
              ],
              {
                "text": "\n- x7 ",
                "color": "gray"
              },
              {
                "translate": "crazy_adventure.californium_ingot",
                "color": "gray"
              }
            ]
          },
          "priority": 0,
          "click_event": {
            "action": "show_dialog",
            "dialog": "crazy_adventure:manual/page_28"
          }
        },
        {
          "text": "0##",
          "hover_event": {
            "action": "show_text",
            "value": [
              {
                "text": ""
              },
              [
                {
                  "text": "",
                  "font": "crazy_adventure:manual",
                  "color": "white"
                },
                "\"F\n",
                "\"",
                {
                  "text": "$\u802b"
                },
                "U$",
                {
                  "text": "$\u802b"
                },
                "\n",
                "\"",
                {
                  "text": "U$"
                },
                "U$",
                {
                  "text": "U$"
                },
                "\n",
                "\"",
                {
                  "text": "$\u802b"
                },
                "U$",
                {
                  "text": "$\u802b"
                },
                "\"\"",
                {
                  "text": "$$\u804d"
                },
                "\n",
                "\"",
                {
                  "text": "U$"
                },
                "U$",
                {
                  "text": "U$"
                },
                "\"\"",
                {
                  "text": "U$"
                },
                "\n",
                "\n\n"
              ],
              {
                "text": "\n- x4 ",
                "color": "gray"
              },
              {
                "translate": "crazy_adventure.californium_ingot",
                "color": "gray"
              }
            ]
          },
          "priority": 0,
          "click_event": {
            "action": "show_dialog",
            "dialog": "crazy_adventure:manual/page_29"
          }
        },
        {
          "text": "0##",
          "hover_event": {
            "action": "show_text",
            "value": [
              {
                "text": ""
              },
              [
                {
                  "text": "",
                  "font": "crazy_adventure:manual",
                  "color": "white"
                },
                "\"F\n",
                "\"",
                "U$",
                {
                  "text": "$\u802b"
                },
                "U$",
                "\n",
                "\"",
                "U$",
                {
                  "text": "U$"
                },
                "U$",
                "\n",
                "\"",
                "U$",
                {
                  "text": "$\u802b"
                },
                "U$",
                "\"\"",
                {
                  "text": "$$\u804f"
                },
                "\n",
                "\"",
                "U$",
                {
                  "text": "U$"
                },
                "U$",
                "\"\"",
                {
                  "text": "U$"
                },
                "\n",
                "\"",
                "U$",
                {
                  "text": "$\u8079"
                },
                "U$",
                "\n",
                "\"",
                "U$",
                {
                  "text": "U$"
                },
                "U$",
                "\n"
              ],
              {
                "text": "\n- x2 ",
                "color": "gray"
              },
              {
                "translate": "crazy_adventure.californium_ingot",
                "color": "gray"
              },
              {
                "text": "\n- x1 ",
                "color": "gray"
              },
              {
                "translate": "crazy_adventure.stick",
                "color": "gray"
              }
            ]
          },
          "priority": 0,
          "click_event": {
            "action": "show_dialog",
            "dialog": "crazy_adventure:manual/page_30"
          }
        },
        {
          "text": "0\n",
          "hover_event": {
            "action": "show_text",
            "value": [
              {
                "text": ""
              },
              [
                {
                  "text": "",
                  "font": "crazy_adventure:manual",
                  "color": "white"
                },
                "\"F\n",
                "\"",
                {
                  "text": "$\u802b"
                },
                {
                  "text": "$\u802b"
                },
                {
                  "text": "$\u802b"
                },
                "\n",
                "\"",
                {
                  "text": "U$"
                },
                {
                  "text": "U$"
                },
                {
                  "text": "U$"
                },
                "\n",
                "\"",
                "U$",
                {
                  "text": "$\u8079"
                },
                "U$",
                "\"\"",
                {
                  "text": "$$\u8051"
                },
                "\n",
                "\"",
                "U$",
                {
                  "text": "U$"
                },
                "U$",
                "\"\"",
                {
                  "text": "U$"
                },
                "\n",
                "\"",
                "U$",
                {
                  "text": "$\u8079"
                },
                "U$",
                "\n",
                "\"",
                "U$",
                {
                  "text": "U$"
                },
                "U$",
                "\n"
              ],
              {
                "text": "\n- x3 ",
                "color": "gray"
              },
              {
                "translate": "crazy_adventure.californium_ingot",
                "color": "gray"
              },
              {
                "text": "\n- x2 ",
                "color": "gray"
              },
              {
                "translate": "crazy_adventure.stick",
                "color": "gray"
              }
            ]
          },
          "priority": 0,
          "click_event": {
            "action": "show_dialog",
            "dialog": "crazy_adventure:manual/page_31"
          }
        },
        {
          "text": "\u80e2##",
          "hover_event": {
            "action": "show_text",
            "value": [
              {
                "text": ""
              },
              [
                {
                  "text": "",
                  "font": "crazy_adventure:manual",
                  "color": "white"
                },
                "\"F\n",
                "\"",
                {
                  "text": "$\u802b"
                },
                {
                  "text": "$\u802b"
                },
                "\n",
                "\"",
                {
                  "text": "U$"
                },
                {
                  "text": "U$"
                },
                "\n",
                "\"",
                {
                  "text": "$\u802b"
                },
                {
                  "text": "$\u8079"
                },
                "U$\"\"",
                {
                  "text": "$$\u8053"
                },
                "\n",
                "\"",
                {
                  "text": "U$"
                },
                {
                  "text": "U$"
                },
                "U$\"\"",
                {
                  "text": "U$"
                },
                "\n",
                "\"",
                "U$",
                {
                  "text": "$\u8079"
                },
                "\n",
                "\"",
                "U$",
                {
                  "text": "U$"
                },
                "\n"
              ],
              {
                "text": "\n- x3 ",
                "color": "gray"
              },
              {
                "translate": "crazy_adventure.californium_ingot",
                "color": "gray"
              },
              {
                "text": "\n- x2 ",
                "color": "gray"
              },
              {
                "translate": "crazy_adventure.stick",
                "color": "gray"
              }
            ]
          },
          "priority": 0,
          "click_event": {
            "action": "show_dialog",
            "dialog": "crazy_adventure:manual/page_32"
          }
        },
        {
          "text": "\u80e6##",
          "hover_event": {
            "action": "show_text",
            "value": [
              {
                "text": ""
              },
              [
                {
                  "text": "",
                  "font": "crazy_adventure:manual",
                  "color": "white"
                },
                "\"F\n",
                "\"",
                "U$",
                {
                  "text": "$\u802b"
                },
                "U$",
                "\n",
                "\"",
                "U$",
                {
                  "text": "U$"
                },
                "U$",
                "\n",
                "\"",
                "U$",
                {
                  "text": "$\u8079"
                },
                "U$",
                "\"\"",
                {
                  "text": "$$\u8055"
                },
                "\n",
                "\"",
                "U$",
                {
                  "text": "U$"
                },
                "U$",
                "\"\"",
                {
                  "text": "U$"
                },
                "\n",
                "\"",
                "U$",
                {
                  "text": "$\u8079"
                },
                "U$",
                "\n",
                "\"",
                "U$",
                {
                  "text": "U$"
                },
                "U$",
                "\n"
              ],
              {
                "text": "\n- x1 ",
                "color": "gray"
              },
              {
                "translate": "crazy_adventure.californium_ingot",
                "color": "gray"
              },
              {
                "text": "\n- x2 ",
                "color": "gray"
              },
              {
                "translate": "crazy_adventure.stick",
                "color": "gray"
              }
            ]
          },
          "priority": 0,
          "click_event": {
            "action": "show_dialog",
            "dialog": "crazy_adventure:manual/page_33"
          }
        },
        {
          "text": "\u80ea\n",
          "hover_event": {
            "action": "show_text",
            "value": [
              {
                "text": ""
              },
              [
                {
                  "text": "",
                  "font": "crazy_adventure:manual",
                  "color": "white"
                },
                "\"F\n",
                "\"",
                {
                  "text": "$\u802b"
                },
                {
                  "text": "$\u802b"
                },
                "\n",
                "\"",
                {
                  "text": "U$"
                },
                {
                  "text": "U$"
                },
                "\n",
                "\"",
                "U$",
                {
                  "text": "$\u8079"
                },
                "U$\"\"",
                {
                  "text": "$$\u8057"
                },
                "\n",
                "\"",
                "U$",
                {
                  "text": "U$"
                },
                "U$\"\"",
                {
                  "text": "U$"
                },
                "\n",
                "\"",
                "U$",
                {
                  "text": "$\u8079"
                },
                "\n",
                "\"",
                "U$",
                {
                  "text": "U$"
                },
                "\n"
              ],
              {
                "text": "\n- x2 ",
                "color": "gray"
              },
              {
                "translate": "crazy_adventure.californium_ingot",
                "color": "gray"
              },
              {
                "text": "\n- x2 ",
                "color": "gray"
              },
              {
                "translate": "crazy_adventure.stick",
                "color": "gray"
              }
            ]
          },
          "priority": 0,
          "click_event": {
            "action": "show_dialog",
            "dialog": "crazy_adventure:manual/page_34"
          }
        },
        {
          "text": "0##",
          "hover_event": {
            "action": "show_text",
            "value": [
              {
                "text": ""
              },
              [
                {
                  "text": "",
                  "font": "crazy_adventure:manual",
                  "color": "white"
                },
                "\"F\n",
                "\"",
                {
                  "text": "$\u802b"
                },
                {
                  "text": "$\u802b"
                },
                "\n",
                "\"",
                {
                  "text": "U$"
                },
                {
                  "text": "U$"
                },
                "\n",
                "\"",
                {
                  "text": "$\u802b"
                },
                {
                  "text": "$\u8079"
                },
                "U$\"\"",
                {
                  "text": "$$\u8053"
                },
                "\n",
                "\"",
                {
                  "text": "U$"
                },
                {
                  "text": "U$"
                },
                "U$\"\"",
                {
                  "text": "U$"
                },
                "\n",
                "\"",
                "U$",
                {
                  "text": "$\u8079"
                },
                "\n",
                "\"",
                "U$",
                {
                  "text": "U$"
                },
                "\n"
              ],
              {
                "text": "\n- x3 ",
                "color": "gray"
              },
              {
                "translate": "crazy_adventure.californium_ingot",
                "color": "gray"
              },
              {
                "text": "\n- x2 ",
                "color": "gray"
              },
              {
                "translate": "crazy_adventure.stick",
                "color": "gray"
              }
            ]
          },
          "priority": 0,
          "click_event": {
            "action": "show_dialog",
            "dialog": "crazy_adventure:manual/page_32"
          }
        },
        {
          "text": "0##",
          "hover_event": {
            "action": "show_text",
            "value": [
              {
                "text": ""
              },
              [
                {
                  "text": "",
                  "font": "crazy_adventure:manual",
                  "color": "white"
                },
                "\"F\n",
                "\"",
                "U$",
                {
                  "text": "$\u802b"
                },
                "U$",
                "\n",
                "\"",
                "U$",
                {
                  "text": "U$"
                },
                "U$",
                "\n",
                "\"",
                "U$",
                {
                  "text": "$\u8079"
                },
                "U$",
                "\"\"",
                {
                  "text": "$$\u8055"
                },
                "\n",
                "\"",
                "U$",
                {
                  "text": "U$"
                },
                "U$",
                "\"\"",
                {
                  "text": "U$"
                },
                "\n",
                "\"",
                "U$",
                {
                  "text": "$\u8079"
                },
                "U$",
                "\n",
                "\"",
                "U$",
                {
                  "text": "U$"
                },
                "U$",
                "\n"
              ],
              {
                "text": "\n- x1 ",
                "color": "gray"
              },
              {
                "translate": "crazy_adventure.californium_ingot",
                "color": "gray"
              },
              {
                "text": "\n- x2 ",
                "color": "gray"
              },
              {
                "translate": "crazy_adventure.stick",
                "color": "gray"
              }
            ]
          },
          "priority": 0,
          "click_event": {
            "action": "show_dialog",
            "dialog": "crazy_adventure:manual/page_33"
          }
        },
        {
          "text": "0",
          "hover_event": {
            "action": "show_text",
            "value": [
              {
                "text": ""
              },
              [
                {
                  "text": "",
                  "font": "crazy_adventure:manual",
                  "color": "white"
                },
                "\"F\n",
                "\"",
                {
                  "text": "$\u802b"
                },
                {
                  "text": "$\u802b"
                },
                "\n",
                "\"",
                {
                  "text": "U$"
                },
                {
                  "text": "U$"
                },
                "\n",
                "\"",
                "U$",
                {
                  "text": "$\u8079"
                },
                "U$\"\"",
                {
                  "text": "$$\u8057"
                },
                "\n",
                "\"",
                "U$",
                {
                  "text": "U$"
                },
                "U$\"\"",
                {
                  "text": "U$"
                },
                "\n",
                "\"",
                "U$",
                {
                  "text": "$\u8079"
                },
                "\n",
                "\"",
                "U$",
                {
                  "text": "U$"
                },
                "\n"
              ],
              {
                "text": "\n- x2 ",
                "color": "gray"
              },
              {
                "translate": "crazy_adventure.californium_ingot",
                "color": "gray"
              },
              {
                "text": "\n- x2 ",
                "color": "gray"
              },
              {
                "translate": "crazy_adventure.stick",
                "color": "gray"
              }
            ]
          },
          "priority": 0,
          "click_event": {
            "action": "show_dialog",
            "dialog": "crazy_adventure:manual/page_34"
          }
        },
        "\n\n\n\n\n\n\n\n\n\n\n\n\n\n"
      ],
      "width": 140
    }
  ]
}
