{
  "type": "minecraft:notice",
  "title": {
    "translate": "crazy_adventure.category_browser",
    "underlined": true
  },
  "body": [
    {
      "type": "minecraft:plain_message",
      "contents": [
        {
          "text": "V   ",
          "font": "crazy_adventure:manual",
          "color": "white"
        },
        {
          "text": "\n   ",
          "click_event": {
            "action": "show_dialog",
            "dialog": "crazy_adventure:manual/page_2"
          },
          "hover_event": {
            "action": "show_text",
            "value": [
              {
                "translate": "crazy_adventure.go_to_previous_page"
              },
              " (2)"
            ]
          }
        },
        " ",
        {
          "text": "   ",
          "click_event": {
            "action": "show_dialog",
            "dialog": "crazy_adventure:manual/page_4"
          },
          "hover_event": {
            "action": "show_text",
            "value": [
              {
                "translate": "crazy_adventure.go_to_next_page"
              },
              " (4)"
            ]
          }
        },
        {
          "text": "\n   ",
          "click_event": {
            "action": "show_dialog",
            "dialog": "crazy_adventure:manual/page_2"
          },
          "hover_event": {
            "action": "show_text",
            "value": [
              {
                "translate": "crazy_adventure.go_to_previous_page"
              },
              " (2)"
            ]
          }
        },
        " ",
        {
          "text": "   ",
          "click_event": {
            "action": "show_dialog",
            "dialog": "crazy_adventure:manual/page_4"
          },
          "hover_event": {
            "action": "show_text",
            "value": [
              {
                "translate": "crazy_adventure.go_to_next_page"
              },
              " (4)"
            ]
          }
        }
      ],
      "width": 400
    },
    {
      "type": "minecraft:plain_message",
      "contents": [
        {
          "text": "",
          "font": "crazy_adventure:manual",
          "color": "white",
          "shadow_color": [
            0,
            0,
            0,
            0
          ]
        },
        "\"\u1021\n\"",
        {
          "text": "$\u8021",
          "hover_event": {
            "action": "show_item",
            "id": "command_block",
            "components": {
              "custom_data": {
                "smithed": {
                  "dict": {
                    "ingot": {
                      "uranium": true
                    }
                  },
                  "ignore": {
                    "functionality": true,
                    "crafting": true
                  }
                },
                "crazy_adventure": {
                  "uranium_ingot": true
                }
              },
              "item_model": "crazy_adventure:uranium_ingot",
              "item_name": {
                "translate": "crazy_adventure.material",
                "color": "white"
              },
              "lore": [
                [
                  "",
                  {
                    "text": "I",
                    "color": "white",
                    "italic": false,
                    "font": "crazy_adventure:icons"
                  },
                  {
                    "translate": "crazy_adventure.crazy",
                    "color": "green"
                  },
                  {
                    "translate": "crazy_adventure.adventure",
                    "color": "gray"
                  }
                ]
              ]
            }
          },
          "click_event": {
            "action": "show_dialog",
            "dialog": "crazy_adventure:manual/page_4"
          }
        },
        {
          "text": "$\u8035",
          "hover_event": {
            "action": "show_item",
            "id": "diamond_helmet",
            "components": {
              "custom_data": {
                "crazy_adventure": {
                  "radiation": 150,
                  "uranium_helmet": true
                },
                "smithed": {
                  "ignore": {
                    "functionality": true,
                    "crafting": true
                  }
                }
              },
              "max_damage": 544,
              "attribute_modifiers": [
                {
                  "type": "armor",
                  "amount": 3.5,
                  "operation": "add_value",
                  "slot": "head",
                  "id": "crazy_adventure:armor.head"
                },
                {
                  "type": "armor_toughness",
                  "amount": 2,
                  "operation": "add_value",
                  "slot": "head",
                  "id": "crazy_adventure:armor_toughness.head"
                }
              ],
              "item_model": "crazy_adventure:uranium_helmet",
              "item_name": {
                "translate": "crazy_adventure.equipment",
                "color": "white"
              },
              "lore": [
                [
                  "",
                  {
                    "text": "I",
                    "color": "white",
                    "italic": false,
                    "font": "crazy_adventure:icons"
                  },
                  {
                    "translate": "crazy_adventure.crazy",
                    "color": "green"
                  },
                  {
                    "translate": "crazy_adventure.adventure",
                    "color": "gray"
                  }
                ]
              ]
            }
          },
          "click_event": {
            "action": "show_dialog",
            "dialog": "crazy_adventure:manual/page_5"
          }
        },
        {
          "text": "$\u8059",
          "hover_event": {
            "action": "show_item",
            "id": "written_book",
            "components": {
              "item_name": {
                "translate": "crazy_adventure.miscellaneous",
                "color": "white"
              },
              "item_model": "crazy_adventure:manual",
              "lore": [
                [
                  "",
                  {
                    "text": "I",
                    "color": "white",
                    "italic": false,
                    "font": "crazy_adventure:icons"
                  },
                  {
                    "translate": "crazy_adventure.crazy",
                    "color": "green"
                  },
                  {
                    "translate": "crazy_adventure.adventure",
                    "color": "gray"
                  }
                ]
              ],
              "custom_data": {
                "crazy_adventure": {
                  "manual": true
                },
                "smithed": {
                  "ignore": {
                    "functionality": true,
                    "crafting": true
                  }
                }
              }
            }
          },
          "click_event": {
            "action": "show_dialog",
            "dialog": "crazy_adventure:manual/page_6"
          }
        },
        "#\n\"",
        {
          "text": "!",
          "hover_event": {
            "action": "show_item",
            "id": "command_block",
            "components": {
              "custom_data": {
                "smithed": {
                  "dict": {
                    "ingot": {
                      "uranium": true
                    }
                  },
                  "ignore": {
                    "functionality": true,
                    "crafting": true
                  }
                },
                "crazy_adventure": {
                  "uranium_ingot": true
                }
              },
              "item_model": "crazy_adventure:uranium_ingot",
              "item_name": {
                "translate": "crazy_adventure.material",
                "color": "white"
              },
              "lore": [
                [
                  "",
                  {
                    "text": "I",
                    "color": "white",
                    "italic": false,
                    "font": "crazy_adventure:icons"
                  },
                  {
                    "translate": "crazy_adventure.crazy",
                    "color": "green"
                  },
                  {
                    "translate": "crazy_adventure.adventure",
                    "color": "gray"
                  }
                ]
              ]
            }
          },
          "click_event": {
            "action": "show_dialog",
            "dialog": "crazy_adventure:manual/page_4"
          }
        },
        {
          "text": "!",
          "hover_event": {
            "action": "show_item",
            "id": "diamond_helmet",
            "components": {
              "custom_data": {
                "crazy_adventure": {
                  "radiation": 150,
                  "uranium_helmet": true
                },
                "smithed": {
                  "ignore": {
                    "functionality": true,
                    "crafting": true
                  }
                }
              },
              "max_damage": 544,
              "attribute_modifiers": [
                {
                  "type": "armor",
                  "amount": 3.5,
                  "operation": "add_value",
                  "slot": "head",
                  "id": "crazy_adventure:armor.head"
                },
                {
                  "type": "armor_toughness",
                  "amount": 2,
                  "operation": "add_value",
                  "slot": "head",
                  "id": "crazy_adventure:armor_toughness.head"
                }
              ],
              "item_model": "crazy_adventure:uranium_helmet",
              "item_name": {
                "translate": "crazy_adventure.equipment",
                "color": "white"
              },
              "lore": [
                [
                  "",
                  {
                    "text": "I",
                    "color": "white",
                    "italic": false,
                    "font": "crazy_adventure:icons"
                  },
                  {
                    "translate": "crazy_adventure.crazy",
                    "color": "green"
                  },
                  {
                    "translate": "crazy_adventure.adventure",
                    "color": "gray"
                  }
                ]
              ]
            }
          },
          "click_event": {
            "action": "show_dialog",
            "dialog": "crazy_adventure:manual/page_5"
          }
        },
        {
          "text": "!",
          "hover_event": {
            "action": "show_item",
            "id": "written_book",
            "components": {
              "item_name": {
                "translate": "crazy_adventure.miscellaneous",
                "color": "white"
              },
              "item_model": "crazy_adventure:manual",
              "lore": [
                [
                  "",
                  {
                    "text": "I",
                    "color": "white",
                    "italic": false,
                    "font": "crazy_adventure:icons"
                  },
                  {
                    "translate": "crazy_adventure.crazy",
                    "color": "green"
                  },
                  {
                    "translate": "crazy_adventure.adventure",
                    "color": "gray"
                  }
                ]
              ],
              "custom_data": {
                "crazy_adventure": {
                  "manual": true
                },
                "smithed": {
                  "ignore": {
                    "functionality": true,
                    "crafting": true
                  }
                }
              }
            }
          },
          "click_event": {
            "action": "show_dialog",
            "dialog": "crazy_adventure:manual/page_6"
          }
        },
        "#\n",
        "\n\n\n\n\n\n\n\n\n\n\n\n\n\n\n\n\n\n\n\n\n\n"
      ],
      "width": 140
    }
  ]
}
