{
  "type": "minecraft:notice",
  "title": [
    "",
    {
      "sprite": "crazy_adventure:item/dialog_sprite/oxidizer",
      "shadow_color": [
        0,
        0,
        0,
        0
      ],
      "atlas": "minecraft:items"
    },
    " ",
    {
      "translate": "crazy_adventure.oxidizer",
      "underlined": true
    },
    " ",
    {
      "sprite": "crazy_adventure:item/dialog_sprite/oxidizer",
      "shadow_color": [
        0,
        0,
        0,
        0
      ],
      "atlas": "minecraft:items"
    }
  ],
  "body": [
    {
      "type": "minecraft:plain_message",
      "contents": [
        {
          "text": "V   ",
          "font": "crazy_adventure:manual",
          "color": "white"
        },
        {
          "text": "\n   ",
          "click_event": {
            "action": "show_dialog",
            "dialog": "crazy_adventure:manual/page_70"
          },
          "hover_event": {
            "action": "show_text",
            "value": [
              {
                "translate": "crazy_adventure.go_to_previous_page"
              },
              " (70)"
            ]
          }
        },
        " ",
        {
          "text": "   ",
          "click_event": {
            "action": "show_dialog",
            "dialog": "crazy_adventure:manual/page_72"
          },
          "hover_event": {
            "action": "show_text",
            "value": [
              {
                "translate": "crazy_adventure.go_to_next_page"
              },
              " (72)"
            ]
          }
        },
        {
          "text": "\n   ",
          "click_event": {
            "action": "show_dialog",
            "dialog": "crazy_adventure:manual/page_70"
          },
          "hover_event": {
            "action": "show_text",
            "value": [
              {
                "translate": "crazy_adventure.go_to_previous_page"
              },
              " (70)"
            ]
          }
        },
        " ",
        {
          "text": "   ",
          "click_event": {
            "action": "show_dialog",
            "dialog": "crazy_adventure:manual/page_72"
          },
          "hover_event": {
            "action": "show_text",
            "value": [
              {
                "translate": "crazy_adventure.go_to_next_page"
              },
              " (72)"
            ]
          }
        }
      ],
      "width": 400
    },
    {
      "type": "minecraft:plain_message",
      "contents": [
        {
          "text": "",
          "font": "crazy_adventure:manual",
          "color": "white",
          "shadow_color": [
            0,
            0,
            0,
            0
          ]
        },
        "\"$6\n\"",
        {
          "text": "$\u802f$\u802f$\u802f",
          "hover_event": {
            "action": "show_item",
            "id": "command_block",
            "components": {
              "custom_data": {
                "smithed": {
                  "dict": {
                    "nugget": {
                      "californium": true
                    }
                  },
                  "ignore": {
                    "functionality": true,
                    "crafting": true
                  }
                },
                "crazy_adventure": {
                  "californium_nugget": true
                }
              },
              "item_model": "crazy_adventure:californium_nugget",
              "item_name": {
                "translate": "crazy_adventure.californium_nugget"
              },
              "lore": [
                [
                  "",
                  {
                    "text": "I",
                    "color": "white",
                    "italic": false,
                    "font": "crazy_adventure:icons"
                  },
                  {
                    "translate": "crazy_adventure.crazy",
                    "color": "green"
                  },
                  {
                    "translate": "crazy_adventure.adventure",
                    "color": "gray"
                  }
                ]
              ]
            }
          },
          "click_event": {
            "action": "show_dialog",
            "dialog": "crazy_adventure:manual/page_17"
          }
        },
        "  \n\"",
        {
          "translate": "crazy_adventure.uuu",
          "hover_event": {
            "action": "show_item",
            "id": "command_block",
            "components": {
              "custom_data": {
                "smithed": {
                  "dict": {
                    "nugget": {
                      "californium": true
                    }
                  },
                  "ignore": {
                    "functionality": true,
                    "crafting": true
                  }
                },
                "crazy_adventure": {
                  "californium_nugget": true
                }
              },
              "item_model": "crazy_adventure:californium_nugget",
              "item_name": {
                "translate": "crazy_adventure.californium_nugget"
              },
              "lore": [
                [
                  "",
                  {
                    "text": "I",
                    "color": "white",
                    "italic": false,
                    "font": "crazy_adventure:icons"
                  },
                  {
                    "translate": "crazy_adventure.crazy",
                    "color": "green"
                  },
                  {
                    "translate": "crazy_adventure.adventure",
                    "color": "gray"
                  }
                ]
              ]
            }
          },
          "click_event": {
            "action": "show_dialog",
            "dialog": "crazy_adventure:manual/page_17"
          }
        },
        "  \n\"",
        {
          "text": "$\u80ef$\u80ef$\u80ef",
          "hover_event": {
            "action": "show_item",
            "id": "minecraft:iron_block",
            "components": {}
          }
        },
        "\"\"",
        {
          "text": "$$\u809b",
          "hover_event": {
            "action": "show_item",
            "id": "furnace",
            "components": {
              "custom_data": {
                "energy": {
                  "usage": 100,
                  "max_storage": 10000
                },
                "crazy_adventure": {
                  "oxidizer": true
                },
                "smithed": {
                  "ignore": {
                    "functionality": true,
                    "crafting": true
                  }
                }
              },
              "item_model": "crazy_adventure:oxidizer",
              "item_name": {
                "translate": "crazy_adventure.oxidizer"
              },
              "lore": [
                [
                  "",
                  {
                    "text": "I",
                    "color": "white",
                    "italic": false,
                    "font": "crazy_adventure:icons"
                  },
                  {
                    "translate": "crazy_adventure.crazy",
                    "color": "green"
                  },
                  {
                    "translate": "crazy_adventure.adventure",
                    "color": "gray"
                  }
                ]
              ],
              "container": [
                {
                  "slot": 0,
                  "item": {
                    "id": "minecraft:stone",
                    "count": 1,
                    "components": {
                      "minecraft:custom_data": {
                        "smithed": {
                          "block": {
                            "id": "crazy_adventure:oxidizer",
                            "from": "crazy_adventure"
                          }
                        }
                      }
                    }
                  }
                }
              ],
              "tooltip_display": {
                "hidden_components": [
                  "minecraft:container"
                ]
              }
            }
          }
        },
        "#$\n\"",
        {
          "translate": "crazy_adventure.uuu",
          "hover_event": {
            "action": "show_item",
            "id": "minecraft:iron_block",
            "components": {}
          }
        },
        "\"\"",
        {
          "text": "U$",
          "hover_event": {
            "action": "show_item",
            "id": "furnace",
            "components": {
              "custom_data": {
                "energy": {
                  "usage": 100,
                  "max_storage": 10000
                },
                "crazy_adventure": {
                  "oxidizer": true
                },
                "smithed": {
                  "ignore": {
                    "functionality": true,
                    "crafting": true
                  }
                }
              },
              "item_model": "crazy_adventure:oxidizer",
              "item_name": {
                "translate": "crazy_adventure.oxidizer"
              },
              "lore": [
                [
                  "",
                  {
                    "text": "I",
                    "color": "white",
                    "italic": false,
                    "font": "crazy_adventure:icons"
                  },
                  {
                    "translate": "crazy_adventure.crazy",
                    "color": "green"
                  },
                  {
                    "translate": "crazy_adventure.adventure",
                    "color": "gray"
                  }
                ]
              ],
              "container": [
                {
                  "slot": 0,
                  "item": {
                    "id": "minecraft:stone",
                    "count": 1,
                    "components": {
                      "minecraft:custom_data": {
                        "smithed": {
                          "block": {
                            "id": "crazy_adventure:oxidizer",
                            "from": "crazy_adventure"
                          }
                        }
                      }
                    }
                  }
                }
              ],
              "tooltip_display": {
                "hidden_components": [
                  "minecraft:container"
                ]
              }
            }
          }
        },
        "#$\n\"",
        {
          "text": "$\u80ef$\u80ef$\u80ef",
          "hover_event": {
            "action": "show_item",
            "id": "minecraft:iron_block",
            "components": {}
          }
        },
        "  \n\"",
        {
          "translate": "crazy_adventure.uuu",
          "hover_event": {
            "action": "show_item",
            "id": "minecraft:iron_block",
            "components": {}
          }
        },
        "  \n\n",
        {
          "text": "1##",
          "hover_event": {
            "action": "show_text",
            "value": [
              {
                "translate": "crazy_adventure.copper_washing",
                "color": "green"
              },
              {
                "translate": "crazy_adventure.make_a_copper_block_fully_oxidized_in_15_seconds",
                "color": "gray"
              }
            ]
          }
        },
        {
          "text": "2\n",
          "hover_event": {
            "action": "show_text",
            "value": [
              {
                "text": ""
              },
              [
                {
                  "text": "",
                  "font": "crazy_adventure:manual",
                  "color": "white"
                },
                "\"F\n",
                "\"",
                {
                  "text": "$\u802f"
                },
                {
                  "text": "$\u802f"
                },
                {
                  "text": "$\u802f"
                },
                "\n",
                "\"",
                {
                  "text": "U$"
                },
                {
                  "text": "U$"
                },
                {
                  "text": "U$"
                },
                "\n",
                "\"",
                {
                  "text": "$\u80ef"
                },
                {
                  "text": "$\u80ef"
                },
                {
                  "text": "$\u80ef"
                },
                "\"\"",
                {
                  "text": "$$\u809b"
                },
                "\n",
                "\"",
                {
                  "text": "U$"
                },
                {
                  "text": "U$"
                },
                {
                  "text": "U$"
                },
                "\"\"",
                {
                  "text": "U$"
                },
                "\n",
                "\"",
                {
                  "text": "$\u80ef"
                },
                {
                  "text": "$\u80ef"
                },
                {
                  "text": "$\u80ef"
                },
                "\n",
                "\"",
                {
                  "text": "U$"
                },
                {
                  "text": "U$"
                },
                {
                  "text": "U$"
                },
                "\n"
              ],
              {
                "text": "\n- x3 ",
                "color": "gray"
              },
              {
                "translate": "crazy_adventure.californium_nugget",
                "color": "gray"
              },
              {
                "text": "\n- x6 ",
                "color": "gray"
              },
              {
                "translate": "crazy_adventure.iron_block",
                "color": "gray"
              }
            ]
          }
        },
        {
          "text": "0##",
          "hover_event": {
            "action": "show_text",
            "value": [
              {
                "translate": "crazy_adventure.copper_washing",
                "color": "green"
              },
              {
                "translate": "crazy_adventure.make_a_copper_block_fully_oxidized_in_15_seconds",
                "color": "gray"
              }
            ]
          }
        },
        {
          "text": "0",
          "hover_event": {
            "action": "show_text",
            "value": [
              {
                "text": ""
              },
              [
                {
                  "text": "",
                  "font": "crazy_adventure:manual",
                  "color": "white"
                },
                "\"F\n",
                "\"",
                {
                  "text": "$\u802f"
                },
                {
                  "text": "$\u802f"
                },
                {
                  "text": "$\u802f"
                },
                "\n",
                "\"",
                {
                  "text": "U$"
                },
                {
                  "text": "U$"
                },
                {
                  "text": "U$"
                },
                "\n",
                "\"",
                {
                  "text": "$\u80ef"
                },
                {
                  "text": "$\u80ef"
                },
                {
                  "text": "$\u80ef"
                },
                "\"\"",
                {
                  "text": "$$\u809b"
                },
                "\n",
                "\"",
                {
                  "text": "U$"
                },
                {
                  "text": "U$"
                },
                {
                  "text": "U$"
                },
                "\"\"",
                {
                  "text": "U$"
                },
                "\n",
                "\"",
                {
                  "text": "$\u80ef"
                },
                {
                  "text": "$\u80ef"
                },
                {
                  "text": "$\u80ef"
                },
                "\n",
                "\"",
                {
                  "text": "U$"
                },
                {
                  "text": "U$"
                },
                {
                  "text": "U$"
                },
                "\n"
              ],
              {
                "text": "\n- x3 ",
                "color": "gray"
              },
              {
                "translate": "crazy_adventure.californium_nugget",
                "color": "gray"
              },
              {
                "text": "\n- x6 ",
                "color": "gray"
              },
              {
                "translate": "crazy_adventure.iron_block",
                "color": "gray"
              }
            ]
          }
        },
        "\n\n\n\n\n\n\n\n\n\n\n\n\n\n\n\n"
      ],
      "width": 140
    }
  ]
}
