{
  "type": "minecraft:notice",
  "title": [
    "",
    {
      "sprite": "crazy_adventure:item/dialog_sprite/uranium_hoe",
      "shadow_color": [
        0,
        0,
        0,
        0
      ],
      "atlas": "minecraft:items"
    },
    " ",
    {
      "translate": "crazy_adventure.uranium_hoe",
      "underlined": true
    },
    " ",
    {
      "sprite": "crazy_adventure:item/dialog_sprite/uranium_hoe",
      "shadow_color": [
        0,
        0,
        0,
        0
      ],
      "atlas": "minecraft:items"
    }
  ],
  "body": [
    {
      "type": "minecraft:plain_message",
      "contents": [
        {
          "text": "V   ",
          "font": "crazy_adventure:manual",
          "color": "white"
        },
        {
          "text": "\n   ",
          "click_event": {
            "action": "show_dialog",
            "dialog": "crazy_adventure:manual/page_26"
          },
          "hover_event": {
            "action": "show_text",
            "value": [
              {
                "translate": "crazy_adventure.go_to_previous_page"
              },
              " (26)"
            ]
          }
        },
        " ",
        {
          "text": "   ",
          "click_event": {
            "action": "show_dialog",
            "dialog": "crazy_adventure:manual/page_28"
          },
          "hover_event": {
            "action": "show_text",
            "value": [
              {
                "translate": "crazy_adventure.go_to_next_page"
              },
              " (28)"
            ]
          }
        },
        {
          "text": "\n   ",
          "click_event": {
            "action": "show_dialog",
            "dialog": "crazy_adventure:manual/page_26"
          },
          "hover_event": {
            "action": "show_text",
            "value": [
              {
                "translate": "crazy_adventure.go_to_previous_page"
              },
              " (26)"
            ]
          }
        },
        " ",
        {
          "text": "   ",
          "click_event": {
            "action": "show_dialog",
            "dialog": "crazy_adventure:manual/page_28"
          },
          "hover_event": {
            "action": "show_text",
            "value": [
              {
                "translate": "crazy_adventure.go_to_next_page"
              },
              " (28)"
            ]
          }
        }
      ],
      "width": 400
    },
    {
      "type": "minecraft:plain_message",
      "contents": [
        {
          "text": "",
          "font": "crazy_adventure:manual",
          "color": "white",
          "shadow_color": [
            0,
            0,
            0,
            0
          ]
        },
        "\"$6\n\"",
        {
          "text": "$\u8021$\u8021",
          "hover_event": {
            "action": "show_item",
            "id": "command_block",
            "components": {
              "custom_data": {
                "smithed": {
                  "dict": {
                    "ingot": {
                      "uranium": true
                    }
                  },
                  "ignore": {
                    "functionality": true,
                    "crafting": true
                  }
                },
                "crazy_adventure": {
                  "uranium_ingot": true
                }
              },
              "item_model": "crazy_adventure:uranium_ingot",
              "item_name": {
                "translate": "crazy_adventure.uranium_ingot"
              },
              "lore": [
                [
                  "",
                  {
                    "text": "I",
                    "color": "white",
                    "italic": false,
                    "font": "crazy_adventure:icons"
                  },
                  {
                    "translate": "crazy_adventure.crazy",
                    "color": "green"
                  },
                  {
                    "translate": "crazy_adventure.adventure",
                    "color": "gray"
                  }
                ]
              ]
            }
          },
          "click_event": {
            "action": "show_dialog",
            "dialog": "crazy_adventure:manual/page_9"
          }
        },
        "U$  \n\"",
        {
          "text": "U$U$",
          "hover_event": {
            "action": "show_item",
            "id": "command_block",
            "components": {
              "custom_data": {
                "smithed": {
                  "dict": {
                    "ingot": {
                      "uranium": true
                    }
                  },
                  "ignore": {
                    "functionality": true,
                    "crafting": true
                  }
                },
                "crazy_adventure": {
                  "uranium_ingot": true
                }
              },
              "item_model": "crazy_adventure:uranium_ingot",
              "item_name": {
                "translate": "crazy_adventure.uranium_ingot"
              },
              "lore": [
                [
                  "",
                  {
                    "text": "I",
                    "color": "white",
                    "italic": false,
                    "font": "crazy_adventure:icons"
                  },
                  {
                    "translate": "crazy_adventure.crazy",
                    "color": "green"
                  },
                  {
                    "translate": "crazy_adventure.adventure",
                    "color": "gray"
                  }
                ]
              ]
            }
          },
          "click_event": {
            "action": "show_dialog",
            "dialog": "crazy_adventure:manual/page_9"
          }
        },
        "U$  \n\"U$",
        {
          "text": "$\u808f",
          "hover_event": {
            "action": "show_item",
            "id": "minecraft:stick",
            "components": {}
          }
        },
        "U$\"\"",
        {
          "text": "$$\u8045",
          "hover_event": {
            "action": "show_item",
            "id": "diamond_hoe",
            "components": {
              "custom_data": {
                "smithed": {
                  "dict": {
                    "tools": {
                      "uranium": true,
                      "hoe": true
                    }
                  },
                  "ignore": {
                    "functionality": true,
                    "crafting": true
                  }
                },
                "crazy_adventure": {
                  "uranium_hoe": true
                }
              },
              "max_damage": 2341,
              "attribute_modifiers": [
                {
                  "type": "attack_damage",
                  "amount": 1,
                  "operation": "add_value",
                  "slot": "mainhand",
                  "id": "minecraft:base_attack_damage"
                },
                {
                  "type": "attack_speed",
                  "amount": 0.0,
                  "operation": "add_value",
                  "slot": "mainhand",
                  "id": "minecraft:base_attack_speed"
                },
                {
                  "type": "mining_efficiency",
                  "amount": 2,
                  "operation": "add_value",
                  "slot": "mainhand",
                  "id": "crazy_adventure:mining_efficiency.mainhand"
                }
              ],
              "item_model": "crazy_adventure:uranium_hoe",
              "item_name": {
                "translate": "crazy_adventure.uranium_hoe"
              },
              "lore": [
                [
                  "",
                  {
                    "text": "I",
                    "color": "white",
                    "italic": false,
                    "font": "crazy_adventure:icons"
                  },
                  {
                    "translate": "crazy_adventure.crazy",
                    "color": "green"
                  },
                  {
                    "translate": "crazy_adventure.adventure",
                    "color": "gray"
                  }
                ]
              ]
            }
          }
        },
        "#$\n\"U$",
        {
          "text": "U$",
          "hover_event": {
            "action": "show_item",
            "id": "minecraft:stick",
            "components": {}
          }
        },
        "U$\"\"",
        {
          "text": "U$",
          "hover_event": {
            "action": "show_item",
            "id": "diamond_hoe",
            "components": {
              "custom_data": {
                "smithed": {
                  "dict": {
                    "tools": {
                      "uranium": true,
                      "hoe": true
                    }
                  },
                  "ignore": {
                    "functionality": true,
                    "crafting": true
                  }
                },
                "crazy_adventure": {
                  "uranium_hoe": true
                }
              },
              "max_damage": 2341,
              "attribute_modifiers": [
                {
                  "type": "attack_damage",
                  "amount": 1,
                  "operation": "add_value",
                  "slot": "mainhand",
                  "id": "minecraft:base_attack_damage"
                },
                {
                  "type": "attack_speed",
                  "amount": 0.0,
                  "operation": "add_value",
                  "slot": "mainhand",
                  "id": "minecraft:base_attack_speed"
                },
                {
                  "type": "mining_efficiency",
                  "amount": 2,
                  "operation": "add_value",
                  "slot": "mainhand",
                  "id": "crazy_adventure:mining_efficiency.mainhand"
                }
              ],
              "item_model": "crazy_adventure:uranium_hoe",
              "item_name": {
                "translate": "crazy_adventure.uranium_hoe"
              },
              "lore": [
                [
                  "",
                  {
                    "text": "I",
                    "color": "white",
                    "italic": false,
                    "font": "crazy_adventure:icons"
                  },
                  {
                    "translate": "crazy_adventure.crazy",
                    "color": "green"
                  },
                  {
                    "translate": "crazy_adventure.adventure",
                    "color": "gray"
                  }
                ]
              ]
            }
          }
        },
        "#$\n\"U$",
        {
          "text": "$\u808f",
          "hover_event": {
            "action": "show_item",
            "id": "minecraft:stick",
            "components": {}
          }
        },
        "U$  \n\"U$",
        {
          "text": "U$",
          "hover_event": {
            "action": "show_item",
            "id": "minecraft:stick",
            "components": {}
          }
        },
        "U$  \n\n",
        {
          "text": "2##",
          "hover_event": {
            "action": "show_text",
            "value": [
              {
                "text": ""
              },
              [
                {
                  "text": "",
                  "font": "crazy_adventure:manual",
                  "color": "white"
                },
                "\"F\n",
                "\"",
                {
                  "text": "$\u8021"
                },
                {
                  "text": "$\u8021"
                },
                "\n",
                "\"",
                {
                  "text": "U$"
                },
                {
                  "text": "U$"
                },
                "\n",
                "\"",
                "U$",
                {
                  "text": "$\u808f"
                },
                "U$\"\"",
                {
                  "text": "$$\u8045"
                },
                "\n",
                "\"",
                "U$",
                {
                  "text": "U$"
                },
                "U$\"\"",
                {
                  "text": "U$"
                },
                "\n",
                "\"",
                "U$",
                {
                  "text": "$\u808f"
                },
                "\n",
                "\"",
                "U$",
                {
                  "text": "U$"
                },
                "\n"
              ],
              {
                "text": "\n- x2 ",
                "color": "gray"
              },
              {
                "translate": "crazy_adventure.uranium_ingot",
                "color": "gray"
              },
              {
                "text": "\n- x2 ",
                "color": "gray"
              },
              {
                "translate": "crazy_adventure.stick",
                "color": "gray"
              }
            ]
          },
          "priority": 0
        },
        {
          "text": "\u819b\n",
          "hover_event": {
            "action": "show_text",
            "value": [
              {
                "text": ""
              },
              [
                {
                  "text": "",
                  "font": "crazy_adventure:manual",
                  "color": "white"
                },
                "\"G\n",
                "\"",
                {
                  "text": "$\u8045"
                },
                "\n",
                "\"",
                {
                  "text": "U$"
                },
                "\n",
                "\"\"\"\"U$U$",
                {
                  "text": "$$\u8023"
                },
                "\n",
                "\"\"\"\"U$U$",
                {
                  "text": "U$"
                },
                "\n",
                "\n\n"
              ],
              {
                "translate": "crazy_adventure.smelting",
                "color": "yellow"
              },
              {
                "text": "\n- x1 ",
                "color": "gray"
              },
              {
                "translate": "crazy_adventure.uranium_hoe",
                "color": "gray"
              }
            ]
          },
          "click_event": {
            "action": "show_dialog",
            "dialog": "crazy_adventure:manual/page_10"
          }
        },
        {
          "text": "0##",
          "hover_event": {
            "action": "show_text",
            "value": [
              {
                "text": ""
              },
              [
                {
                  "text": "",
                  "font": "crazy_adventure:manual",
                  "color": "white"
                },
                "\"F\n",
                "\"",
                {
                  "text": "$\u8021"
                },
                {
                  "text": "$\u8021"
                },
                "\n",
                "\"",
                {
                  "text": "U$"
                },
                {
                  "text": "U$"
                },
                "\n",
                "\"",
                "U$",
                {
                  "text": "$\u808f"
                },
                "U$\"\"",
                {
                  "text": "$$\u8045"
                },
                "\n",
                "\"",
                "U$",
                {
                  "text": "U$"
                },
                "U$\"\"",
                {
                  "text": "U$"
                },
                "\n",
                "\"",
                "U$",
                {
                  "text": "$\u808f"
                },
                "\n",
                "\"",
                "U$",
                {
                  "text": "U$"
                },
                "\n"
              ],
              {
                "text": "\n- x2 ",
                "color": "gray"
              },
              {
                "translate": "crazy_adventure.uranium_ingot",
                "color": "gray"
              },
              {
                "text": "\n- x2 ",
                "color": "gray"
              },
              {
                "translate": "crazy_adventure.stick",
                "color": "gray"
              }
            ]
          },
          "priority": 0
        },
        {
          "text": "0",
          "hover_event": {
            "action": "show_text",
            "value": [
              {
                "text": ""
              },
              [
                {
                  "text": "",
                  "font": "crazy_adventure:manual",
                  "color": "white"
                },
                "\"G\n",
                "\"",
                {
                  "text": "$\u8045"
                },
                "\n",
                "\"",
                {
                  "text": "U$"
                },
                "\n",
                "\"\"\"\"U$U$",
                {
                  "text": "$$\u8023"
                },
                "\n",
                "\"\"\"\"U$U$",
                {
                  "text": "U$"
                },
                "\n",
                "\n\n"
              ],
              {
                "translate": "crazy_adventure.smelting",
                "color": "yellow"
              },
              {
                "text": "\n- x1 ",
                "color": "gray"
              },
              {
                "translate": "crazy_adventure.uranium_hoe",
                "color": "gray"
              }
            ]
          },
          "click_event": {
            "action": "show_dialog",
            "dialog": "crazy_adventure:manual/page_10"
          }
        },
        "\n\n\n\n\n\n\n\n\n\n\n\n\n\n\n\n"
      ],
      "width": 140
    }
  ]
}
