{
  "type": "minecraft:notice",
  "title": [
    "",
    {
      "sprite": "crazy_adventure:item/dialog_sprite/fireball_stick",
      "shadow_color": [
        0,
        0,
        0,
        0
      ],
      "atlas": "minecraft:items"
    },
    " ",
    {
      "translate": "crazy_adventure.fireball_stick",
      "underlined": true
    },
    " ",
    {
      "sprite": "crazy_adventure:item/dialog_sprite/fireball_stick",
      "shadow_color": [
        0,
        0,
        0,
        0
      ],
      "atlas": "minecraft:items"
    }
  ],
  "body": [
    {
      "type": "minecraft:plain_message",
      "contents": [
        {
          "text": "V   ",
          "font": "crazy_adventure:manual",
          "color": "white"
        },
        {
          "text": "\n   ",
          "click_event": {
            "action": "show_dialog",
            "dialog": "crazy_adventure:manual/page_73"
          },
          "hover_event": {
            "action": "show_text",
            "value": [
              {
                "translate": "crazy_adventure.go_to_previous_page"
              },
              " (73)"
            ]
          }
        },
        " ",
        {
          "text": "   ",
          "click_event": {
            "action": "show_dialog",
            "dialog": "crazy_adventure:manual/page_75"
          },
          "hover_event": {
            "action": "show_text",
            "value": [
              {
                "translate": "crazy_adventure.go_to_next_page"
              },
              " (75)"
            ]
          }
        },
        {
          "text": "\n   ",
          "click_event": {
            "action": "show_dialog",
            "dialog": "crazy_adventure:manual/page_73"
          },
          "hover_event": {
            "action": "show_text",
            "value": [
              {
                "translate": "crazy_adventure.go_to_previous_page"
              },
              " (73)"
            ]
          }
        },
        " ",
        {
          "text": "   ",
          "click_event": {
            "action": "show_dialog",
            "dialog": "crazy_adventure:manual/page_75"
          },
          "hover_event": {
            "action": "show_text",
            "value": [
              {
                "translate": "crazy_adventure.go_to_next_page"
              },
              " (75)"
            ]
          }
        }
      ],
      "width": 400
    },
    {
      "type": "minecraft:plain_message",
      "contents": [
        {
          "text": "",
          "font": "crazy_adventure:manual",
          "color": "white",
          "shadow_color": [
            0,
            0,
            0,
            0
          ]
        },
        "\u1069\n",
        {
          "text": "  \n  \n  \n  \n\n",
          "hover_event": {
            "action": "show_item",
            "id": "warped_fungus_on_a_stick",
            "components": {
              "lore": [
                {
                  "translate": "crazy_adventure.launch_fireball_where_you_are_looking",
                  "italic": false,
                  "color": "gray"
                },
                {
                  "translate": "crazy_adventure.cost_120bq_to_launch",
                  "italic": false,
                  "color": "white"
                },
                {
                  "translate": "crazy_adventure.10s_cooldown",
                  "italic": false,
                  "color": "white"
                },
                {
                  "translate": "crazy_adventure.10_charges",
                  "italic": false,
                  "color": "white"
                },
                [
                  "",
                  {
                    "text": "I",
                    "color": "white",
                    "italic": false,
                    "font": "crazy_adventure:icons"
                  },
                  {
                    "translate": "crazy_adventure.crazy",
                    "color": "green"
                  },
                  {
                    "translate": "crazy_adventure.adventure",
                    "color": "gray"
                  }
                ]
              ],
              "item_model": "crazy_adventure:fireball_stick",
              "item_name": {
                "translate": "crazy_adventure.fireball_stick"
              },
              "custom_data": {
                "crazy_adventure": {
                  "fireball_stick": true
                },
                "smithed": {
                  "ignore": {
                    "functionality": true,
                    "crafting": true
                  }
                }
              }
            }
          },
          "click_event": {
            "action": "show_dialog",
            "dialog": "crazy_adventure:manual/page_74"
          }
        },
        {
          "text": "1\n0",
          "hover_event": {
            "action": "show_text",
            "value": [
              {
                "translate": "crazy_adventure.is_it_a_bird_is_it_a_plane_no_its_a_not_that_huge_fireball",
                "color": "green"
              },
              {
                "translate": "crazy_adventure.put_a_chargeless_stick_in_the_fireball_stick_charger",
                "color": "gray"
              }
            ]
          }
        },
        "\n\n\n\n\n\n\n\n\n\n\n\n\n\n\n\n\n\n"
      ],
      "width": 140
    }
  ]
}
