{
  "type": "minecraft:notice",
  "title": {
    "translate": "crazy_adventure.energy",
    "underlined": true
  },
  "body": [
    {
      "type": "minecraft:plain_message",
      "contents": [
        {
          "text": "V   ",
          "font": "crazy_adventure:manual",
          "color": "white"
        },
        {
          "text": "\n   ",
          "click_event": {
            "action": "show_dialog",
            "dialog": "crazy_adventure:manual/page_7"
          },
          "hover_event": {
            "action": "show_text",
            "value": [
              {
                "translate": "crazy_adventure.go_to_previous_page"
              },
              " (7)"
            ]
          }
        },
        " ",
        {
          "text": "   ",
          "click_event": {
            "action": "show_dialog",
            "dialog": "crazy_adventure:manual/page_9"
          },
          "hover_event": {
            "action": "show_text",
            "value": [
              {
                "translate": "crazy_adventure.go_to_next_page"
              },
              " (9)"
            ]
          }
        },
        {
          "text": "\n   ",
          "click_event": {
            "action": "show_dialog",
            "dialog": "crazy_adventure:manual/page_7"
          },
          "hover_event": {
            "action": "show_text",
            "value": [
              {
                "translate": "crazy_adventure.go_to_previous_page"
              },
              " (7)"
            ]
          }
        },
        " ",
        {
          "text": "   ",
          "click_event": {
            "action": "show_dialog",
            "dialog": "crazy_adventure:manual/page_9"
          },
          "hover_event": {
            "action": "show_text",
            "value": [
              {
                "translate": "crazy_adventure.go_to_next_page"
              },
              " (9)"
            ]
          }
        }
      ],
      "width": 400
    },
    {
      "type": "minecraft:plain_message",
      "contents": [
        {
          "text": "",
          "font": "crazy_adventure:manual",
          "color": "white",
          "shadow_color": [
            0,
            0,
            0,
            0
          ]
        },
        "\"\u1027\n\"",
        {
          "text": "$\u808d",
          "hover_event": {
            "action": "show_item",
            "id": "furnace",
            "components": {
              "custom_data": {
                "energy": {
                  "storage": 0,
                  "max_storage": 150000
                },
                "crazy_adventure": {
                  "uranium_battery": true
                },
                "smithed": {
                  "ignore": {
                    "functionality": true,
                    "crafting": true
                  }
                }
              },
              "item_model": "crazy_adventure:uranium_battery",
              "item_name": {
                "translate": "crazy_adventure.uranium_battery"
              },
              "lore": [
                [
                  "",
                  {
                    "text": "I",
                    "color": "white",
                    "italic": false,
                    "font": "crazy_adventure:icons"
                  },
                  {
                    "translate": "crazy_adventure.crazy",
                    "color": "green"
                  },
                  {
                    "translate": "crazy_adventure.adventure",
                    "color": "gray"
                  }
                ]
              ],
              "container": [
                {
                  "slot": 0,
                  "item": {
                    "id": "minecraft:stone",
                    "count": 1,
                    "components": {
                      "minecraft:custom_data": {
                        "smithed": {
                          "block": {
                            "id": "crazy_adventure:uranium_battery",
                            "from": "crazy_adventure"
                          }
                        }
                      }
                    }
                  }
                }
              ],
              "tooltip_display": {
                "hidden_components": [
                  "minecraft:container"
                ]
              }
            }
          },
          "click_event": {
            "action": "show_dialog",
            "dialog": "crazy_adventure:manual/page_64"
          }
        },
        {
          "text": "$\u808f",
          "hover_event": {
            "action": "show_item",
            "id": "furnace",
            "components": {
              "custom_data": {
                "energy": {
                  "storage": 0,
                  "max_storage": 1000000
                },
                "crazy_adventure": {
                  "californium_battery": true
                },
                "smithed": {
                  "ignore": {
                    "functionality": true,
                    "crafting": true
                  }
                }
              },
              "item_model": "crazy_adventure:californium_battery",
              "item_name": {
                "translate": "crazy_adventure.californium_battery"
              },
              "lore": [
                [
                  "",
                  {
                    "text": "I",
                    "color": "white",
                    "italic": false,
                    "font": "crazy_adventure:icons"
                  },
                  {
                    "translate": "crazy_adventure.crazy",
                    "color": "green"
                  },
                  {
                    "translate": "crazy_adventure.adventure",
                    "color": "gray"
                  }
                ]
              ],
              "container": [
                {
                  "slot": 0,
                  "item": {
                    "id": "minecraft:stone",
                    "count": 1,
                    "components": {
                      "minecraft:custom_data": {
                        "smithed": {
                          "block": {
                            "id": "crazy_adventure:californium_battery",
                            "from": "crazy_adventure"
                          }
                        }
                      }
                    }
                  }
                }
              ],
              "tooltip_display": {
                "hidden_components": [
                  "minecraft:container"
                ]
              }
            }
          },
          "click_event": {
            "action": "show_dialog",
            "dialog": "crazy_adventure:manual/page_65"
          }
        },
        {
          "text": "$\u8091",
          "hover_event": {
            "action": "show_item",
            "id": "furnace",
            "components": {
              "custom_data": {
                "energy": {
                  "usage": 30,
                  "max_storage": 600
                },
                "crazy_adventure": {
                  "ore_extractor_1": true
                },
                "smithed": {
                  "ignore": {
                    "functionality": true,
                    "crafting": true
                  }
                }
              },
              "item_model": "crazy_adventure:ore_extractor_1",
              "item_name": {
                "translate": "crazy_adventure.ore_extractor_1"
              },
              "lore": [
                [
                  "",
                  {
                    "text": "I",
                    "color": "white",
                    "italic": false,
                    "font": "crazy_adventure:icons"
                  },
                  {
                    "translate": "crazy_adventure.crazy",
                    "color": "green"
                  },
                  {
                    "translate": "crazy_adventure.adventure",
                    "color": "gray"
                  }
                ]
              ],
              "container": [
                {
                  "slot": 0,
                  "item": {
                    "id": "minecraft:stone",
                    "count": 1,
                    "components": {
                      "minecraft:custom_data": {
                        "smithed": {
                          "block": {
                            "id": "crazy_adventure:ore_extractor_1",
                            "from": "crazy_adventure"
                          }
                        }
                      }
                    }
                  }
                }
              ],
              "tooltip_display": {
                "hidden_components": [
                  "minecraft:container"
                ]
              }
            }
          },
          "click_event": {
            "action": "show_dialog",
            "dialog": "crazy_adventure:manual/page_66"
          }
        },
        {
          "text": "$\u8093",
          "hover_event": {
            "action": "show_item",
            "id": "furnace",
            "components": {
              "custom_data": {
                "energy": {
                  "usage": 60,
                  "max_storage": 1500
                },
                "crazy_adventure": {
                  "ore_extractor_2": true
                },
                "smithed": {
                  "ignore": {
                    "functionality": true,
                    "crafting": true
                  }
                }
              },
              "item_model": "crazy_adventure:ore_extractor_2",
              "item_name": {
                "translate": "crazy_adventure.ore_extractor_2"
              },
              "lore": [
                [
                  "",
                  {
                    "text": "I",
                    "color": "white",
                    "italic": false,
                    "font": "crazy_adventure:icons"
                  },
                  {
                    "translate": "crazy_adventure.crazy",
                    "color": "green"
                  },
                  {
                    "translate": "crazy_adventure.adventure",
                    "color": "gray"
                  }
                ]
              ],
              "container": [
                {
                  "slot": 0,
                  "item": {
                    "id": "minecraft:stone",
                    "count": 1,
                    "components": {
                      "minecraft:custom_data": {
                        "smithed": {
                          "block": {
                            "id": "crazy_adventure:ore_extractor_2",
                            "from": "crazy_adventure"
                          }
                        }
                      }
                    }
                  }
                }
              ],
              "tooltip_display": {
                "hidden_components": [
                  "minecraft:container"
                ]
              }
            }
          },
          "click_event": {
            "action": "show_dialog",
            "dialog": "crazy_adventure:manual/page_67"
          }
        },
        {
          "text": "$\u8095",
          "hover_event": {
            "action": "show_item",
            "id": "furnace",
            "components": {
              "custom_data": {
                "energy": {
                  "usage": 100,
                  "max_storage": 3000
                },
                "crazy_adventure": {
                  "ore_extractor_3": true
                },
                "smithed": {
                  "ignore": {
                    "functionality": true,
                    "crafting": true
                  }
                }
              },
              "item_model": "crazy_adventure:ore_extractor_3",
              "item_name": {
                "translate": "crazy_adventure.ore_extractor_3"
              },
              "lore": [
                [
                  "",
                  {
                    "text": "I",
                    "color": "white",
                    "italic": false,
                    "font": "crazy_adventure:icons"
                  },
                  {
                    "translate": "crazy_adventure.crazy",
                    "color": "green"
                  },
                  {
                    "translate": "crazy_adventure.adventure",
                    "color": "gray"
                  }
                ]
              ],
              "container": [
                {
                  "slot": 0,
                  "item": {
                    "id": "minecraft:stone",
                    "count": 1,
                    "components": {
                      "minecraft:custom_data": {
                        "smithed": {
                          "block": {
                            "id": "crazy_adventure:ore_extractor_3",
                            "from": "crazy_adventure"
                          }
                        }
                      }
                    }
                  }
                }
              ],
              "tooltip_display": {
                "hidden_components": [
                  "minecraft:container"
                ]
              }
            }
          },
          "click_event": {
            "action": "show_dialog",
            "dialog": "crazy_adventure:manual/page_68"
          }
        },
        "#\n\"",
        {
          "text": "!",
          "hover_event": {
            "action": "show_item",
            "id": "furnace",
            "components": {
              "custom_data": {
                "energy": {
                  "storage": 0,
                  "max_storage": 150000
                },
                "crazy_adventure": {
                  "uranium_battery": true
                },
                "smithed": {
                  "ignore": {
                    "functionality": true,
                    "crafting": true
                  }
                }
              },
              "item_model": "crazy_adventure:uranium_battery",
              "item_name": {
                "translate": "crazy_adventure.uranium_battery"
              },
              "lore": [
                [
                  "",
                  {
                    "text": "I",
                    "color": "white",
                    "italic": false,
                    "font": "crazy_adventure:icons"
                  },
                  {
                    "translate": "crazy_adventure.crazy",
                    "color": "green"
                  },
                  {
                    "translate": "crazy_adventure.adventure",
                    "color": "gray"
                  }
                ]
              ],
              "container": [
                {
                  "slot": 0,
                  "item": {
                    "id": "minecraft:stone",
                    "count": 1,
                    "components": {
                      "minecraft:custom_data": {
                        "smithed": {
                          "block": {
                            "id": "crazy_adventure:uranium_battery",
                            "from": "crazy_adventure"
                          }
                        }
                      }
                    }
                  }
                }
              ],
              "tooltip_display": {
                "hidden_components": [
                  "minecraft:container"
                ]
              }
            }
          },
          "click_event": {
            "action": "show_dialog",
            "dialog": "crazy_adventure:manual/page_64"
          }
        },
        {
          "text": "!",
          "hover_event": {
            "action": "show_item",
            "id": "furnace",
            "components": {
              "custom_data": {
                "energy": {
                  "storage": 0,
                  "max_storage": 1000000
                },
                "crazy_adventure": {
                  "californium_battery": true
                },
                "smithed": {
                  "ignore": {
                    "functionality": true,
                    "crafting": true
                  }
                }
              },
              "item_model": "crazy_adventure:californium_battery",
              "item_name": {
                "translate": "crazy_adventure.californium_battery"
              },
              "lore": [
                [
                  "",
                  {
                    "text": "I",
                    "color": "white",
                    "italic": false,
                    "font": "crazy_adventure:icons"
                  },
                  {
                    "translate": "crazy_adventure.crazy",
                    "color": "green"
                  },
                  {
                    "translate": "crazy_adventure.adventure",
                    "color": "gray"
                  }
                ]
              ],
              "container": [
                {
                  "slot": 0,
                  "item": {
                    "id": "minecraft:stone",
                    "count": 1,
                    "components": {
                      "minecraft:custom_data": {
                        "smithed": {
                          "block": {
                            "id": "crazy_adventure:californium_battery",
                            "from": "crazy_adventure"
                          }
                        }
                      }
                    }
                  }
                }
              ],
              "tooltip_display": {
                "hidden_components": [
                  "minecraft:container"
                ]
              }
            }
          },
          "click_event": {
            "action": "show_dialog",
            "dialog": "crazy_adventure:manual/page_65"
          }
        },
        {
          "text": "!",
          "hover_event": {
            "action": "show_item",
            "id": "furnace",
            "components": {
              "custom_data": {
                "energy": {
                  "usage": 30,
                  "max_storage": 600
                },
                "crazy_adventure": {
                  "ore_extractor_1": true
                },
                "smithed": {
                  "ignore": {
                    "functionality": true,
                    "crafting": true
                  }
                }
              },
              "item_model": "crazy_adventure:ore_extractor_1",
              "item_name": {
                "translate": "crazy_adventure.ore_extractor_1"
              },
              "lore": [
                [
                  "",
                  {
                    "text": "I",
                    "color": "white",
                    "italic": false,
                    "font": "crazy_adventure:icons"
                  },
                  {
                    "translate": "crazy_adventure.crazy",
                    "color": "green"
                  },
                  {
                    "translate": "crazy_adventure.adventure",
                    "color": "gray"
                  }
                ]
              ],
              "container": [
                {
                  "slot": 0,
                  "item": {
                    "id": "minecraft:stone",
                    "count": 1,
                    "components": {
                      "minecraft:custom_data": {
                        "smithed": {
                          "block": {
                            "id": "crazy_adventure:ore_extractor_1",
                            "from": "crazy_adventure"
                          }
                        }
                      }
                    }
                  }
                }
              ],
              "tooltip_display": {
                "hidden_components": [
                  "minecraft:container"
                ]
              }
            }
          },
          "click_event": {
            "action": "show_dialog",
            "dialog": "crazy_adventure:manual/page_66"
          }
        },
        {
          "text": "!",
          "hover_event": {
            "action": "show_item",
            "id": "furnace",
            "components": {
              "custom_data": {
                "energy": {
                  "usage": 60,
                  "max_storage": 1500
                },
                "crazy_adventure": {
                  "ore_extractor_2": true
                },
                "smithed": {
                  "ignore": {
                    "functionality": true,
                    "crafting": true
                  }
                }
              },
              "item_model": "crazy_adventure:ore_extractor_2",
              "item_name": {
                "translate": "crazy_adventure.ore_extractor_2"
              },
              "lore": [
                [
                  "",
                  {
                    "text": "I",
                    "color": "white",
                    "italic": false,
                    "font": "crazy_adventure:icons"
                  },
                  {
                    "translate": "crazy_adventure.crazy",
                    "color": "green"
                  },
                  {
                    "translate": "crazy_adventure.adventure",
                    "color": "gray"
                  }
                ]
              ],
              "container": [
                {
                  "slot": 0,
                  "item": {
                    "id": "minecraft:stone",
                    "count": 1,
                    "components": {
                      "minecraft:custom_data": {
                        "smithed": {
                          "block": {
                            "id": "crazy_adventure:ore_extractor_2",
                            "from": "crazy_adventure"
                          }
                        }
                      }
                    }
                  }
                }
              ],
              "tooltip_display": {
                "hidden_components": [
                  "minecraft:container"
                ]
              }
            }
          },
          "click_event": {
            "action": "show_dialog",
            "dialog": "crazy_adventure:manual/page_67"
          }
        },
        {
          "text": "!",
          "hover_event": {
            "action": "show_item",
            "id": "furnace",
            "components": {
              "custom_data": {
                "energy": {
                  "usage": 100,
                  "max_storage": 3000
                },
                "crazy_adventure": {
                  "ore_extractor_3": true
                },
                "smithed": {
                  "ignore": {
                    "functionality": true,
                    "crafting": true
                  }
                }
              },
              "item_model": "crazy_adventure:ore_extractor_3",
              "item_name": {
                "translate": "crazy_adventure.ore_extractor_3"
              },
              "lore": [
                [
                  "",
                  {
                    "text": "I",
                    "color": "white",
                    "italic": false,
                    "font": "crazy_adventure:icons"
                  },
                  {
                    "translate": "crazy_adventure.crazy",
                    "color": "green"
                  },
                  {
                    "translate": "crazy_adventure.adventure",
                    "color": "gray"
                  }
                ]
              ],
              "container": [
                {
                  "slot": 0,
                  "item": {
                    "id": "minecraft:stone",
                    "count": 1,
                    "components": {
                      "minecraft:custom_data": {
                        "smithed": {
                          "block": {
                            "id": "crazy_adventure:ore_extractor_3",
                            "from": "crazy_adventure"
                          }
                        }
                      }
                    }
                  }
                }
              ],
              "tooltip_display": {
                "hidden_components": [
                  "minecraft:container"
                ]
              }
            }
          },
          "click_event": {
            "action": "show_dialog",
            "dialog": "crazy_adventure:manual/page_68"
          }
        },
        "#\n\"",
        {
          "text": "$\u8097",
          "hover_event": {
            "action": "show_item",
            "id": "furnace",
            "components": {
              "custom_data": {
                "energy": {
                  "usage": 300,
                  "max_storage": 15000
                },
                "crazy_adventure": {
                  "ore_extractor_4": true
                },
                "smithed": {
                  "ignore": {
                    "functionality": true,
                    "crafting": true
                  }
                }
              },
              "item_model": "crazy_adventure:ore_extractor_4",
              "item_name": {
                "translate": "crazy_adventure.ore_extractor_4"
              },
              "lore": [
                [
                  "",
                  {
                    "text": "I",
                    "color": "white",
                    "italic": false,
                    "font": "crazy_adventure:icons"
                  },
                  {
                    "translate": "crazy_adventure.crazy",
                    "color": "green"
                  },
                  {
                    "translate": "crazy_adventure.adventure",
                    "color": "gray"
                  }
                ]
              ],
              "container": [
                {
                  "slot": 0,
                  "item": {
                    "id": "minecraft:stone",
                    "count": 1,
                    "components": {
                      "minecraft:custom_data": {
                        "smithed": {
                          "block": {
                            "id": "crazy_adventure:ore_extractor_4",
                            "from": "crazy_adventure"
                          }
                        }
                      }
                    }
                  }
                }
              ],
              "tooltip_display": {
                "hidden_components": [
                  "minecraft:container"
                ]
              }
            }
          },
          "click_event": {
            "action": "show_dialog",
            "dialog": "crazy_adventure:manual/page_69"
          }
        },
        {
          "text": "$\u8099",
          "hover_event": {
            "action": "show_item",
            "id": "furnace",
            "components": {
              "custom_data": {
                "energy": {
                  "usage": 0,
                  "max_storage": 20000
                },
                "crazy_adventure": {
                  "uranium_upgrader": true
                },
                "smithed": {
                  "ignore": {
                    "functionality": true,
                    "crafting": true
                  }
                }
              },
              "item_model": "crazy_adventure:uranium_upgrader",
              "item_name": {
                "translate": "crazy_adventure.uranium_upgrader"
              },
              "lore": [
                [
                  "",
                  {
                    "text": "I",
                    "color": "white",
                    "italic": false,
                    "font": "crazy_adventure:icons"
                  },
                  {
                    "translate": "crazy_adventure.crazy",
                    "color": "green"
                  },
                  {
                    "translate": "crazy_adventure.adventure",
                    "color": "gray"
                  }
                ]
              ],
              "container": [
                {
                  "slot": 0,
                  "item": {
                    "id": "minecraft:stone",
                    "count": 1,
                    "components": {
                      "minecraft:custom_data": {
                        "smithed": {
                          "block": {
                            "id": "crazy_adventure:uranium_upgrader",
                            "from": "crazy_adventure"
                          }
                        }
                      }
                    }
                  }
                }
              ],
              "tooltip_display": {
                "hidden_components": [
                  "minecraft:container"
                ]
              }
            }
          },
          "click_event": {
            "action": "show_dialog",
            "dialog": "crazy_adventure:manual/page_70"
          }
        },
        {
          "text": "$\u809b",
          "hover_event": {
            "action": "show_item",
            "id": "furnace",
            "components": {
              "custom_data": {
                "energy": {
                  "usage": 100,
                  "max_storage": 10000
                },
                "crazy_adventure": {
                  "oxidizer": true
                },
                "smithed": {
                  "ignore": {
                    "functionality": true,
                    "crafting": true
                  }
                }
              },
              "item_model": "crazy_adventure:oxidizer",
              "item_name": {
                "translate": "crazy_adventure.oxidizer"
              },
              "lore": [
                [
                  "",
                  {
                    "text": "I",
                    "color": "white",
                    "italic": false,
                    "font": "crazy_adventure:icons"
                  },
                  {
                    "translate": "crazy_adventure.crazy",
                    "color": "green"
                  },
                  {
                    "translate": "crazy_adventure.adventure",
                    "color": "gray"
                  }
                ]
              ],
              "container": [
                {
                  "slot": 0,
                  "item": {
                    "id": "minecraft:stone",
                    "count": 1,
                    "components": {
                      "minecraft:custom_data": {
                        "smithed": {
                          "block": {
                            "id": "crazy_adventure:oxidizer",
                            "from": "crazy_adventure"
                          }
                        }
                      }
                    }
                  }
                }
              ],
              "tooltip_display": {
                "hidden_components": [
                  "minecraft:container"
                ]
              }
            }
          },
          "click_event": {
            "action": "show_dialog",
            "dialog": "crazy_adventure:manual/page_71"
          }
        },
        {
          "text": "$\u809d",
          "hover_event": {
            "action": "show_item",
            "id": "furnace",
            "components": {
              "custom_data": {
                "energy": {
                  "usage": 30,
                  "max_storage": 3000
                },
                "crazy_adventure": {
                  "storm_stick_charger": true
                },
                "smithed": {
                  "ignore": {
                    "functionality": true,
                    "crafting": true
                  }
                }
              },
              "lore": [
                {
                  "translate": "crazy_adventure.need_energy_lightning_rod_on_top_and_chargeless_stick",
                  "italic": false,
                  "color": "gray"
                },
                {
                  "translate": "crazy_adventure.if_a_lightning_stroke_the_lighting_rod_it_add_a_charge",
                  "italic": false,
                  "color": "gray"
                },
                {
                  "translate": "crazy_adventure.create_1_charge_every_20_seconds",
                  "italic": false,
                  "color": "white"
                },
                [
                  "",
                  {
                    "text": "I",
                    "color": "white",
                    "italic": false,
                    "font": "crazy_adventure:icons"
                  },
                  {
                    "translate": "crazy_adventure.crazy",
                    "color": "green"
                  },
                  {
                    "translate": "crazy_adventure.adventure",
                    "color": "gray"
                  }
                ]
              ],
              "item_model": "crazy_adventure:storm_stick_charger",
              "item_name": {
                "translate": "crazy_adventure.storm_stick_charger"
              },
              "container": [
                {
                  "slot": 0,
                  "item": {
                    "id": "minecraft:stone",
                    "count": 1,
                    "components": {
                      "minecraft:custom_data": {
                        "smithed": {
                          "block": {
                            "id": "crazy_adventure:storm_stick_charger",
                            "from": "crazy_adventure"
                          }
                        }
                      }
                    }
                  }
                }
              ],
              "tooltip_display": {
                "hidden_components": [
                  "minecraft:container"
                ]
              }
            }
          },
          "click_event": {
            "action": "show_dialog",
            "dialog": "crazy_adventure:manual/page_72"
          }
        },
        {
          "text": "$\u809f",
          "hover_event": {
            "action": "show_item",
            "id": "furnace",
            "components": {
              "custom_data": {
                "energy": {
                  "usage": 30,
                  "max_storage": 3000
                },
                "crazy_adventure": {
                  "fireball_stick_charger": true
                },
                "smithed": {
                  "ignore": {
                    "functionality": true,
                    "crafting": true
                  }
                }
              },
              "lore": [
                {
                  "translate": "crazy_adventure.need_energy_and_chargeless_stick",
                  "italic": false,
                  "color": "gray"
                },
                {
                  "translate": "crazy_adventure.put_fire_on_top_to_add_a_charge",
                  "italic": false,
                  "color": "gray"
                },
                {
                  "translate": "crazy_adventure.create_1_charge_every_20_seconds",
                  "italic": false,
                  "color": "white"
                },
                [
                  "",
                  {
                    "text": "I",
                    "color": "white",
                    "italic": false,
                    "font": "crazy_adventure:icons"
                  },
                  {
                    "translate": "crazy_adventure.crazy",
                    "color": "green"
                  },
                  {
                    "translate": "crazy_adventure.adventure",
                    "color": "gray"
                  }
                ]
              ],
              "item_model": "crazy_adventure:fireball_stick_charger",
              "item_name": {
                "translate": "crazy_adventure.fireball_stick_charger"
              },
              "container": [
                {
                  "slot": 0,
                  "item": {
                    "id": "minecraft:stone",
                    "count": 1,
                    "components": {
                      "minecraft:custom_data": {
                        "smithed": {
                          "block": {
                            "id": "crazy_adventure:fireball_stick_charger",
                            "from": "crazy_adventure"
                          }
                        }
                      }
                    }
                  }
                }
              ],
              "tooltip_display": {
                "hidden_components": [
                  "minecraft:container"
                ]
              }
            }
          },
          "click_event": {
            "action": "show_dialog",
            "dialog": "crazy_adventure:manual/page_73"
          }
        },
        "#\n\"",
        {
          "text": "!",
          "hover_event": {
            "action": "show_item",
            "id": "furnace",
            "components": {
              "custom_data": {
                "energy": {
                  "usage": 300,
                  "max_storage": 15000
                },
                "crazy_adventure": {
                  "ore_extractor_4": true
                },
                "smithed": {
                  "ignore": {
                    "functionality": true,
                    "crafting": true
                  }
                }
              },
              "item_model": "crazy_adventure:ore_extractor_4",
              "item_name": {
                "translate": "crazy_adventure.ore_extractor_4"
              },
              "lore": [
                [
                  "",
                  {
                    "text": "I",
                    "color": "white",
                    "italic": false,
                    "font": "crazy_adventure:icons"
                  },
                  {
                    "translate": "crazy_adventure.crazy",
                    "color": "green"
                  },
                  {
                    "translate": "crazy_adventure.adventure",
                    "color": "gray"
                  }
                ]
              ],
              "container": [
                {
                  "slot": 0,
                  "item": {
                    "id": "minecraft:stone",
                    "count": 1,
                    "components": {
                      "minecraft:custom_data": {
                        "smithed": {
                          "block": {
                            "id": "crazy_adventure:ore_extractor_4",
                            "from": "crazy_adventure"
                          }
                        }
                      }
                    }
                  }
                }
              ],
              "tooltip_display": {
                "hidden_components": [
                  "minecraft:container"
                ]
              }
            }
          },
          "click_event": {
            "action": "show_dialog",
            "dialog": "crazy_adventure:manual/page_69"
          }
        },
        {
          "text": "!",
          "hover_event": {
            "action": "show_item",
            "id": "furnace",
            "components": {
              "custom_data": {
                "energy": {
                  "usage": 0,
                  "max_storage": 20000
                },
                "crazy_adventure": {
                  "uranium_upgrader": true
                },
                "smithed": {
                  "ignore": {
                    "functionality": true,
                    "crafting": true
                  }
                }
              },
              "item_model": "crazy_adventure:uranium_upgrader",
              "item_name": {
                "translate": "crazy_adventure.uranium_upgrader"
              },
              "lore": [
                [
                  "",
                  {
                    "text": "I",
                    "color": "white",
                    "italic": false,
                    "font": "crazy_adventure:icons"
                  },
                  {
                    "translate": "crazy_adventure.crazy",
                    "color": "green"
                  },
                  {
                    "translate": "crazy_adventure.adventure",
                    "color": "gray"
                  }
                ]
              ],
              "container": [
                {
                  "slot": 0,
                  "item": {
                    "id": "minecraft:stone",
                    "count": 1,
                    "components": {
                      "minecraft:custom_data": {
                        "smithed": {
                          "block": {
                            "id": "crazy_adventure:uranium_upgrader",
                            "from": "crazy_adventure"
                          }
                        }
                      }
                    }
                  }
                }
              ],
              "tooltip_display": {
                "hidden_components": [
                  "minecraft:container"
                ]
              }
            }
          },
          "click_event": {
            "action": "show_dialog",
            "dialog": "crazy_adventure:manual/page_70"
          }
        },
        {
          "text": "!",
          "hover_event": {
            "action": "show_item",
            "id": "furnace",
            "components": {
              "custom_data": {
                "energy": {
                  "usage": 100,
                  "max_storage": 10000
                },
                "crazy_adventure": {
                  "oxidizer": true
                },
                "smithed": {
                  "ignore": {
                    "functionality": true,
                    "crafting": true
                  }
                }
              },
              "item_model": "crazy_adventure:oxidizer",
              "item_name": {
                "translate": "crazy_adventure.oxidizer"
              },
              "lore": [
                [
                  "",
                  {
                    "text": "I",
                    "color": "white",
                    "italic": false,
                    "font": "crazy_adventure:icons"
                  },
                  {
                    "translate": "crazy_adventure.crazy",
                    "color": "green"
                  },
                  {
                    "translate": "crazy_adventure.adventure",
                    "color": "gray"
                  }
                ]
              ],
              "container": [
                {
                  "slot": 0,
                  "item": {
                    "id": "minecraft:stone",
                    "count": 1,
                    "components": {
                      "minecraft:custom_data": {
                        "smithed": {
                          "block": {
                            "id": "crazy_adventure:oxidizer",
                            "from": "crazy_adventure"
                          }
                        }
                      }
                    }
                  }
                }
              ],
              "tooltip_display": {
                "hidden_components": [
                  "minecraft:container"
                ]
              }
            }
          },
          "click_event": {
            "action": "show_dialog",
            "dialog": "crazy_adventure:manual/page_71"
          }
        },
        {
          "text": "!",
          "hover_event": {
            "action": "show_item",
            "id": "furnace",
            "components": {
              "custom_data": {
                "energy": {
                  "usage": 30,
                  "max_storage": 3000
                },
                "crazy_adventure": {
                  "storm_stick_charger": true
                },
                "smithed": {
                  "ignore": {
                    "functionality": true,
                    "crafting": true
                  }
                }
              },
              "lore": [
                {
                  "translate": "crazy_adventure.need_energy_lightning_rod_on_top_and_chargeless_stick",
                  "italic": false,
                  "color": "gray"
                },
                {
                  "translate": "crazy_adventure.if_a_lightning_stroke_the_lighting_rod_it_add_a_charge",
                  "italic": false,
                  "color": "gray"
                },
                {
                  "translate": "crazy_adventure.create_1_charge_every_20_seconds",
                  "italic": false,
                  "color": "white"
                },
                [
                  "",
                  {
                    "text": "I",
                    "color": "white",
                    "italic": false,
                    "font": "crazy_adventure:icons"
                  },
                  {
                    "translate": "crazy_adventure.crazy",
                    "color": "green"
                  },
                  {
                    "translate": "crazy_adventure.adventure",
                    "color": "gray"
                  }
                ]
              ],
              "item_model": "crazy_adventure:storm_stick_charger",
              "item_name": {
                "translate": "crazy_adventure.storm_stick_charger"
              },
              "container": [
                {
                  "slot": 0,
                  "item": {
                    "id": "minecraft:stone",
                    "count": 1,
                    "components": {
                      "minecraft:custom_data": {
                        "smithed": {
                          "block": {
                            "id": "crazy_adventure:storm_stick_charger",
                            "from": "crazy_adventure"
                          }
                        }
                      }
                    }
                  }
                }
              ],
              "tooltip_display": {
                "hidden_components": [
                  "minecraft:container"
                ]
              }
            }
          },
          "click_event": {
            "action": "show_dialog",
            "dialog": "crazy_adventure:manual/page_72"
          }
        },
        {
          "text": "!",
          "hover_event": {
            "action": "show_item",
            "id": "furnace",
            "components": {
              "custom_data": {
                "energy": {
                  "usage": 30,
                  "max_storage": 3000
                },
                "crazy_adventure": {
                  "fireball_stick_charger": true
                },
                "smithed": {
                  "ignore": {
                    "functionality": true,
                    "crafting": true
                  }
                }
              },
              "lore": [
                {
                  "translate": "crazy_adventure.need_energy_and_chargeless_stick",
                  "italic": false,
                  "color": "gray"
                },
                {
                  "translate": "crazy_adventure.put_fire_on_top_to_add_a_charge",
                  "italic": false,
                  "color": "gray"
                },
                {
                  "translate": "crazy_adventure.create_1_charge_every_20_seconds",
                  "italic": false,
                  "color": "white"
                },
                [
                  "",
                  {
                    "text": "I",
                    "color": "white",
                    "italic": false,
                    "font": "crazy_adventure:icons"
                  },
                  {
                    "translate": "crazy_adventure.crazy",
                    "color": "green"
                  },
                  {
                    "translate": "crazy_adventure.adventure",
                    "color": "gray"
                  }
                ]
              ],
              "item_model": "crazy_adventure:fireball_stick_charger",
              "item_name": {
                "translate": "crazy_adventure.fireball_stick_charger"
              },
              "container": [
                {
                  "slot": 0,
                  "item": {
                    "id": "minecraft:stone",
                    "count": 1,
                    "components": {
                      "minecraft:custom_data": {
                        "smithed": {
                          "block": {
                            "id": "crazy_adventure:fireball_stick_charger",
                            "from": "crazy_adventure"
                          }
                        }
                      }
                    }
                  }
                }
              ],
              "tooltip_display": {
                "hidden_components": [
                  "minecraft:container"
                ]
              }
            }
          },
          "click_event": {
            "action": "show_dialog",
            "dialog": "crazy_adventure:manual/page_73"
          }
        },
        "#\n\"",
        {
          "text": "$\u80a1",
          "hover_event": {
            "action": "show_item",
            "id": "furnace",
            "components": {
              "custom_data": {
                "energy": {
                  "usage": 30,
                  "max_storage": 3000
                },
                "crazy_adventure": {
                  "shield_stick_charger": true
                },
                "smithed": {
                  "ignore": {
                    "functionality": true,
                    "crafting": true
                  }
                }
              },
              "lore": [
                {
                  "translate": "crazy_adventure.need_energy_and_chargeless_stick",
                  "italic": false,
                  "color": "gray"
                },
                {
                  "translate": "crazy_adventure.put_obsidian_on_top_to_add_3_charges",
                  "italic": false,
                  "color": "gray"
                },
                {
                  "translate": "crazy_adventure.create_1_charge_every_20_seconds",
                  "italic": false,
                  "color": "white"
                },
                [
                  "",
                  {
                    "text": "I",
                    "color": "white",
                    "italic": false,
                    "font": "crazy_adventure:icons"
                  },
                  {
                    "translate": "crazy_adventure.crazy",
                    "color": "green"
                  },
                  {
                    "translate": "crazy_adventure.adventure",
                    "color": "gray"
                  }
                ]
              ],
              "item_model": "crazy_adventure:shield_stick_charger",
              "item_name": {
                "translate": "crazy_adventure.shield_stick_charger"
              },
              "container": [
                {
                  "slot": 0,
                  "item": {
                    "id": "minecraft:stone",
                    "count": 1,
                    "components": {
                      "minecraft:custom_data": {
                        "smithed": {
                          "block": {
                            "id": "crazy_adventure:shield_stick_charger",
                            "from": "crazy_adventure"
                          }
                        }
                      }
                    }
                  }
                }
              ],
              "tooltip_display": {
                "hidden_components": [
                  "minecraft:container"
                ]
              }
            }
          },
          "click_event": {
            "action": "show_dialog",
            "dialog": "crazy_adventure:manual/page_74"
          }
        },
        {
          "text": "$\u80a3",
          "hover_event": {
            "action": "show_item",
            "id": "furnace",
            "components": {
              "custom_data": {
                "energy": {
                  "usage": 30,
                  "max_storage": 3000
                },
                "crazy_adventure": {
                  "fertilizer_stick_charger": true
                },
                "smithed": {
                  "ignore": {
                    "functionality": true,
                    "crafting": true
                  }
                }
              },
              "lore": [
                {
                  "translate": "crazy_adventure.need_energy_and_chargeless_stick",
                  "italic": false,
                  "color": "gray"
                },
                {
                  "translate": "crazy_adventure.put_farmland_on_top_to_add_1_charges",
                  "italic": false,
                  "color": "gray"
                },
                {
                  "translate": "crazy_adventure.create_1_charge_every_10_seconds",
                  "italic": false,
                  "color": "white"
                },
                [
                  "",
                  {
                    "text": "I",
                    "color": "white",
                    "italic": false,
                    "font": "crazy_adventure:icons"
                  },
                  {
                    "translate": "crazy_adventure.crazy",
                    "color": "green"
                  },
                  {
                    "translate": "crazy_adventure.adventure",
                    "color": "gray"
                  }
                ]
              ],
              "item_model": "crazy_adventure:fertilizer_stick_charger",
              "item_name": {
                "translate": "crazy_adventure.fertilizer_stick_charger"
              },
              "container": [
                {
                  "slot": 0,
                  "item": {
                    "id": "minecraft:stone",
                    "count": 1,
                    "components": {
                      "minecraft:custom_data": {
                        "smithed": {
                          "block": {
                            "id": "crazy_adventure:fertilizer_stick_charger",
                            "from": "crazy_adventure"
                          }
                        }
                      }
                    }
                  }
                }
              ],
              "tooltip_display": {
                "hidden_components": [
                  "minecraft:container"
                ]
              }
            }
          },
          "click_event": {
            "action": "show_dialog",
            "dialog": "crazy_adventure:manual/page_75"
          }
        },
        "!!!#\n\"",
        {
          "text": "!",
          "hover_event": {
            "action": "show_item",
            "id": "furnace",
            "components": {
              "custom_data": {
                "energy": {
                  "usage": 30,
                  "max_storage": 3000
                },
                "crazy_adventure": {
                  "shield_stick_charger": true
                },
                "smithed": {
                  "ignore": {
                    "functionality": true,
                    "crafting": true
                  }
                }
              },
              "lore": [
                {
                  "translate": "crazy_adventure.need_energy_and_chargeless_stick",
                  "italic": false,
                  "color": "gray"
                },
                {
                  "translate": "crazy_adventure.put_obsidian_on_top_to_add_3_charges",
                  "italic": false,
                  "color": "gray"
                },
                {
                  "translate": "crazy_adventure.create_1_charge_every_20_seconds",
                  "italic": false,
                  "color": "white"
                },
                [
                  "",
                  {
                    "text": "I",
                    "color": "white",
                    "italic": false,
                    "font": "crazy_adventure:icons"
                  },
                  {
                    "translate": "crazy_adventure.crazy",
                    "color": "green"
                  },
                  {
                    "translate": "crazy_adventure.adventure",
                    "color": "gray"
                  }
                ]
              ],
              "item_model": "crazy_adventure:shield_stick_charger",
              "item_name": {
                "translate": "crazy_adventure.shield_stick_charger"
              },
              "container": [
                {
                  "slot": 0,
                  "item": {
                    "id": "minecraft:stone",
                    "count": 1,
                    "components": {
                      "minecraft:custom_data": {
                        "smithed": {
                          "block": {
                            "id": "crazy_adventure:shield_stick_charger",
                            "from": "crazy_adventure"
                          }
                        }
                      }
                    }
                  }
                }
              ],
              "tooltip_display": {
                "hidden_components": [
                  "minecraft:container"
                ]
              }
            }
          },
          "click_event": {
            "action": "show_dialog",
            "dialog": "crazy_adventure:manual/page_74"
          }
        },
        {
          "text": "!",
          "hover_event": {
            "action": "show_item",
            "id": "furnace",
            "components": {
              "custom_data": {
                "energy": {
                  "usage": 30,
                  "max_storage": 3000
                },
                "crazy_adventure": {
                  "fertilizer_stick_charger": true
                },
                "smithed": {
                  "ignore": {
                    "functionality": true,
                    "crafting": true
                  }
                }
              },
              "lore": [
                {
                  "translate": "crazy_adventure.need_energy_and_chargeless_stick",
                  "italic": false,
                  "color": "gray"
                },
                {
                  "translate": "crazy_adventure.put_farmland_on_top_to_add_1_charges",
                  "italic": false,
                  "color": "gray"
                },
                {
                  "translate": "crazy_adventure.create_1_charge_every_10_seconds",
                  "italic": false,
                  "color": "white"
                },
                [
                  "",
                  {
                    "text": "I",
                    "color": "white",
                    "italic": false,
                    "font": "crazy_adventure:icons"
                  },
                  {
                    "translate": "crazy_adventure.crazy",
                    "color": "green"
                  },
                  {
                    "translate": "crazy_adventure.adventure",
                    "color": "gray"
                  }
                ]
              ],
              "item_model": "crazy_adventure:fertilizer_stick_charger",
              "item_name": {
                "translate": "crazy_adventure.fertilizer_stick_charger"
              },
              "container": [
                {
                  "slot": 0,
                  "item": {
                    "id": "minecraft:stone",
                    "count": 1,
                    "components": {
                      "minecraft:custom_data": {
                        "smithed": {
                          "block": {
                            "id": "crazy_adventure:fertilizer_stick_charger",
                            "from": "crazy_adventure"
                          }
                        }
                      }
                    }
                  }
                }
              ],
              "tooltip_display": {
                "hidden_components": [
                  "minecraft:container"
                ]
              }
            }
          },
          "click_event": {
            "action": "show_dialog",
            "dialog": "crazy_adventure:manual/page_75"
          }
        },
        "!!!#\n",
        "\n\n\n\n\n\n\n\n\n\n\n\n\n\n\n\n\n\n"
      ],
      "width": 140
    }
  ]
}
