{
  "type": "minecraft:notice",
  "title": [
    "",
    {
      "sprite": "crazy_adventure:item/dialog_sprite/raw_californium",
      "shadow_color": [
        0,
        0,
        0,
        0
      ],
      "atlas": "minecraft:items"
    },
    " ",
    {
      "translate": "crazy_adventure.raw_californium",
      "underlined": true
    },
    " ",
    {
      "sprite": "crazy_adventure:item/dialog_sprite/raw_californium",
      "shadow_color": [
        0,
        0,
        0,
        0
      ],
      "atlas": "minecraft:items"
    }
  ],
  "body": [
    {
      "type": "minecraft:plain_message",
      "contents": [
        {
          "text": "V   ",
          "font": "crazy_adventure:manual",
          "color": "white"
        },
        {
          "text": "\n   ",
          "click_event": {
            "action": "show_dialog",
            "dialog": "crazy_adventure:manual/page_13"
          },
          "hover_event": {
            "action": "show_text",
            "value": [
              {
                "translate": "crazy_adventure.go_to_previous_page"
              },
              " (13)"
            ]
          }
        },
        " ",
        {
          "text": "   ",
          "click_event": {
            "action": "show_dialog",
            "dialog": "crazy_adventure:manual/page_15"
          },
          "hover_event": {
            "action": "show_text",
            "value": [
              {
                "translate": "crazy_adventure.go_to_next_page"
              },
              " (15)"
            ]
          }
        },
        {
          "text": "\n   ",
          "click_event": {
            "action": "show_dialog",
            "dialog": "crazy_adventure:manual/page_13"
          },
          "hover_event": {
            "action": "show_text",
            "value": [
              {
                "translate": "crazy_adventure.go_to_previous_page"
              },
              " (13)"
            ]
          }
        },
        " ",
        {
          "text": "   ",
          "click_event": {
            "action": "show_dialog",
            "dialog": "crazy_adventure:manual/page_15"
          },
          "hover_event": {
            "action": "show_text",
            "value": [
              {
                "translate": "crazy_adventure.go_to_next_page"
              },
              " (15)"
            ]
          }
        }
      ],
      "width": 400
    },
    {
      "type": "minecraft:plain_message",
      "contents": [
        {
          "text": "",
          "font": "crazy_adventure:manual",
          "color": "white",
          "shadow_color": [
            0,
            0,
            0,
            0
          ]
        },
        "\"$@\n\n\n\"",
        {
          "text": "$\u8033",
          "hover_event": {
            "action": "show_item",
            "id": "furnace",
            "components": {
              "custom_data": {
                "smithed": {
                  "dict": {
                    "block": {
                      "californium": true
                    },
                    "ore": {
                      "californium": true
                    }
                  },
                  "ignore": {
                    "functionality": true,
                    "crafting": true
                  }
                },
                "crazy_adventure": {
                  "californium_ore": true
                }
              },
              "item_model": "crazy_adventure:californium_ore",
              "item_name": {
                "translate": "crazy_adventure.californium_ore"
              },
              "lore": [
                [
                  "",
                  {
                    "text": "I",
                    "color": "white",
                    "italic": false,
                    "font": "crazy_adventure:icons"
                  },
                  {
                    "translate": "crazy_adventure",
                    "italic": true,
                    "color": "blue"
                  }
                ]
              ],
              "container": [
                {
                  "slot": 0,
                  "item": {
                    "id": "minecraft:stone",
                    "count": 1,
                    "components": {
                      "minecraft:custom_data": {
                        "smithed": {
                          "block": {
                            "id": "crazy_adventure:californium_ore",
                            "from": "crazy_adventure"
                          }
                        }
                      }
                    }
                  }
                }
              ],
              "tooltip_display": {
                "hidden_components": [
                  "minecraft:container"
                ]
              }
            }
          },
          "click_event": {
            "action": "show_dialog",
            "dialog": "crazy_adventure:manual/page_16"
          }
        },
        "\"\"\"\"#U$",
        {
          "text": "$$\u802f",
          "hover_event": {
            "action": "show_item",
            "id": "command_block",
            "components": {
              "custom_data": {
                "smithed": {
                  "dict": {
                    "raw": {
                      "californium": true
                    }
                  },
                  "ignore": {
                    "functionality": true,
                    "crafting": true
                  }
                },
                "crazy_adventure": {
                  "raw_californium": true
                }
              },
              "item_model": "crazy_adventure:raw_californium",
              "item_name": {
                "translate": "crazy_adventure.raw_californium"
              },
              "lore": [
                [
                  "",
                  {
                    "text": "I",
                    "color": "white",
                    "italic": false,
                    "font": "crazy_adventure:icons"
                  },
                  {
                    "translate": "crazy_adventure",
                    "italic": true,
                    "color": "blue"
                  }
                ]
              ]
            }
          }
        },
        "#$\n\"",
        {
          "text": "U$",
          "hover_event": {
            "action": "show_item",
            "id": "furnace",
            "components": {
              "custom_data": {
                "smithed": {
                  "dict": {
                    "block": {
                      "californium": true
                    },
                    "ore": {
                      "californium": true
                    }
                  },
                  "ignore": {
                    "functionality": true,
                    "crafting": true
                  }
                },
                "crazy_adventure": {
                  "californium_ore": true
                }
              },
              "item_model": "crazy_adventure:californium_ore",
              "item_name": {
                "translate": "crazy_adventure.californium_ore"
              },
              "lore": [
                [
                  "",
                  {
                    "text": "I",
                    "color": "white",
                    "italic": false,
                    "font": "crazy_adventure:icons"
                  },
                  {
                    "translate": "crazy_adventure",
                    "italic": true,
                    "color": "blue"
                  }
                ]
              ],
              "container": [
                {
                  "slot": 0,
                  "item": {
                    "id": "minecraft:stone",
                    "count": 1,
                    "components": {
                      "minecraft:custom_data": {
                        "smithed": {
                          "block": {
                            "id": "crazy_adventure:californium_ore",
                            "from": "crazy_adventure"
                          }
                        }
                      }
                    }
                  }
                }
              ],
              "tooltip_display": {
                "hidden_components": [
                  "minecraft:container"
                ]
              }
            }
          },
          "click_event": {
            "action": "show_dialog",
            "dialog": "crazy_adventure:manual/page_16"
          }
        },
        "\"\"\"\"#U$",
        {
          "text": "U$",
          "hover_event": {
            "action": "show_item",
            "id": "command_block",
            "components": {
              "custom_data": {
                "smithed": {
                  "dict": {
                    "raw": {
                      "californium": true
                    }
                  },
                  "ignore": {
                    "functionality": true,
                    "crafting": true
                  }
                },
                "crazy_adventure": {
                  "raw_californium": true
                }
              },
              "item_model": "crazy_adventure:raw_californium",
              "item_name": {
                "translate": "crazy_adventure.raw_californium"
              },
              "lore": [
                [
                  "",
                  {
                    "text": "I",
                    "color": "white",
                    "italic": false,
                    "font": "crazy_adventure:icons"
                  },
                  {
                    "translate": "crazy_adventure",
                    "italic": true,
                    "color": "blue"
                  }
                ]
              ]
            }
          }
        },
        "#$\n\n\n",
        {
          "text": "\u8108##",
          "hover_event": {
            "action": "show_text",
            "value": [
              {
                "text": ""
              },
              [
                {
                  "text": "",
                  "font": "crazy_adventure:manual",
                  "color": "white"
                },
                "\"P\n",
                "\n\n",
                "\"",
                {
                  "text": "$\u8033"
                },
                "\"\"\"\"#U$",
                {
                  "text": "$$\u802f"
                },
                "\n",
                "\"",
                {
                  "text": "U$"
                },
                "\"\"\"\"#U$",
                {
                  "text": "U$"
                },
                "\n",
                "\n"
              ],
              {
                "translate": "crazy_adventure.mining",
                "color": "yellow"
              },
              {
                "translate": "crazy_adventure.mine",
                "color": "gray"
              },
              {
                "translate": "crazy_adventure.californium_ore",
                "color": "gray"
              },
              {
                "translate": "crazy_adventure.drops_x1",
                "color": "gray"
              },
              {
                "translate": "crazy_adventure.raw_californium",
                "color": "gray"
              }
            ]
          },
          "click_event": {
            "action": "show_dialog",
            "dialog": "crazy_adventure:manual/page_16"
          }
        },
        {
          "text": "\u810b\n",
          "hover_event": {
            "action": "show_text",
            "value": [
              {
                "text": ""
              },
              [
                {
                  "text": "",
                  "font": "crazy_adventure:manual",
                  "color": "white"
                },
                "\"G\n",
                "\"",
                {
                  "text": "$\u802f"
                },
                "\n",
                "\"",
                {
                  "text": "U$"
                },
                "\n",
                "\"\"\"\"U$U$",
                {
                  "text": "$$\u802b"
                },
                "\n",
                "\"\"\"\"U$U$",
                {
                  "text": "U$"
                },
                "\n",
                "\n\n"
              ],
              {
                "translate": "crazy_adventure.smelting",
                "color": "yellow"
              },
              {
                "text": "\n- x1 ",
                "color": "gray"
              },
              {
                "translate": "crazy_adventure.raw_californium",
                "color": "gray"
              }
            ]
          },
          "click_event": {
            "action": "show_dialog",
            "dialog": "crazy_adventure:manual/page_12"
          }
        },
        {
          "text": "0##",
          "hover_event": {
            "action": "show_text",
            "value": [
              {
                "text": ""
              },
              [
                {
                  "text": "",
                  "font": "crazy_adventure:manual",
                  "color": "white"
                },
                "\"P\n",
                "\n\n",
                "\"",
                {
                  "text": "$\u8033"
                },
                "\"\"\"\"#U$",
                {
                  "text": "$$\u802f"
                },
                "\n",
                "\"",
                {
                  "text": "U$"
                },
                "\"\"\"\"#U$",
                {
                  "text": "U$"
                },
                "\n",
                "\n"
              ],
              {
                "translate": "crazy_adventure.mining",
                "color": "yellow"
              },
              {
                "translate": "crazy_adventure.mine",
                "color": "gray"
              },
              {
                "translate": "crazy_adventure.californium_ore",
                "color": "gray"
              },
              {
                "translate": "crazy_adventure.drops_x1",
                "color": "gray"
              },
              {
                "translate": "crazy_adventure.raw_californium",
                "color": "gray"
              }
            ]
          },
          "click_event": {
            "action": "show_dialog",
            "dialog": "crazy_adventure:manual/page_16"
          }
        },
        {
          "text": "0",
          "hover_event": {
            "action": "show_text",
            "value": [
              {
                "text": ""
              },
              [
                {
                  "text": "",
                  "font": "crazy_adventure:manual",
                  "color": "white"
                },
                "\"G\n",
                "\"",
                {
                  "text": "$\u802f"
                },
                "\n",
                "\"",
                {
                  "text": "U$"
                },
                "\n",
                "\"\"\"\"U$U$",
                {
                  "text": "$$\u802b"
                },
                "\n",
                "\"\"\"\"U$U$",
                {
                  "text": "U$"
                },
                "\n",
                "\n\n"
              ],
              {
                "translate": "crazy_adventure.smelting",
                "color": "yellow"
              },
              {
                "text": "\n- x1 ",
                "color": "gray"
              },
              {
                "translate": "crazy_adventure.raw_californium",
                "color": "gray"
              }
            ]
          },
          "click_event": {
            "action": "show_dialog",
            "dialog": "crazy_adventure:manual/page_12"
          }
        },
        "\n\n\n\n\n\n\n\n\n\n\n\n\n\n\n\n\n"
      ],
      "width": 140
    }
  ]
}
