{
  "type": "minecraft:notice",
  "title": [
    "",
    {
      "sprite": "crazy_adventure:item/dialog_sprite/californium_pickaxe",
      "shadow_color": [
        0,
        0,
        0,
        0
      ],
      "atlas": "minecraft:items"
    },
    " ",
    {
      "translate": "crazy_adventure.californium_pickaxe",
      "underlined": true
    },
    " ",
    {
      "sprite": "crazy_adventure:item/dialog_sprite/californium_pickaxe",
      "shadow_color": [
        0,
        0,
        0,
        0
      ],
      "atlas": "minecraft:items"
    }
  ],
  "body": [
    {
      "type": "minecraft:plain_message",
      "contents": [
        {
          "text": "V   ",
          "font": "crazy_adventure:manual",
          "color": "white"
        },
        {
          "text": "\n   ",
          "click_event": {
            "action": "show_dialog",
            "dialog": "crazy_adventure:manual/page_34"
          },
          "hover_event": {
            "action": "show_text",
            "value": [
              {
                "translate": "crazy_adventure.go_to_previous_page"
              },
              " (34)"
            ]
          }
        },
        " ",
        {
          "text": "   ",
          "click_event": {
            "action": "show_dialog",
            "dialog": "crazy_adventure:manual/page_36"
          },
          "hover_event": {
            "action": "show_text",
            "value": [
              {
                "translate": "crazy_adventure.go_to_next_page"
              },
              " (36)"
            ]
          }
        },
        {
          "text": "\n   ",
          "click_event": {
            "action": "show_dialog",
            "dialog": "crazy_adventure:manual/page_34"
          },
          "hover_event": {
            "action": "show_text",
            "value": [
              {
                "translate": "crazy_adventure.go_to_previous_page"
              },
              " (34)"
            ]
          }
        },
        " ",
        {
          "text": "   ",
          "click_event": {
            "action": "show_dialog",
            "dialog": "crazy_adventure:manual/page_36"
          },
          "hover_event": {
            "action": "show_text",
            "value": [
              {
                "translate": "crazy_adventure.go_to_next_page"
              },
              " (36)"
            ]
          }
        }
      ],
      "width": 400
    },
    {
      "type": "minecraft:plain_message",
      "contents": [
        {
          "text": "",
          "font": "crazy_adventure:manual",
          "color": "white",
          "shadow_color": [
            0,
            0,
            0,
            0
          ]
        },
        "\"$6\n\"",
        {
          "text": "$\u802d$\u802d$\u802d",
          "hover_event": {
            "action": "show_item",
            "id": "command_block",
            "components": {
              "custom_data": {
                "smithed": {
                  "dict": {
                    "ingot": {
                      "californium": true
                    }
                  },
                  "ignore": {
                    "functionality": true,
                    "crafting": true
                  }
                },
                "crazy_adventure": {
                  "californium_ingot": true
                }
              },
              "item_model": "crazy_adventure:californium_ingot",
              "item_name": {
                "translate": "crazy_adventure.californium_ingot"
              },
              "lore": [
                [
                  "",
                  {
                    "text": "I",
                    "color": "white",
                    "italic": false,
                    "font": "crazy_adventure:icons"
                  },
                  {
                    "translate": "crazy_adventure.crazy",
                    "color": "green"
                  },
                  {
                    "translate": "crazy_adventure.adventure",
                    "color": "gray"
                  }
                ]
              ]
            }
          },
          "click_event": {
            "action": "show_dialog",
            "dialog": "crazy_adventure:manual/page_16"
          }
        },
        "  \n\"",
        {
          "translate": "crazy_adventure.uuu",
          "hover_event": {
            "action": "show_item",
            "id": "command_block",
            "components": {
              "custom_data": {
                "smithed": {
                  "dict": {
                    "ingot": {
                      "californium": true
                    }
                  },
                  "ignore": {
                    "functionality": true,
                    "crafting": true
                  }
                },
                "crazy_adventure": {
                  "californium_ingot": true
                }
              },
              "item_model": "crazy_adventure:californium_ingot",
              "item_name": {
                "translate": "crazy_adventure.californium_ingot"
              },
              "lore": [
                [
                  "",
                  {
                    "text": "I",
                    "color": "white",
                    "italic": false,
                    "font": "crazy_adventure:icons"
                  },
                  {
                    "translate": "crazy_adventure.crazy",
                    "color": "green"
                  },
                  {
                    "translate": "crazy_adventure.adventure",
                    "color": "gray"
                  }
                ]
              ]
            }
          },
          "click_event": {
            "action": "show_dialog",
            "dialog": "crazy_adventure:manual/page_16"
          }
        },
        "  \n\"U$",
        {
          "text": "$\u80cf",
          "hover_event": {
            "action": "show_item",
            "id": "minecraft:stick",
            "components": {}
          }
        },
        "U$\"\"",
        {
          "text": "$$\u8053",
          "hover_event": {
            "action": "show_item",
            "id": "netherite_pickaxe",
            "components": {
              "custom_data": {
                "smithed": {
                  "dict": {
                    "tools": {
                      "californium": true,
                      "pickaxe": true
                    }
                  },
                  "ignore": {
                    "functionality": true,
                    "crafting": true
                  }
                },
                "crazy_adventure": {
                  "californium_pickaxe": true
                }
              },
              "max_damage": 4062,
              "attribute_modifiers": [
                {
                  "type": "attack_damage",
                  "amount": 7,
                  "operation": "add_value",
                  "slot": "mainhand",
                  "id": "minecraft:base_attack_damage"
                },
                {
                  "type": "attack_speed",
                  "amount": -2.8,
                  "operation": "add_value",
                  "slot": "mainhand",
                  "id": "minecraft:base_attack_speed"
                },
                {
                  "type": "mining_efficiency",
                  "amount": 3,
                  "operation": "add_value",
                  "slot": "mainhand",
                  "id": "crazy_adventure:mining_efficiency.mainhand"
                }
              ],
              "item_model": "crazy_adventure:californium_pickaxe",
              "item_name": {
                "translate": "crazy_adventure.californium_pickaxe"
              },
              "lore": [
                [
                  "",
                  {
                    "text": "I",
                    "color": "white",
                    "italic": false,
                    "font": "crazy_adventure:icons"
                  },
                  {
                    "translate": "crazy_adventure.crazy",
                    "color": "green"
                  },
                  {
                    "translate": "crazy_adventure.adventure",
                    "color": "gray"
                  }
                ]
              ]
            }
          }
        },
        "#$\n\"U$",
        {
          "text": "U$",
          "hover_event": {
            "action": "show_item",
            "id": "minecraft:stick",
            "components": {}
          }
        },
        "U$\"\"",
        {
          "text": "U$",
          "hover_event": {
            "action": "show_item",
            "id": "netherite_pickaxe",
            "components": {
              "custom_data": {
                "smithed": {
                  "dict": {
                    "tools": {
                      "californium": true,
                      "pickaxe": true
                    }
                  },
                  "ignore": {
                    "functionality": true,
                    "crafting": true
                  }
                },
                "crazy_adventure": {
                  "californium_pickaxe": true
                }
              },
              "max_damage": 4062,
              "attribute_modifiers": [
                {
                  "type": "attack_damage",
                  "amount": 7,
                  "operation": "add_value",
                  "slot": "mainhand",
                  "id": "minecraft:base_attack_damage"
                },
                {
                  "type": "attack_speed",
                  "amount": -2.8,
                  "operation": "add_value",
                  "slot": "mainhand",
                  "id": "minecraft:base_attack_speed"
                },
                {
                  "type": "mining_efficiency",
                  "amount": 3,
                  "operation": "add_value",
                  "slot": "mainhand",
                  "id": "crazy_adventure:mining_efficiency.mainhand"
                }
              ],
              "item_model": "crazy_adventure:californium_pickaxe",
              "item_name": {
                "translate": "crazy_adventure.californium_pickaxe"
              },
              "lore": [
                [
                  "",
                  {
                    "text": "I",
                    "color": "white",
                    "italic": false,
                    "font": "crazy_adventure:icons"
                  },
                  {
                    "translate": "crazy_adventure.crazy",
                    "color": "green"
                  },
                  {
                    "translate": "crazy_adventure.adventure",
                    "color": "gray"
                  }
                ]
              ]
            }
          }
        },
        "#$\n\"U$",
        {
          "text": "$\u80cf",
          "hover_event": {
            "action": "show_item",
            "id": "minecraft:stick",
            "components": {}
          }
        },
        "U$  \n\"U$",
        {
          "text": "U$",
          "hover_event": {
            "action": "show_item",
            "id": "minecraft:stick",
            "components": {}
          }
        },
        "U$  \n\n",
        {
          "text": "2##",
          "hover_event": {
            "action": "show_text",
            "value": [
              {
                "text": ""
              },
              [
                {
                  "text": "",
                  "font": "crazy_adventure:manual",
                  "color": "white"
                },
                "\"F\n",
                "\"",
                {
                  "text": "$\u802d"
                },
                {
                  "text": "$\u802d"
                },
                {
                  "text": "$\u802d"
                },
                "\n",
                "\"",
                {
                  "text": "U$"
                },
                {
                  "text": "U$"
                },
                {
                  "text": "U$"
                },
                "\n",
                "\"",
                "U$",
                {
                  "text": "$\u80cf"
                },
                "U$",
                "\"\"",
                {
                  "text": "$$\u8053"
                },
                "\n",
                "\"",
                "U$",
                {
                  "text": "U$"
                },
                "U$",
                "\"\"",
                {
                  "text": "U$"
                },
                "\n",
                "\"",
                "U$",
                {
                  "text": "$\u80cf"
                },
                "U$",
                "\n",
                "\"",
                "U$",
                {
                  "text": "U$"
                },
                "U$",
                "\n"
              ],
              {
                "text": "\n- x3 ",
                "color": "gray"
              },
              {
                "translate": "crazy_adventure.californium_ingot",
                "color": "gray"
              },
              {
                "text": "\n- x2 ",
                "color": "gray"
              },
              {
                "translate": "crazy_adventure.stick",
                "color": "gray"
              }
            ]
          },
          "priority": 0
        },
        {
          "text": "\u8234##",
          "hover_event": {
            "action": "show_text",
            "value": [
              {
                "text": ""
              },
              [
                {
                  "text": "",
                  "font": "crazy_adventure:manual",
                  "color": "white"
                },
                "\"G\n",
                "\"",
                {
                  "text": "$\u8053"
                },
                "\n",
                "\"",
                {
                  "text": "U$"
                },
                "\n",
                "\"\"\"\"U$U$",
                {
                  "text": "$$\u802f"
                },
                "\n",
                "\"\"\"\"U$U$",
                {
                  "text": "U$"
                },
                "\n",
                "\n\n"
              ],
              {
                "translate": "crazy_adventure.smelting",
                "color": "yellow"
              },
              {
                "text": "\n- x1 ",
                "color": "gray"
              },
              {
                "translate": "crazy_adventure.californium_pickaxe",
                "color": "gray"
              }
            ]
          },
          "click_event": {
            "action": "show_dialog",
            "dialog": "crazy_adventure:manual/page_17"
          }
        },
        {
          "text": "\u823a\n",
          "hover_event": {
            "action": "show_text",
            "value": [
              {
                "text": ""
              },
              [
                {
                  "text": "",
                  "font": "crazy_adventure:manual",
                  "color": "white"
                },
                "\"F\n",
                "\"",
                {
                  "text": "$\u8027"
                },
                {
                  "text": "$\u8053"
                },
                {
                  "text": "$\u8027"
                },
                "\n",
                "\"",
                {
                  "text": "U$"
                },
                {
                  "text": "U$"
                },
                {
                  "text": "U$"
                },
                "\n",
                "\"",
                {
                  "text": "$\u8027"
                },
                {
                  "text": "$\u808f"
                },
                {
                  "text": "$\u8027"
                },
                "\"\"",
                {
                  "text": "$$\u8091"
                },
                "\n",
                "\"",
                {
                  "text": "U$"
                },
                {
                  "text": "U$"
                },
                {
                  "text": "U$"
                },
                "\"\"",
                {
                  "text": "U$"
                },
                "\n",
                "\"",
                {
                  "text": "$\u812c"
                },
                {
                  "text": "$\u812c"
                },
                {
                  "text": "$\u812c"
                },
                "\n",
                "\"",
                {
                  "text": "U$"
                },
                {
                  "text": "U$"
                },
                {
                  "text": "U$"
                },
                "\n"
              ],
              {
                "text": "\n- x4 ",
                "color": "gray"
              },
              {
                "translate": "crazy_adventure.uranium_block",
                "color": "gray"
              },
              {
                "text": "\n- x1 ",
                "color": "gray"
              },
              {
                "translate": "crazy_adventure.californium_pickaxe",
                "color": "gray"
              },
              {
                "text": "\n- x1 ",
                "color": "gray"
              },
              {
                "translate": "crazy_adventure.ore_extractor_3",
                "color": "gray"
              },
              {
                "text": "\n- x3 ",
                "color": "gray"
              },
              {
                "translate": "crazy_adventure.oxidized_copper",
                "color": "gray"
              }
            ]
          },
          "click_event": {
            "action": "show_dialog",
            "dialog": "crazy_adventure:manual/page_66"
          }
        },
        {
          "text": "0##",
          "hover_event": {
            "action": "show_text",
            "value": [
              {
                "text": ""
              },
              [
                {
                  "text": "",
                  "font": "crazy_adventure:manual",
                  "color": "white"
                },
                "\"F\n",
                "\"",
                {
                  "text": "$\u802d"
                },
                {
                  "text": "$\u802d"
                },
                {
                  "text": "$\u802d"
                },
                "\n",
                "\"",
                {
                  "text": "U$"
                },
                {
                  "text": "U$"
                },
                {
                  "text": "U$"
                },
                "\n",
                "\"",
                "U$",
                {
                  "text": "$\u80cf"
                },
                "U$",
                "\"\"",
                {
                  "text": "$$\u8053"
                },
                "\n",
                "\"",
                "U$",
                {
                  "text": "U$"
                },
                "U$",
                "\"\"",
                {
                  "text": "U$"
                },
                "\n",
                "\"",
                "U$",
                {
                  "text": "$\u80cf"
                },
                "U$",
                "\n",
                "\"",
                "U$",
                {
                  "text": "U$"
                },
                "U$",
                "\n"
              ],
              {
                "text": "\n- x3 ",
                "color": "gray"
              },
              {
                "translate": "crazy_adventure.californium_ingot",
                "color": "gray"
              },
              {
                "text": "\n- x2 ",
                "color": "gray"
              },
              {
                "translate": "crazy_adventure.stick",
                "color": "gray"
              }
            ]
          },
          "priority": 0
        },
        {
          "text": "0##",
          "hover_event": {
            "action": "show_text",
            "value": [
              {
                "text": ""
              },
              [
                {
                  "text": "",
                  "font": "crazy_adventure:manual",
                  "color": "white"
                },
                "\"G\n",
                "\"",
                {
                  "text": "$\u8053"
                },
                "\n",
                "\"",
                {
                  "text": "U$"
                },
                "\n",
                "\"\"\"\"U$U$",
                {
                  "text": "$$\u802f"
                },
                "\n",
                "\"\"\"\"U$U$",
                {
                  "text": "U$"
                },
                "\n",
                "\n\n"
              ],
              {
                "translate": "crazy_adventure.smelting",
                "color": "yellow"
              },
              {
                "text": "\n- x1 ",
                "color": "gray"
              },
              {
                "translate": "crazy_adventure.californium_pickaxe",
                "color": "gray"
              }
            ]
          },
          "click_event": {
            "action": "show_dialog",
            "dialog": "crazy_adventure:manual/page_17"
          }
        },
        {
          "text": "0",
          "hover_event": {
            "action": "show_text",
            "value": [
              {
                "text": ""
              },
              [
                {
                  "text": "",
                  "font": "crazy_adventure:manual",
                  "color": "white"
                },
                "\"F\n",
                "\"",
                {
                  "text": "$\u8027"
                },
                {
                  "text": "$\u8053"
                },
                {
                  "text": "$\u8027"
                },
                "\n",
                "\"",
                {
                  "text": "U$"
                },
                {
                  "text": "U$"
                },
                {
                  "text": "U$"
                },
                "\n",
                "\"",
                {
                  "text": "$\u8027"
                },
                {
                  "text": "$\u808f"
                },
                {
                  "text": "$\u8027"
                },
                "\"\"",
                {
                  "text": "$$\u8091"
                },
                "\n",
                "\"",
                {
                  "text": "U$"
                },
                {
                  "text": "U$"
                },
                {
                  "text": "U$"
                },
                "\"\"",
                {
                  "text": "U$"
                },
                "\n",
                "\"",
                {
                  "text": "$\u812c"
                },
                {
                  "text": "$\u812c"
                },
                {
                  "text": "$\u812c"
                },
                "\n",
                "\"",
                {
                  "text": "U$"
                },
                {
                  "text": "U$"
                },
                {
                  "text": "U$"
                },
                "\n"
              ],
              {
                "text": "\n- x4 ",
                "color": "gray"
              },
              {
                "translate": "crazy_adventure.uranium_block",
                "color": "gray"
              },
              {
                "text": "\n- x1 ",
                "color": "gray"
              },
              {
                "translate": "crazy_adventure.californium_pickaxe",
                "color": "gray"
              },
              {
                "text": "\n- x1 ",
                "color": "gray"
              },
              {
                "translate": "crazy_adventure.ore_extractor_3",
                "color": "gray"
              },
              {
                "text": "\n- x3 ",
                "color": "gray"
              },
              {
                "translate": "crazy_adventure.oxidized_copper",
                "color": "gray"
              }
            ]
          },
          "click_event": {
            "action": "show_dialog",
            "dialog": "crazy_adventure:manual/page_66"
          }
        },
        "\n\n\n\n\n\n\n\n\n\n\n\n\n\n\n\n"
      ],
      "width": 140
    }
  ]
}
