{
  "type": "minecraft:notice",
  "title": {
    "translate": "crazy_adventure.radiactivity",
    "underlined": true
  },
  "body": [
    {
      "type": "minecraft:plain_message",
      "contents": [
        {
          "text": "V   ",
          "font": "crazy_adventure:manual",
          "color": "white"
        },
        {
          "text": "\n   ",
          "click_event": {
            "action": "show_dialog",
            "dialog": "crazy_adventure:manual/page_7"
          },
          "hover_event": {
            "action": "show_text",
            "value": [
              {
                "translate": "crazy_adventure.go_to_previous_page"
              },
              " (7)"
            ]
          }
        },
        " ",
        {
          "text": "   ",
          "click_event": {
            "action": "show_dialog",
            "dialog": "crazy_adventure:manual/page_9"
          },
          "hover_event": {
            "action": "show_text",
            "value": [
              {
                "translate": "crazy_adventure.go_to_next_page"
              },
              " (9)"
            ]
          }
        },
        {
          "text": "\n   ",
          "click_event": {
            "action": "show_dialog",
            "dialog": "crazy_adventure:manual/page_7"
          },
          "hover_event": {
            "action": "show_text",
            "value": [
              {
                "translate": "crazy_adventure.go_to_previous_page"
              },
              " (7)"
            ]
          }
        },
        " ",
        {
          "text": "   ",
          "click_event": {
            "action": "show_dialog",
            "dialog": "crazy_adventure:manual/page_9"
          },
          "hover_event": {
            "action": "show_text",
            "value": [
              {
                "translate": "crazy_adventure.go_to_next_page"
              },
              " (9)"
            ]
          }
        }
      ],
      "width": 400
    },
    {
      "type": "minecraft:plain_message",
      "contents": [
        {
          "text": "",
          "font": "crazy_adventure:manual",
          "color": "white",
          "shadow_color": [
            0,
            0,
            0,
            0
          ]
        },
        "\"\u1027\n\"",
        {
          "text": "$\u809b",
          "hover_event": {
            "action": "show_item",
            "id": "apple",
            "components": {
              "lore": [
                {
                  "translate": "crazy_adventure.gives_40bq_to_your_body",
                  "italic": false,
                  "color": "gray"
                },
                [
                  "",
                  {
                    "text": "I",
                    "color": "white",
                    "italic": false,
                    "font": "crazy_adventure:icons"
                  },
                  {
                    "translate": "crazy_adventure.crazy",
                    "color": "green"
                  },
                  {
                    "translate": "crazy_adventure.adventure",
                    "color": "gray"
                  }
                ]
              ],
              "item_model": "crazy_adventure:banana",
              "item_name": {
                "translate": "crazy_adventure.banana"
              },
              "custom_data": {
                "crazy_adventure": {
                  "banana": true
                },
                "smithed": {
                  "ignore": {
                    "functionality": true,
                    "crafting": true
                  }
                }
              }
            }
          },
          "click_event": {
            "action": "show_dialog",
            "dialog": "crazy_adventure:manual/page_70"
          }
        },
        {
          "text": "$\u809d",
          "hover_event": {
            "action": "show_item",
            "id": "golden_apple",
            "components": {
              "lore": [
                {
                  "translate": "crazy_adventure.gives_200bq_to_your_body",
                  "italic": false,
                  "color": "gray"
                },
                {
                  "translate": "crazy_adventure.gives_resistance_1_effect_for_60_seconds",
                  "italic": false,
                  "color": "gray"
                },
                {
                  "translate": "crazy_adventure.gives_wither_1_effect_for_90_seconds",
                  "italic": false,
                  "color": "gray"
                },
                [
                  "",
                  {
                    "text": "I",
                    "color": "white",
                    "italic": false,
                    "font": "crazy_adventure:icons"
                  },
                  {
                    "translate": "crazy_adventure.crazy",
                    "color": "green"
                  },
                  {
                    "translate": "crazy_adventure.adventure",
                    "color": "gray"
                  }
                ]
              ],
              "item_model": "crazy_adventure:uranium_banana",
              "item_name": {
                "translate": "crazy_adventure.uranium_banana"
              },
              "custom_data": {
                "crazy_adventure": {
                  "uranium_banana": true
                },
                "smithed": {
                  "ignore": {
                    "functionality": true,
                    "crafting": true
                  }
                }
              }
            }
          },
          "click_event": {
            "action": "show_dialog",
            "dialog": "crazy_adventure:manual/page_71"
          }
        },
        {
          "text": "$\u809f",
          "hover_event": {
            "action": "show_item",
            "id": "golden_apple",
            "components": {
              "lore": [
                {
                  "translate": "crazy_adventure.gives_1_000bq_to_your_body",
                  "italic": false,
                  "color": "gray"
                },
                {
                  "translate": "crazy_adventure.gives_resistance_2_effect_for_60_seconds",
                  "italic": false,
                  "color": "gray"
                },
                {
                  "translate": "crazy_adventure.gives_wither_1_effect_for_90_seconds",
                  "italic": false,
                  "color": "gray"
                },
                [
                  "",
                  {
                    "text": "I",
                    "color": "white",
                    "italic": false,
                    "font": "crazy_adventure:icons"
                  },
                  {
                    "translate": "crazy_adventure.crazy",
                    "color": "green"
                  },
                  {
                    "translate": "crazy_adventure.adventure",
                    "color": "gray"
                  }
                ]
              ],
              "item_model": "crazy_adventure:uranium_apple",
              "item_name": {
                "translate": "crazy_adventure.uranium_apple"
              },
              "custom_data": {
                "crazy_adventure": {
                  "uranium_apple": true
                },
                "smithed": {
                  "ignore": {
                    "functionality": true,
                    "crafting": true
                  }
                }
              }
            }
          },
          "click_event": {
            "action": "show_dialog",
            "dialog": "crazy_adventure:manual/page_72"
          }
        },
        {
          "text": "$\u80a1",
          "hover_event": {
            "action": "show_item",
            "id": "command_block",
            "components": {
              "lore": [
                {
                  "translate": "crazy_adventure.no_effect_need_a_stick_charger",
                  "italic": false,
                  "color": "gray"
                },
                [
                  "",
                  {
                    "text": "I",
                    "color": "white",
                    "italic": false,
                    "font": "crazy_adventure:icons"
                  },
                  {
                    "translate": "crazy_adventure.crazy",
                    "color": "green"
                  },
                  {
                    "translate": "crazy_adventure.adventure",
                    "color": "gray"
                  }
                ]
              ],
              "item_model": "crazy_adventure:chargeless_stick",
              "item_name": {
                "translate": "crazy_adventure.chargeless_stick"
              },
              "custom_data": {
                "crazy_adventure": {
                  "chargeless_stick": true
                },
                "smithed": {
                  "ignore": {
                    "functionality": true,
                    "crafting": true
                  }
                }
              }
            }
          },
          "click_event": {
            "action": "show_dialog",
            "dialog": "crazy_adventure:manual/page_73"
          }
        },
        {
          "text": "$\u80a3",
          "hover_event": {
            "action": "show_item",
            "id": "warped_fungus_on_a_stick",
            "components": {
              "lore": [
                {
                  "translate": "crazy_adventure.launch_fireball_where_you_are_looking",
                  "italic": false,
                  "color": "gray"
                },
                {
                  "translate": "crazy_adventure.cost_120bq_to_launch",
                  "italic": false,
                  "color": "white"
                },
                {
                  "translate": "crazy_adventure.10s_cooldown",
                  "italic": false,
                  "color": "white"
                },
                {
                  "translate": "crazy_adventure.10_charges",
                  "italic": false,
                  "color": "white"
                },
                [
                  "",
                  {
                    "text": "I",
                    "color": "white",
                    "italic": false,
                    "font": "crazy_adventure:icons"
                  },
                  {
                    "translate": "crazy_adventure.crazy",
                    "color": "green"
                  },
                  {
                    "translate": "crazy_adventure.adventure",
                    "color": "gray"
                  }
                ]
              ],
              "item_model": "crazy_adventure:fireball_stick",
              "item_name": {
                "translate": "crazy_adventure.fireball_stick"
              },
              "custom_data": {
                "crazy_adventure": {
                  "fireball_stick": true
                },
                "smithed": {
                  "ignore": {
                    "functionality": true,
                    "crafting": true
                  }
                }
              }
            }
          },
          "click_event": {
            "action": "show_dialog",
            "dialog": "crazy_adventure:manual/page_74"
          }
        },
        "#\n\"",
        {
          "text": "!",
          "hover_event": {
            "action": "show_item",
            "id": "apple",
            "components": {
              "lore": [
                {
                  "translate": "crazy_adventure.gives_40bq_to_your_body",
                  "italic": false,
                  "color": "gray"
                },
                [
                  "",
                  {
                    "text": "I",
                    "color": "white",
                    "italic": false,
                    "font": "crazy_adventure:icons"
                  },
                  {
                    "translate": "crazy_adventure.crazy",
                    "color": "green"
                  },
                  {
                    "translate": "crazy_adventure.adventure",
                    "color": "gray"
                  }
                ]
              ],
              "item_model": "crazy_adventure:banana",
              "item_name": {
                "translate": "crazy_adventure.banana"
              },
              "custom_data": {
                "crazy_adventure": {
                  "banana": true
                },
                "smithed": {
                  "ignore": {
                    "functionality": true,
                    "crafting": true
                  }
                }
              }
            }
          },
          "click_event": {
            "action": "show_dialog",
            "dialog": "crazy_adventure:manual/page_70"
          }
        },
        {
          "text": "!",
          "hover_event": {
            "action": "show_item",
            "id": "golden_apple",
            "components": {
              "lore": [
                {
                  "translate": "crazy_adventure.gives_200bq_to_your_body",
                  "italic": false,
                  "color": "gray"
                },
                {
                  "translate": "crazy_adventure.gives_resistance_1_effect_for_60_seconds",
                  "italic": false,
                  "color": "gray"
                },
                {
                  "translate": "crazy_adventure.gives_wither_1_effect_for_90_seconds",
                  "italic": false,
                  "color": "gray"
                },
                [
                  "",
                  {
                    "text": "I",
                    "color": "white",
                    "italic": false,
                    "font": "crazy_adventure:icons"
                  },
                  {
                    "translate": "crazy_adventure.crazy",
                    "color": "green"
                  },
                  {
                    "translate": "crazy_adventure.adventure",
                    "color": "gray"
                  }
                ]
              ],
              "item_model": "crazy_adventure:uranium_banana",
              "item_name": {
                "translate": "crazy_adventure.uranium_banana"
              },
              "custom_data": {
                "crazy_adventure": {
                  "uranium_banana": true
                },
                "smithed": {
                  "ignore": {
                    "functionality": true,
                    "crafting": true
                  }
                }
              }
            }
          },
          "click_event": {
            "action": "show_dialog",
            "dialog": "crazy_adventure:manual/page_71"
          }
        },
        {
          "text": "!",
          "hover_event": {
            "action": "show_item",
            "id": "golden_apple",
            "components": {
              "lore": [
                {
                  "translate": "crazy_adventure.gives_1_000bq_to_your_body",
                  "italic": false,
                  "color": "gray"
                },
                {
                  "translate": "crazy_adventure.gives_resistance_2_effect_for_60_seconds",
                  "italic": false,
                  "color": "gray"
                },
                {
                  "translate": "crazy_adventure.gives_wither_1_effect_for_90_seconds",
                  "italic": false,
                  "color": "gray"
                },
                [
                  "",
                  {
                    "text": "I",
                    "color": "white",
                    "italic": false,
                    "font": "crazy_adventure:icons"
                  },
                  {
                    "translate": "crazy_adventure.crazy",
                    "color": "green"
                  },
                  {
                    "translate": "crazy_adventure.adventure",
                    "color": "gray"
                  }
                ]
              ],
              "item_model": "crazy_adventure:uranium_apple",
              "item_name": {
                "translate": "crazy_adventure.uranium_apple"
              },
              "custom_data": {
                "crazy_adventure": {
                  "uranium_apple": true
                },
                "smithed": {
                  "ignore": {
                    "functionality": true,
                    "crafting": true
                  }
                }
              }
            }
          },
          "click_event": {
            "action": "show_dialog",
            "dialog": "crazy_adventure:manual/page_72"
          }
        },
        {
          "text": "!",
          "hover_event": {
            "action": "show_item",
            "id": "command_block",
            "components": {
              "lore": [
                {
                  "translate": "crazy_adventure.no_effect_need_a_stick_charger",
                  "italic": false,
                  "color": "gray"
                },
                [
                  "",
                  {
                    "text": "I",
                    "color": "white",
                    "italic": false,
                    "font": "crazy_adventure:icons"
                  },
                  {
                    "translate": "crazy_adventure.crazy",
                    "color": "green"
                  },
                  {
                    "translate": "crazy_adventure.adventure",
                    "color": "gray"
                  }
                ]
              ],
              "item_model": "crazy_adventure:chargeless_stick",
              "item_name": {
                "translate": "crazy_adventure.chargeless_stick"
              },
              "custom_data": {
                "crazy_adventure": {
                  "chargeless_stick": true
                },
                "smithed": {
                  "ignore": {
                    "functionality": true,
                    "crafting": true
                  }
                }
              }
            }
          },
          "click_event": {
            "action": "show_dialog",
            "dialog": "crazy_adventure:manual/page_73"
          }
        },
        {
          "text": "!",
          "hover_event": {
            "action": "show_item",
            "id": "warped_fungus_on_a_stick",
            "components": {
              "lore": [
                {
                  "translate": "crazy_adventure.launch_fireball_where_you_are_looking",
                  "italic": false,
                  "color": "gray"
                },
                {
                  "translate": "crazy_adventure.cost_120bq_to_launch",
                  "italic": false,
                  "color": "white"
                },
                {
                  "translate": "crazy_adventure.10s_cooldown",
                  "italic": false,
                  "color": "white"
                },
                {
                  "translate": "crazy_adventure.10_charges",
                  "italic": false,
                  "color": "white"
                },
                [
                  "",
                  {
                    "text": "I",
                    "color": "white",
                    "italic": false,
                    "font": "crazy_adventure:icons"
                  },
                  {
                    "translate": "crazy_adventure.crazy",
                    "color": "green"
                  },
                  {
                    "translate": "crazy_adventure.adventure",
                    "color": "gray"
                  }
                ]
              ],
              "item_model": "crazy_adventure:fireball_stick",
              "item_name": {
                "translate": "crazy_adventure.fireball_stick"
              },
              "custom_data": {
                "crazy_adventure": {
                  "fireball_stick": true
                },
                "smithed": {
                  "ignore": {
                    "functionality": true,
                    "crafting": true
                  }
                }
              }
            }
          },
          "click_event": {
            "action": "show_dialog",
            "dialog": "crazy_adventure:manual/page_74"
          }
        },
        "#\n\"",
        {
          "text": "$\u80a5",
          "hover_event": {
            "action": "show_item",
            "id": "warped_fungus_on_a_stick",
            "components": {
              "lore": [
                {
                  "translate": "crazy_adventure.summon_lightings_where_you_are_looking",
                  "italic": false,
                  "color": "gray"
                },
                {
                  "translate": "crazy_adventure.cost_120bq_to_launch",
                  "italic": false,
                  "color": "white"
                },
                {
                  "translate": "crazy_adventure.10s_cooldown",
                  "italic": false,
                  "color": "white"
                },
                {
                  "translate": "crazy_adventure.10_charges",
                  "italic": false,
                  "color": "white"
                },
                [
                  "",
                  {
                    "text": "I",
                    "color": "white",
                    "italic": false,
                    "font": "crazy_adventure:icons"
                  },
                  {
                    "translate": "crazy_adventure.crazy",
                    "color": "green"
                  },
                  {
                    "translate": "crazy_adventure.adventure",
                    "color": "gray"
                  }
                ]
              ],
              "item_model": "crazy_adventure:storm_stick",
              "item_name": {
                "translate": "crazy_adventure.storm_stick"
              },
              "custom_data": {
                "crazy_adventure": {
                  "storm_stick": true
                },
                "smithed": {
                  "ignore": {
                    "functionality": true,
                    "crafting": true
                  }
                }
              }
            }
          },
          "click_event": {
            "action": "show_dialog",
            "dialog": "crazy_adventure:manual/page_75"
          }
        },
        {
          "text": "$\u80a7",
          "hover_event": {
            "action": "show_item",
            "id": "warped_fungus_on_a_stick",
            "components": {
              "lore": [
                {
                  "translate": "crazy_adventure.gives_you_regeneration_3_resistance_3_slowness_1_for_10_seconds",
                  "italic": false,
                  "color": "gray"
                },
                {
                  "translate": "crazy_adventure.cost_170bq_to_launch",
                  "italic": false,
                  "color": "white"
                },
                {
                  "translate": "crazy_adventure.30s_cooldown",
                  "italic": false,
                  "color": "white"
                },
                {
                  "translate": "crazy_adventure.5_charges",
                  "italic": false,
                  "color": "white"
                },
                [
                  "",
                  {
                    "text": "I",
                    "color": "white",
                    "italic": false,
                    "font": "crazy_adventure:icons"
                  },
                  {
                    "translate": "crazy_adventure.crazy",
                    "color": "green"
                  },
                  {
                    "translate": "crazy_adventure.adventure",
                    "color": "gray"
                  }
                ]
              ],
              "item_model": "crazy_adventure:shield_stick",
              "item_name": {
                "translate": "crazy_adventure.shield_stick"
              },
              "custom_data": {
                "crazy_adventure": {
                  "shield_stick": true
                },
                "smithed": {
                  "ignore": {
                    "functionality": true,
                    "crafting": true
                  }
                }
              }
            }
          },
          "click_event": {
            "action": "show_dialog",
            "dialog": "crazy_adventure:manual/page_76"
          }
        },
        {
          "text": "$\u80a9",
          "hover_event": {
            "action": "show_item",
            "id": "warped_fungus_on_a_stick",
            "components": {
              "lore": [
                {
                  "translate": "crazy_adventure.grow_your_seeds",
                  "italic": false,
                  "color": "gray"
                },
                {
                  "translate": "crazy_adventure.cost_30bq_to_launch",
                  "italic": false,
                  "color": "white"
                },
                {
                  "translate": "crazy_adventure.1s_cooldown",
                  "italic": false,
                  "color": "white"
                },
                {
                  "translate": "crazy_adventure.30_charges",
                  "italic": false,
                  "color": "white"
                },
                [
                  "",
                  {
                    "text": "I",
                    "color": "white",
                    "italic": false,
                    "font": "crazy_adventure:icons"
                  },
                  {
                    "translate": "crazy_adventure.crazy",
                    "color": "green"
                  },
                  {
                    "translate": "crazy_adventure.adventure",
                    "color": "gray"
                  }
                ]
              ],
              "item_model": "crazy_adventure:fertilizer_stick",
              "item_name": {
                "translate": "crazy_adventure.fertilizer_stick"
              },
              "custom_data": {
                "crazy_adventure": {
                  "fertilizer_stick": true
                },
                "smithed": {
                  "ignore": {
                    "functionality": true,
                    "crafting": true
                  }
                }
              }
            }
          },
          "click_event": {
            "action": "show_dialog",
            "dialog": "crazy_adventure:manual/page_77"
          }
        },
        "!!#\n\"",
        {
          "text": "!",
          "hover_event": {
            "action": "show_item",
            "id": "warped_fungus_on_a_stick",
            "components": {
              "lore": [
                {
                  "translate": "crazy_adventure.summon_lightings_where_you_are_looking",
                  "italic": false,
                  "color": "gray"
                },
                {
                  "translate": "crazy_adventure.cost_120bq_to_launch",
                  "italic": false,
                  "color": "white"
                },
                {
                  "translate": "crazy_adventure.10s_cooldown",
                  "italic": false,
                  "color": "white"
                },
                {
                  "translate": "crazy_adventure.10_charges",
                  "italic": false,
                  "color": "white"
                },
                [
                  "",
                  {
                    "text": "I",
                    "color": "white",
                    "italic": false,
                    "font": "crazy_adventure:icons"
                  },
                  {
                    "translate": "crazy_adventure.crazy",
                    "color": "green"
                  },
                  {
                    "translate": "crazy_adventure.adventure",
                    "color": "gray"
                  }
                ]
              ],
              "item_model": "crazy_adventure:storm_stick",
              "item_name": {
                "translate": "crazy_adventure.storm_stick"
              },
              "custom_data": {
                "crazy_adventure": {
                  "storm_stick": true
                },
                "smithed": {
                  "ignore": {
                    "functionality": true,
                    "crafting": true
                  }
                }
              }
            }
          },
          "click_event": {
            "action": "show_dialog",
            "dialog": "crazy_adventure:manual/page_75"
          }
        },
        {
          "text": "!",
          "hover_event": {
            "action": "show_item",
            "id": "warped_fungus_on_a_stick",
            "components": {
              "lore": [
                {
                  "translate": "crazy_adventure.gives_you_regeneration_3_resistance_3_slowness_1_for_10_seconds",
                  "italic": false,
                  "color": "gray"
                },
                {
                  "translate": "crazy_adventure.cost_170bq_to_launch",
                  "italic": false,
                  "color": "white"
                },
                {
                  "translate": "crazy_adventure.30s_cooldown",
                  "italic": false,
                  "color": "white"
                },
                {
                  "translate": "crazy_adventure.5_charges",
                  "italic": false,
                  "color": "white"
                },
                [
                  "",
                  {
                    "text": "I",
                    "color": "white",
                    "italic": false,
                    "font": "crazy_adventure:icons"
                  },
                  {
                    "translate": "crazy_adventure.crazy",
                    "color": "green"
                  },
                  {
                    "translate": "crazy_adventure.adventure",
                    "color": "gray"
                  }
                ]
              ],
              "item_model": "crazy_adventure:shield_stick",
              "item_name": {
                "translate": "crazy_adventure.shield_stick"
              },
              "custom_data": {
                "crazy_adventure": {
                  "shield_stick": true
                },
                "smithed": {
                  "ignore": {
                    "functionality": true,
                    "crafting": true
                  }
                }
              }
            }
          },
          "click_event": {
            "action": "show_dialog",
            "dialog": "crazy_adventure:manual/page_76"
          }
        },
        {
          "text": "!",
          "hover_event": {
            "action": "show_item",
            "id": "warped_fungus_on_a_stick",
            "components": {
              "lore": [
                {
                  "translate": "crazy_adventure.grow_your_seeds",
                  "italic": false,
                  "color": "gray"
                },
                {
                  "translate": "crazy_adventure.cost_30bq_to_launch",
                  "italic": false,
                  "color": "white"
                },
                {
                  "translate": "crazy_adventure.1s_cooldown",
                  "italic": false,
                  "color": "white"
                },
                {
                  "translate": "crazy_adventure.30_charges",
                  "italic": false,
                  "color": "white"
                },
                [
                  "",
                  {
                    "text": "I",
                    "color": "white",
                    "italic": false,
                    "font": "crazy_adventure:icons"
                  },
                  {
                    "translate": "crazy_adventure.crazy",
                    "color": "green"
                  },
                  {
                    "translate": "crazy_adventure.adventure",
                    "color": "gray"
                  }
                ]
              ],
              "item_model": "crazy_adventure:fertilizer_stick",
              "item_name": {
                "translate": "crazy_adventure.fertilizer_stick"
              },
              "custom_data": {
                "crazy_adventure": {
                  "fertilizer_stick": true
                },
                "smithed": {
                  "ignore": {
                    "functionality": true,
                    "crafting": true
                  }
                }
              }
            }
          },
          "click_event": {
            "action": "show_dialog",
            "dialog": "crazy_adventure:manual/page_77"
          }
        },
        "!!#\n",
        "\n\n\n\n\n\n\n\n\n\n\n\n\n\n\n\n\n\n\n\n"
      ],
      "width": 140
    }
  ]
}
