{
  "parent": "item/generated",
  "textures": {
    "0": "crazy_adventure:item/miner"
  },
  "format_version": "1.21.11",
  "credit": "Made with Blockbench",
  "texture_size": [
    256,
    64
  ],
  "elements": [
    {
      "from": [
        4,
        6,
        7
      ],
      "to": [
        12,
        8,
        10
      ],
      "faces": {
        "north": {
          "uv": [
            13.875,
            4.5,
            14.375,
            5
          ],
          "texture": "#0"
        },
        "east": {
          "uv": [
            14.5625,
            6,
            14.75,
            6.5
          ],
          "texture": "#0"
        },
        "south": {
          "uv": [
            13.875,
            5.75,
            14.375,
            6.25
          ],
          "texture": "#0"
        },
        "west": {
          "uv": [
            14.5625,
            6.5,
            14.75,
            7
          ],
          "texture": "#0"
        },
        "down": {
          "uv": [
            13.375,
            5.75,
            12.875,
            6.5
          ],
          "texture": "#0"
        }
      }
    },
    {
      "from": [
        4,
        0,
        7
      ],
      "to": [
        7,
        6,
        10
      ],
      "faces": {
        "north": {
          "uv": [
            13,
            6.5,
            13.1875,
            8
          ],
          "texture": "#0"
        },
        "east": {
          "uv": [
            13.1875,
            6.5,
            13.375,
            8
          ],
          "texture": "#0"
        },
        "south": {
          "uv": [
            13.375,
            6.5,
            13.5625,
            8
          ],
          "texture": "#0"
        },
        "west": {
          "uv": [
            13.5625,
            6.5,
            13.75,
            8
          ],
          "texture": "#0"
        },
        "down": {
          "uv": [
            14.6875,
            2.5,
            14.5,
            3.25
          ],
          "texture": "#0"
        }
      }
    },
    {
      "from": [
        9,
        0,
        7
      ],
      "to": [
        12,
        6,
        10
      ],
      "faces": {
        "north": {
          "uv": [
            13.75,
            6.5,
            13.9375,
            8
          ],
          "texture": "#0"
        },
        "east": {
          "uv": [
            12,
            7.5,
            12.1875,
            9
          ],
          "texture": "#0"
        },
        "south": {
          "uv": [
            12.1875,
            7.5,
            12.375,
            9
          ],
          "texture": "#0"
        },
        "west": {
          "uv": [
            12.375,
            7.5,
            12.5625,
            9
          ],
          "texture": "#0"
        },
        "down": {
          "uv": [
            14.75,
            0,
            14.5625,
            0.75
          ],
          "texture": "#0"
        }
      }
    },
    {
      "from": [
        4,
        3,
        6
      ],
      "to": [
        7,
        8,
        6
      ],
      "faces": {
        "north": {
          "uv": [
            12,
            9,
            12.1875,
            10.25
          ],
          "texture": "#0"
        },
        "south": {
          "uv": [
            12.1875,
            9,
            12.375,
            10.25
          ],
          "texture": "#0"
        }
      }
    },
    {
      "from": [
        4,
        3,
        11
      ],
      "to": [
        7,
        8,
        11
      ],
      "faces": {
        "north": {
          "uv": [
            12.375,
            9,
            12.5625,
            10.25
          ],
          "texture": "#0"
        },
        "south": {
          "uv": [
            13.4375,
            9,
            13.625,
            10.25
          ],
          "texture": "#0"
        }
      }
    },
    {
      "from": [
        9,
        3,
        11
      ],
      "to": [
        12,
        8,
        11
      ],
      "faces": {
        "north": {
          "uv": [
            13.625,
            9,
            13.8125,
            10.25
          ],
          "texture": "#0"
        },
        "south": {
          "uv": [
            13.8125,
            9.25,
            14,
            10.5
          ],
          "texture": "#0"
        }
      }
    },
    {
      "from": [
        7,
        5,
        11
      ],
      "to": [
        9,
        8,
        11
      ],
      "faces": {
        "north": {
          "uv": [
            14.25,
            3.75,
            14.375,
            4.5
          ],
          "texture": "#0"
        },
        "south": {
          "uv": [
            13.6875,
            10.25,
            13.8125,
            11
          ],
          "texture": "#0"
        }
      }
    },
    {
      "from": [
        12,
        3,
        7
      ],
      "to": [
        13,
        8,
        7
      ],
      "faces": {
        "north": {
          "uv": [
            14.3125,
            10.5,
            14.375,
            11.75
          ],
          "texture": "#0"
        },
        "south": {
          "uv": [
            14.4375,
            10.5,
            14.5,
            11.75
          ],
          "texture": "#0"
        }
      }
    },
    {
      "from": [
        12,
        3,
        10
      ],
      "to": [
        13,
        8,
        10
      ],
      "faces": {
        "north": {
          "uv": [
            14.5,
            10.5,
            14.5625,
            11.75
          ],
          "texture": "#0"
        },
        "south": {
          "uv": [
            12.5625,
            10.75,
            12.625,
            12
          ],
          "texture": "#0"
        }
      }
    },
    {
      "from": [
        3,
        3,
        10
      ],
      "to": [
        4,
        8,
        10
      ],
      "faces": {
        "north": {
          "uv": [
            12.625,
            10.75,
            12.6875,
            12
          ],
          "texture": "#0"
        },
        "south": {
          "uv": [
            13.125,
            10.75,
            13.1875,
            12
          ],
          "texture": "#0"
        }
      }
    },
    {
      "from": [
        3,
        3,
        7
      ],
      "to": [
        4,
        8,
        7
      ],
      "faces": {
        "north": {
          "uv": [
            13.1875,
            10.75,
            13.25,
            12
          ],
          "texture": "#0"
        },
        "south": {
          "uv": [
            13.4375,
            10.75,
            13.5,
            12
          ],
          "texture": "#0"
        }
      }
    },
    {
      "from": [
        7,
        5,
        6
      ],
      "to": [
        9,
        8,
        6
      ],
      "faces": {
        "north": {
          "uv": [
            14.5625,
            7,
            14.6875,
            7.75
          ],
          "texture": "#0"
        },
        "south": {
          "uv": [
            14.5625,
            7.75,
            14.6875,
            8.5
          ],
          "texture": "#0"
        }
      }
    },
    {
      "from": [
        9,
        3,
        6
      ],
      "to": [
        12,
        8,
        6
      ],
      "faces": {
        "north": {
          "uv": [
            14,
            9.25,
            14.1875,
            10.5
          ],
          "texture": "#0"
        },
        "south": {
          "uv": [
            14.1875,
            9.25,
            14.375,
            10.5
          ],
          "texture": "#0"
        }
      }
    },
    {
      "from": [
        13,
        3,
        7
      ],
      "to": [
        13,
        8,
        10
      ],
      "faces": {
        "east": {
          "uv": [
            14.375,
            0,
            14.5625,
            1.25
          ],
          "texture": "#0"
        },
        "west": {
          "uv": [
            14.375,
            1.25,
            14.5625,
            2.5
          ],
          "texture": "#0"
        }
      }
    },
    {
      "from": [
        3,
        3,
        7
      ],
      "to": [
        3,
        8,
        10
      ],
      "faces": {
        "east": {
          "uv": [
            12.9375,
            9.5,
            13.125,
            10.75
          ],
          "texture": "#0"
        },
        "west": {
          "uv": [
            14.375,
            3.75,
            14.5625,
            5
          ],
          "texture": "#0"
        }
      }
    },
    {
      "from": [
        4,
        3,
        10
      ],
      "to": [
        4,
        8,
        11
      ],
      "faces": {
        "east": {
          "uv": [
            13.5,
            10.75,
            13.5625,
            12
          ],
          "texture": "#0"
        },
        "west": {
          "uv": [
            13.5625,
            10.75,
            13.625,
            12
          ],
          "texture": "#0"
        }
      }
    },
    {
      "from": [
        4,
        3,
        6.1
      ],
      "to": [
        4,
        8,
        7.1
      ],
      "faces": {
        "east": {
          "uv": [
            13.625,
            10.75,
            13.6875,
            12
          ],
          "texture": "#0"
        },
        "west": {
          "uv": [
            14.6875,
            9,
            14.75,
            10.25
          ],
          "texture": "#0"
        }
      }
    },
    {
      "from": [
        7,
        3,
        6.1
      ],
      "to": [
        7,
        5,
        7.1
      ],
      "faces": {
        "east": {
          "uv": [
            14.3125,
            2,
            14.375,
            2.5
          ],
          "texture": "#0"
        },
        "west": {
          "uv": [
            14.25,
            11,
            14.3125,
            11.5
          ],
          "texture": "#0"
        }
      }
    },
    {
      "from": [
        9,
        3,
        6.1
      ],
      "to": [
        9,
        5,
        7.1
      ],
      "faces": {
        "east": {
          "uv": [
            12,
            12.25,
            12.0625,
            12.75
          ],
          "texture": "#0"
        },
        "west": {
          "uv": [
            15.0625,
            0,
            15.125,
            0.5
          ],
          "texture": "#0"
        }
      }
    },
    {
      "from": [
        12,
        3,
        6.1
      ],
      "to": [
        12,
        8,
        7.1
      ],
      "faces": {
        "east": {
          "uv": [
            14.5625,
            10.75,
            14.625,
            12
          ],
          "texture": "#0"
        },
        "west": {
          "uv": [
            14.6875,
            10.25,
            14.75,
            11.5
          ],
          "texture": "#0"
        }
      }
    },
    {
      "from": [
        12,
        3,
        10.1
      ],
      "to": [
        12,
        8,
        11.1
      ],
      "faces": {
        "east": {
          "uv": [
            14.625,
            10.75,
            14.6875,
            12
          ],
          "texture": "#0"
        },
        "west": {
          "uv": [
            12,
            11,
            12.0625,
            12.25
          ],
          "texture": "#0"
        }
      }
    },
    {
      "from": [
        9,
        3,
        10.1
      ],
      "to": [
        9,
        5,
        11.1
      ],
      "faces": {
        "east": {
          "uv": [
            12.0625,
            12.25,
            12.125,
            12.75
          ],
          "texture": "#0"
        },
        "west": {
          "uv": [
            12.125,
            12.25,
            12.1875,
            12.75
          ],
          "texture": "#0"
        }
      }
    },
    {
      "from": [
        7,
        5,
        6.1
      ],
      "to": [
        9,
        5,
        11.1
      ],
      "faces": {
        "up": {
          "uv": [
            12.6875,
            10.75,
            12.5625,
            9.5
          ],
          "texture": "#0"
        },
        "down": {
          "uv": [
            13.25,
            9.5,
            13.125,
            10.75
          ],
          "texture": "#0"
        }
      }
    },
    {
      "from": [
        7,
        3,
        10.1
      ],
      "to": [
        7,
        5,
        11.1
      ],
      "faces": {
        "east": {
          "uv": [
            15.0625,
            0.5,
            15.125,
            1
          ],
          "texture": "#0"
        },
        "west": {
          "uv": [
            12.1875,
            12.25,
            12.25,
            12.75
          ],
          "texture": "#0"
        }
      }
    },
    {
      "from": [
        4,
        18,
        7
      ],
      "to": [
        12,
        19,
        10
      ],
      "faces": {
        "north": {
          "uv": [
            14.5,
            3.25,
            15,
            3.5
          ],
          "texture": "#0"
        },
        "east": {
          "uv": [
            14.3125,
            2.5,
            14.5,
            2.75
          ],
          "texture": "#0"
        },
        "south": {
          "uv": [
            14.5,
            3.5,
            15,
            3.75
          ],
          "texture": "#0"
        },
        "west": {
          "uv": [
            14.125,
            11.5,
            14.3125,
            11.75
          ],
          "texture": "#0"
        },
        "up": {
          "uv": [
            13.875,
            6.5,
            13.375,
            5.75
          ],
          "texture": "#0"
        }
      }
    },
    {
      "from": [
        4,
        8,
        10
      ],
      "to": [
        12,
        18,
        11
      ],
      "faces": {
        "east": {
          "uv": [
            13.25,
            9.5,
            13.3125,
            12
          ],
          "texture": "#0"
        },
        "south": {
          "uv": [
            12.625,
            2.5,
            13.125,
            5
          ],
          "texture": "#0"
        },
        "west": {
          "uv": [
            13.3125,
            9.5,
            13.375,
            12
          ],
          "texture": "#0"
        },
        "up": {
          "uv": [
            15,
            5.25,
            14.5,
            5
          ],
          "texture": "#0"
        },
        "down": {
          "uv": [
            15,
            5.25,
            14.5,
            5.5
          ],
          "texture": "#0"
        }
      }
    },
    {
      "from": [
        4,
        8,
        6
      ],
      "to": [
        12,
        18,
        7
      ],
      "faces": {
        "north": {
          "uv": [
            13.125,
            0,
            13.625,
            2.5
          ],
          "texture": "#0"
        },
        "east": {
          "uv": [
            13.375,
            9.5,
            13.4375,
            12
          ],
          "texture": "#0"
        },
        "west": {
          "uv": [
            14.375,
            9.25,
            14.4375,
            11.75
          ],
          "texture": "#0"
        },
        "up": {
          "uv": [
            15.0625,
            2.5,
            14.5625,
            2.25
          ],
          "texture": "#0"
        },
        "down": {
          "uv": [
            15.0625,
            3.75,
            14.5625,
            4
          ],
          "texture": "#0"
        }
      }
    },
    {
      "from": [
        3,
        8,
        7
      ],
      "to": [
        13,
        18,
        10
      ],
      "faces": {
        "north": {
          "uv": [
            12,
            0,
            12.625,
            2.5
          ],
          "texture": "#0"
        },
        "east": {
          "uv": [
            12,
            5,
            12.1875,
            7.5
          ],
          "texture": "#0"
        },
        "south": {
          "uv": [
            12,
            2.5,
            12.625,
            5
          ],
          "texture": "#0"
        },
        "west": {
          "uv": [
            12.1875,
            5,
            12.375,
            7.5
          ],
          "texture": "#0"
        },
        "up": {
          "uv": [
            13,
            5.75,
            12.375,
            5
          ],
          "texture": "#0"
        },
        "down": {
          "uv": [
            13.625,
            5,
            13,
            5.75
          ],
          "texture": "#0"
        }
      }
    },
    {
      "from": [
        1,
        10,
        7
      ],
      "to": [
        3,
        12,
        15
      ],
      "rotation": {
        "axis": "x",
        "angle": -22.5,
        "origin": [
          0,
          0,
          0
        ]
      },
      "faces": {
        "north": {
          "uv": [
            14.75,
            1.25,
            14.875,
            1.75
          ],
          "texture": "#0"
        },
        "east": {
          "uv": [
            13.9375,
            6.25,
            14.4375,
            6.75
          ],
          "texture": "#0"
        },
        "south": {
          "uv": [
            14.75,
            1.75,
            14.875,
            2.25
          ],
          "texture": "#0"
        },
        "west": {
          "uv": [
            13.9375,
            6.75,
            14.4375,
            7.25
          ],
          "texture": "#0"
        },
        "up": {
          "uv": [
            12.6875,
            9.5,
            12.5625,
            7.5
          ],
          "texture": "#0"
        },
        "down": {
          "uv": [
            12.8125,
            7.75,
            12.6875,
            9.75
          ],
          "texture": "#0"
        }
      }
    },
    {
      "from": [
        13,
        10,
        7
      ],
      "to": [
        15,
        12,
        15
      ],
      "rotation": {
        "axis": "x",
        "angle": -22.5,
        "origin": [
          0,
          0,
          0
        ]
      },
      "faces": {
        "north": {
          "uv": [
            14.75,
            6,
            14.875,
            6.5
          ],
          "texture": "#0"
        },
        "east": {
          "uv": [
            13.9375,
            7.25,
            14.4375,
            7.75
          ],
          "texture": "#0"
        },
        "south": {
          "uv": [
            14.75,
            6.5,
            14.875,
            7
          ],
          "texture": "#0"
        },
        "west": {
          "uv": [
            13.9375,
            7.75,
            14.4375,
            8.25
          ],
          "texture": "#0"
        },
        "up": {
          "uv": [
            12.9375,
            9.75,
            12.8125,
            7.75
          ],
          "texture": "#0"
        },
        "down": {
          "uv": [
            14.125,
            0.75,
            14,
            2.75
          ],
          "texture": "#0"
        }
      }
    },
    {
      "from": [
        4,
        8,
        5
      ],
      "to": [
        12,
        10,
        6
      ],
      "faces": {
        "north": {
          "uv": [
            14,
            2.75,
            14.5,
            3.25
          ],
          "texture": "#0"
        },
        "east": {
          "uv": [
            12.25,
            12.25,
            12.3125,
            12.75
          ],
          "texture": "#0"
        },
        "west": {
          "uv": [
            12.3125,
            12.25,
            12.375,
            12.75
          ],
          "texture": "#0"
        },
        "up": {
          "uv": [
            15.0625,
            4.25,
            14.5625,
            4
          ],
          "texture": "#0"
        },
        "down": {
          "uv": [
            15.0625,
            4.25,
            14.5625,
            4.5
          ],
          "texture": "#0"
        }
      }
    },
    {
      "from": [
        7,
        10,
        5
      ],
      "to": [
        9,
        11,
        6
      ],
      "faces": {
        "north": {
          "uv": [
            13.8125,
            9,
            13.9375,
            9.25
          ],
          "texture": "#0"
        },
        "up": {
          "uv": [
            15.1875,
            1.25,
            15.0625,
            1
          ],
          "texture": "#0"
        }
      }
    },
    {
      "from": [
        7,
        7,
        5
      ],
      "to": [
        9,
        8,
        6
      ],
      "faces": {
        "north": {
          "uv": [
            15.0625,
            2.25,
            15.1875,
            2.5
          ],
          "texture": "#0"
        },
        "east": {
          "uv": [
            12.9375,
            7.75,
            13,
            8
          ],
          "texture": "#0"
        },
        "west": {
          "uv": [
            15.1875,
            3,
            15.25,
            3.25
          ],
          "texture": "#0"
        },
        "down": {
          "uv": [
            12.9375,
            12.25,
            12.8125,
            12.5
          ],
          "texture": "#0"
        }
      }
    },
    {
      "from": [
        10,
        13,
        5
      ],
      "to": [
        12,
        18,
        6
      ],
      "faces": {
        "north": {
          "uv": [
            12.6875,
            9.75,
            12.8125,
            11
          ],
          "texture": "#0"
        },
        "east": {
          "uv": [
            14.75,
            0,
            14.8125,
            1.25
          ],
          "texture": "#0"
        },
        "west": {
          "uv": [
            12.0625,
            11,
            12.125,
            12.25
          ],
          "texture": "#0"
        },
        "up": {
          "uv": [
            15.1875,
            4,
            15.0625,
            3.75
          ],
          "texture": "#0"
        },
        "down": {
          "uv": [
            15.1875,
            4,
            15.0625,
            4.25
          ],
          "texture": "#0"
        }
      }
    },
    {
      "from": [
        4,
        13,
        5
      ],
      "to": [
        6,
        18,
        6
      ],
      "faces": {
        "north": {
          "uv": [
            14.4375,
            5.5,
            14.5625,
            6.75
          ],
          "texture": "#0"
        },
        "east": {
          "uv": [
            12.125,
            11,
            12.1875,
            12.25
          ],
          "texture": "#0"
        },
        "west": {
          "uv": [
            12.1875,
            11,
            12.25,
            12.25
          ],
          "texture": "#0"
        },
        "up": {
          "uv": [
            13.1875,
            12.5,
            13.0625,
            12.25
          ],
          "texture": "#0"
        },
        "down": {
          "uv": [
            15.1875,
            4.25,
            15.0625,
            4.5
          ],
          "texture": "#0"
        }
      }
    },
    {
      "from": [
        4,
        18,
        6
      ],
      "to": [
        6,
        19,
        7
      ],
      "faces": {
        "north": {
          "uv": [
            15.0625,
            4.5,
            15.1875,
            4.75
          ],
          "texture": "#0"
        },
        "east": {
          "uv": [
            15.1875,
            4.75,
            15.25,
            5
          ],
          "texture": "#0"
        },
        "west": {
          "uv": [
            13.625,
            12.75,
            13.6875,
            13
          ],
          "texture": "#0"
        },
        "up": {
          "uv": [
            15.1875,
            5,
            15.0625,
            4.75
          ],
          "texture": "#0"
        }
      }
    },
    {
      "from": [
        4,
        19,
        7
      ],
      "to": [
        6,
        20,
        10
      ],
      "faces": {
        "north": {
          "uv": [
            15.0625,
            5.5,
            15.1875,
            5.75
          ],
          "texture": "#0"
        },
        "east": {
          "uv": [
            14.375,
            11.75,
            14.5625,
            12
          ],
          "texture": "#0"
        },
        "south": {
          "uv": [
            13.4375,
            12.25,
            13.5625,
            12.5
          ],
          "texture": "#0"
        },
        "west": {
          "uv": [
            15,
            6.5,
            15.1875,
            6.75
          ],
          "texture": "#0"
        },
        "up": {
          "uv": [
            14.6875,
            9.25,
            14.5625,
            8.5
          ],
          "texture": "#0"
        }
      }
    },
    {
      "from": [
        10,
        19,
        7
      ],
      "to": [
        12,
        20,
        10
      ],
      "faces": {
        "north": {
          "uv": [
            15.0625,
            5.75,
            15.1875,
            6
          ],
          "texture": "#0"
        },
        "east": {
          "uv": [
            15,
            6.75,
            15.1875,
            7
          ],
          "texture": "#0"
        },
        "south": {
          "uv": [
            13.6875,
            12.25,
            13.8125,
            12.5
          ],
          "texture": "#0"
        },
        "west": {
          "uv": [
            14,
            12,
            14.1875,
            12.25
          ],
          "texture": "#0"
        },
        "up": {
          "uv": [
            14.6875,
            10.75,
            14.5625,
            10
          ],
          "texture": "#0"
        }
      }
    },
    {
      "from": [
        10,
        18,
        6
      ],
      "to": [
        12,
        19,
        7
      ],
      "faces": {
        "north": {
          "uv": [
            15.0625,
            7,
            15.1875,
            7.25
          ],
          "texture": "#0"
        },
        "east": {
          "uv": [
            15.1875,
            6.5,
            15.25,
            6.75
          ],
          "texture": "#0"
        },
        "west": {
          "uv": [
            15.1875,
            6.75,
            15.25,
            7
          ],
          "texture": "#0"
        },
        "up": {
          "uv": [
            15.1875,
            7.75,
            15.0625,
            7.5
          ],
          "texture": "#0"
        }
      }
    },
    {
      "from": [
        9,
        18,
        10
      ],
      "to": [
        11,
        19,
        11
      ],
      "faces": {
        "east": {
          "uv": [
            15.1875,
            7,
            15.25,
            7.25
          ],
          "texture": "#0"
        },
        "south": {
          "uv": [
            15.0625,
            8,
            15.1875,
            8.25
          ],
          "texture": "#0"
        },
        "west": {
          "uv": [
            13.8125,
            12.75,
            13.875,
            13
          ],
          "texture": "#0"
        },
        "up": {
          "uv": [
            14.1875,
            12.5,
            14.0625,
            12.25
          ],
          "texture": "#0"
        }
      }
    },
    {
      "from": [
        9,
        16,
        11
      ],
      "to": [
        11,
        18,
        12
      ],
      "faces": {
        "east": {
          "uv": [
            12.5,
            12.25,
            12.5625,
            12.75
          ],
          "texture": "#0"
        },
        "south": {
          "uv": [
            14.125,
            11,
            14.25,
            11.5
          ],
          "texture": "#0"
        },
        "west": {
          "uv": [
            13.5625,
            12.25,
            13.625,
            12.75
          ],
          "texture": "#0"
        },
        "up": {
          "uv": [
            15.1875,
            8.75,
            15.0625,
            8.5
          ],
          "texture": "#0"
        },
        "down": {
          "uv": [
            15.1875,
            8.75,
            15.0625,
            9
          ],
          "texture": "#0"
        }
      }
    },
    {
      "from": [
        6,
        15,
        11
      ],
      "to": [
        10,
        16,
        12
      ],
      "faces": {
        "east": {
          "uv": [
            15.1875,
            7.25,
            15.25,
            7.5
          ],
          "texture": "#0"
        },
        "south": {
          "uv": [
            14.75,
            9.25,
            15,
            9.5
          ],
          "texture": "#0"
        },
        "west": {
          "uv": [
            15.1875,
            7.5,
            15.25,
            7.75
          ],
          "texture": "#0"
        },
        "up": {
          "uv": [
            15,
            9.75,
            14.75,
            9.5
          ],
          "texture": "#0"
        },
        "down": {
          "uv": [
            15,
            9.75,
            14.75,
            10
          ],
          "texture": "#0"
        }
      }
    },
    {
      "from": [
        7,
        10,
        11
      ],
      "to": [
        9,
        15,
        12
      ],
      "faces": {
        "east": {
          "uv": [
            12.25,
            11,
            12.3125,
            12.25
          ],
          "texture": "#0"
        },
        "south": {
          "uv": [
            14.4375,
            9.25,
            14.5625,
            10.5
          ],
          "texture": "#0"
        },
        "west": {
          "uv": [
            12.3125,
            11,
            12.375,
            12.25
          ],
          "texture": "#0"
        }
      }
    },
    {
      "from": [
        5,
        18,
        10
      ],
      "to": [
        7,
        19,
        11
      ],
      "faces": {
        "east": {
          "uv": [
            15.1875,
            7.75,
            15.25,
            8
          ],
          "texture": "#0"
        },
        "south": {
          "uv": [
            15.0625,
            12,
            15.1875,
            12.25
          ],
          "texture": "#0"
        },
        "west": {
          "uv": [
            15.1875,
            8,
            15.25,
            8.25
          ],
          "texture": "#0"
        },
        "up": {
          "uv": [
            15.1875,
            12.5,
            15.0625,
            12.25
          ],
          "texture": "#0"
        }
      }
    },
    {
      "from": [
        5,
        16,
        11
      ],
      "to": [
        7,
        18,
        12
      ],
      "faces": {
        "east": {
          "uv": [
            15.125,
            0.25,
            15.1875,
            0.75
          ],
          "texture": "#0"
        },
        "south": {
          "uv": [
            14.75,
            10.5,
            14.875,
            11
          ],
          "texture": "#0"
        },
        "west": {
          "uv": [
            15.125,
            1.25,
            15.1875,
            1.75
          ],
          "texture": "#0"
        },
        "up": {
          "uv": [
            15.25,
            1,
            15.125,
            0.75
          ],
          "texture": "#0"
        },
        "down": {
          "uv": [
            12.5,
            12.5,
            12.375,
            12.75
          ],
          "texture": "#0"
        }
      }
    },
    {
      "from": [
        9,
        10,
        5
      ],
      "to": [
        10,
        15,
        6
      ],
      "faces": {
        "north": {
          "uv": [
            12.375,
            11,
            12.4375,
            12.25
          ],
          "texture": "#0"
        },
        "west": {
          "uv": [
            12.6875,
            11,
            12.75,
            12.25
          ],
          "texture": "#0"
        },
        "up": {
          "uv": [
            15.25,
            8.5,
            15.1875,
            8.25
          ],
          "texture": "#0"
        }
      }
    },
    {
      "from": [
        6,
        10,
        5
      ],
      "to": [
        7,
        15,
        6
      ],
      "faces": {
        "north": {
          "uv": [
            12.75,
            11,
            12.8125,
            12.25
          ],
          "texture": "#0"
        },
        "east": {
          "uv": [
            12.8125,
            11,
            12.875,
            12.25
          ],
          "texture": "#0"
        },
        "up": {
          "uv": [
            14.25,
            13,
            14.1875,
            12.75
          ],
          "texture": "#0"
        }
      }
    },
    {
      "from": [
        10,
        10,
        5
      ],
      "to": [
        11,
        13,
        6
      ],
      "faces": {
        "north": {
          "uv": [
            14.375,
            5.5,
            14.4375,
            6.25
          ],
          "texture": "#0"
        },
        "east": {
          "uv": [
            13.875,
            11.75,
            13.9375,
            12.5
          ],
          "texture": "#0"
        }
      }
    },
    {
      "from": [
        5,
        10,
        5
      ],
      "to": [
        6,
        13,
        6
      ],
      "faces": {
        "north": {
          "uv": [
            13.625,
            12,
            13.6875,
            12.75
          ],
          "texture": "#0"
        },
        "west": {
          "uv": [
            15,
            9,
            15.0625,
            9.75
          ],
          "texture": "#0"
        }
      }
    },
    {
      "from": [
        12,
        8,
        10
      ],
      "to": [
        13,
        10,
        11
      ],
      "faces": {
        "east": {
          "uv": [
            12.6875,
            12.5,
            12.75,
            13
          ],
          "texture": "#0"
        },
        "south": {
          "uv": [
            12.75,
            12.5,
            12.8125,
            13
          ],
          "texture": "#0"
        },
        "up": {
          "uv": [
            14.4375,
            13,
            14.375,
            12.75
          ],
          "texture": "#0"
        },
        "down": {
          "uv": [
            15.25,
            9.5,
            15.1875,
            9.75
          ],
          "texture": "#0"
        }
      }
    },
    {
      "from": [
        12,
        8,
        6
      ],
      "to": [
        13,
        10,
        7
      ],
      "faces": {
        "north": {
          "uv": [
            12.875,
            12.5,
            12.9375,
            13
          ],
          "texture": "#0"
        },
        "east": {
          "uv": [
            13.0625,
            12.5,
            13.125,
            13
          ],
          "texture": "#0"
        },
        "up": {
          "uv": [
            14.5,
            13,
            14.4375,
            12.75
          ],
          "texture": "#0"
        },
        "down": {
          "uv": [
            15.25,
            9.75,
            15.1875,
            10
          ],
          "texture": "#0"
        }
      }
    },
    {
      "from": [
        3,
        8,
        6
      ],
      "to": [
        4,
        10,
        7
      ],
      "faces": {
        "north": {
          "uv": [
            13.25,
            12.5,
            13.3125,
            13
          ],
          "texture": "#0"
        },
        "west": {
          "uv": [
            13.4375,
            12.5,
            13.5,
            13
          ],
          "texture": "#0"
        },
        "up": {
          "uv": [
            14.5625,
            13,
            14.5,
            12.75
          ],
          "texture": "#0"
        },
        "down": {
          "uv": [
            15.25,
            10,
            15.1875,
            10.25
          ],
          "texture": "#0"
        }
      }
    },
    {
      "from": [
        3,
        8,
        10
      ],
      "to": [
        4,
        10,
        11
      ],
      "faces": {
        "south": {
          "uv": [
            13.75,
            12.5,
            13.8125,
            13
          ],
          "texture": "#0"
        },
        "west": {
          "uv": [
            13.875,
            12.5,
            13.9375,
            13
          ],
          "texture": "#0"
        },
        "up": {
          "uv": [
            14.625,
            13,
            14.5625,
            12.75
          ],
          "texture": "#0"
        },
        "down": {
          "uv": [
            15.25,
            10.25,
            15.1875,
            10.5
          ],
          "texture": "#0"
        }
      }
    },
    {
      "from": [
        2,
        8,
        7
      ],
      "to": [
        3,
        10,
        10
      ],
      "faces": {
        "north": {
          "uv": [
            13.9375,
            12.5,
            14,
            13
          ],
          "texture": "#0"
        },
        "south": {
          "uv": [
            14,
            12.5,
            14.0625,
            13
          ],
          "texture": "#0"
        },
        "west": {
          "uv": [
            14.125,
            10.5,
            14.3125,
            11
          ],
          "texture": "#0"
        },
        "up": {
          "uv": [
            14.375,
            12.75,
            14.3125,
            12
          ],
          "texture": "#0"
        },
        "down": {
          "uv": [
            14.4375,
            12,
            14.375,
            12.75
          ],
          "texture": "#0"
        }
      }
    },
    {
      "from": [
        13,
        8,
        7
      ],
      "to": [
        14,
        10,
        10
      ],
      "faces": {
        "north": {
          "uv": [
            14.0625,
            12.5,
            14.125,
            13
          ],
          "texture": "#0"
        },
        "east": {
          "uv": [
            14.6875,
            2.5,
            14.875,
            3
          ],
          "texture": "#0"
        },
        "south": {
          "uv": [
            14.125,
            12.5,
            14.1875,
            13
          ],
          "texture": "#0"
        },
        "up": {
          "uv": [
            14.5,
            12.75,
            14.4375,
            12
          ],
          "texture": "#0"
        },
        "down": {
          "uv": [
            14.5625,
            12,
            14.5,
            12.75
          ],
          "texture": "#0"
        }
      }
    },
    {
      "from": [
        4,
        8,
        11
      ],
      "to": [
        12,
        10,
        12
      ],
      "faces": {
        "east": {
          "uv": [
            15.125,
            10,
            15.1875,
            10.5
          ],
          "texture": "#0"
        },
        "south": {
          "uv": [
            14,
            5,
            14.5,
            5.5
          ],
          "texture": "#0"
        },
        "west": {
          "uv": [
            15.125,
            10.5,
            15.1875,
            11
          ],
          "texture": "#0"
        },
        "up": {
          "uv": [
            15.0625,
            4.75,
            14.5625,
            4.5
          ],
          "texture": "#0"
        },
        "down": {
          "uv": [
            15.0625,
            4.75,
            14.5625,
            5
          ],
          "texture": "#0"
        }
      }
    },
    {
      "from": [
        6,
        19,
        7
      ],
      "to": [
        10,
        20,
        9
      ],
      "faces": {
        "north": {
          "uv": [
            14.75,
            11,
            15,
            11.25
          ],
          "texture": "#0"
        },
        "south": {
          "uv": [
            14.8125,
            0,
            15.0625,
            0.25
          ],
          "texture": "#0"
        }
      }
    },
    {
      "from": [
        6,
        20,
        6
      ],
      "to": [
        10,
        24,
        10
      ],
      "faces": {
        "east": {
          "uv": [
            13.6875,
            8,
            13.9375,
            9
          ],
          "texture": "#0"
        },
        "south": {
          "uv": [
            13.9375,
            8.25,
            14.1875,
            9.25
          ],
          "texture": "#0"
        },
        "west": {
          "uv": [
            14.125,
            0,
            14.375,
            1
          ],
          "texture": "#0"
        },
        "down": {
          "uv": [
            13.1875,
            8.5,
            12.9375,
            9.5
          ],
          "texture": "#0"
        }
      }
    },
    {
      "from": [
        6,
        20,
        5
      ],
      "to": [
        10,
        25,
        6
      ],
      "faces": {
        "north": {
          "uv": [
            12.75,
            6.5,
            13,
            7.75
          ],
          "texture": "#0"
        },
        "east": {
          "uv": [
            13.75,
            11,
            13.8125,
            12.25
          ],
          "texture": "#0"
        },
        "west": {
          "uv": [
            13.9375,
            11,
            14,
            12.25
          ],
          "texture": "#0"
        },
        "down": {
          "uv": [
            15.0625,
            0.5,
            14.8125,
            0.75
          ],
          "texture": "#0"
        }
      }
    },
    {
      "from": [
        5,
        22,
        6
      ],
      "to": [
        6,
        24,
        7
      ],
      "faces": {
        "north": {
          "uv": [
            12,
            12.75,
            12.0625,
            13.25
          ],
          "texture": "#0"
        },
        "west": {
          "uv": [
            12.125,
            12.75,
            12.1875,
            13.25
          ],
          "texture": "#0"
        },
        "down": {
          "uv": [
            15.25,
            10.5,
            15.1875,
            10.75
          ],
          "texture": "#0"
        }
      }
    },
    {
      "from": [
        5,
        21,
        7
      ],
      "to": [
        6,
        24,
        10
      ],
      "faces": {
        "north": {
          "uv": [
            14.5625,
            12,
            14.625,
            12.75
          ],
          "texture": "#0"
        },
        "south": {
          "uv": [
            14.625,
            12,
            14.6875,
            12.75
          ],
          "texture": "#0"
        },
        "west": {
          "uv": [
            14.5625,
            0.75,
            14.75,
            1.5
          ],
          "texture": "#0"
        },
        "down": {
          "uv": [
            14.8125,
            12,
            14.75,
            12.75
          ],
          "texture": "#0"
        }
      }
    },
    {
      "from": [
        10,
        22,
        6
      ],
      "to": [
        11,
        24,
        7
      ],
      "faces": {
        "north": {
          "uv": [
            12.1875,
            12.75,
            12.25,
            13.25
          ],
          "texture": "#0"
        },
        "east": {
          "uv": [
            12.25,
            12.75,
            12.3125,
            13.25
          ],
          "texture": "#0"
        },
        "down": {
          "uv": [
            15.25,
            10.75,
            15.1875,
            11
          ],
          "texture": "#0"
        }
      }
    },
    {
      "from": [
        10,
        21,
        7
      ],
      "to": [
        11,
        24,
        10
      ],
      "faces": {
        "north": {
          "uv": [
            14.8125,
            12,
            14.875,
            12.75
          ],
          "texture": "#0"
        },
        "east": {
          "uv": [
            12.375,
            10.25,
            12.5625,
            11
          ],
          "texture": "#0"
        },
        "south": {
          "uv": [
            14.875,
            12,
            14.9375,
            12.75
          ],
          "texture": "#0"
        },
        "down": {
          "uv": [
            15.0625,
            12,
            15,
            12.75
          ],
          "texture": "#0"
        }
      }
    },
    {
      "from": [
        7,
        21,
        4
      ],
      "to": [
        9,
        23,
        5
      ],
      "faces": {
        "north": {
          "uv": [
            8,
            0,
            8.5,
            2
          ],
          "texture": "#0"
        },
        "east": {
          "uv": [
            8.5,
            0,
            8.75,
            2
          ],
          "texture": "#0"
        },
        "west": {
          "uv": [
            8.5,
            2,
            8.75,
            4
          ],
          "texture": "#0"
        },
        "up": {
          "uv": [
            9.25,
            1,
            8.75,
            0
          ],
          "texture": "#0"
        },
        "down": {
          "uv": [
            9.25,
            1,
            8.75,
            2
          ],
          "texture": "#0"
        }
      }
    },
    {
      "from": [
        5,
        24,
        6
      ],
      "to": [
        11,
        25,
        10
      ],
      "faces": {
        "east": {
          "uv": [
            14.8125,
            0.75,
            15.0625,
            1
          ],
          "texture": "#0"
        },
        "south": {
          "uv": [
            14.6875,
            3,
            15.0625,
            3.25
          ],
          "texture": "#0"
        },
        "west": {
          "uv": [
            14.8125,
            1,
            15.0625,
            1.25
          ],
          "texture": "#0"
        },
        "up": {
          "uv": [
            14,
            1.75,
            13.625,
            0.75
          ],
          "texture": "#0"
        }
      }
    },
    {
      "from": [
        5,
        26,
        6
      ],
      "to": [
        11,
        27,
        9
      ],
      "faces": {
        "north": {
          "uv": [
            14.6875,
            7,
            15.0625,
            7.25
          ],
          "texture": "#0"
        },
        "east": {
          "uv": [
            15,
            9.75,
            15.1875,
            10
          ],
          "texture": "#0"
        },
        "south": {
          "uv": [
            14.6875,
            7.25,
            15.0625,
            7.5
          ],
          "texture": "#0"
        },
        "west": {
          "uv": [
            15,
            11,
            15.1875,
            11.25
          ],
          "texture": "#0"
        },
        "up": {
          "uv": [
            14,
            5.75,
            13.625,
            5
          ],
          "texture": "#0"
        }
      }
    },
    {
      "from": [
        5,
        25,
        5
      ],
      "to": [
        11,
        26,
        9
      ],
      "faces": {
        "north": {
          "uv": [
            14.6875,
            7.5,
            15.0625,
            7.75
          ],
          "texture": "#0"
        },
        "east": {
          "uv": [
            14.8125,
            5.5,
            15.0625,
            5.75
          ],
          "texture": "#0"
        },
        "south": {
          "uv": [
            14.6875,
            7.75,
            15.0625,
            8
          ],
          "texture": "#0"
        },
        "west": {
          "uv": [
            14.8125,
            5.75,
            15.0625,
            6
          ],
          "texture": "#0"
        },
        "up": {
          "uv": [
            14,
            2.75,
            13.625,
            1.75
          ],
          "texture": "#0"
        }
      }
    },
    {
      "from": [
        6,
        27,
        5
      ],
      "to": [
        10,
        28,
        9
      ],
      "faces": {
        "north": {
          "uv": [
            14.75,
            11.25,
            15,
            11.5
          ],
          "texture": "#0"
        },
        "east": {
          "uv": [
            14.875,
            1.25,
            15.125,
            1.5
          ],
          "texture": "#0"
        },
        "south": {
          "uv": [
            14.875,
            1.5,
            15.125,
            1.75
          ],
          "texture": "#0"
        },
        "west": {
          "uv": [
            14.875,
            1.75,
            15.125,
            2
          ],
          "texture": "#0"
        },
        "up": {
          "uv": [
            13.4375,
            9.5,
            13.1875,
            8.5
          ],
          "texture": "#0"
        }
      }
    },
    {
      "from": [
        6,
        27,
        8
      ],
      "to": [
        8,
        29,
        10
      ],
      "rotation": {
        "axis": "y",
        "angle": 22.5,
        "origin": [
          0,
          0,
          0
        ]
      },
      "faces": {
        "north": {
          "uv": [
            12.9375,
            11.25,
            13.0625,
            11.75
          ],
          "texture": "#0"
        },
        "east": {
          "uv": [
            13.8125,
            11.25,
            13.9375,
            11.75
          ],
          "texture": "#0"
        },
        "south": {
          "uv": [
            14.875,
            2.5,
            15,
            3
          ],
          "texture": "#0"
        },
        "west": {
          "uv": [
            14.875,
            6,
            15,
            6.5
          ],
          "texture": "#0"
        },
        "up": {
          "uv": [
            15,
            7,
            14.875,
            6.5
          ],
          "texture": "#0"
        },
        "down": {
          "uv": [
            14.125,
            11.5,
            14,
            12
          ],
          "texture": "#0"
        }
      }
    },
    {
      "from": [
        7,
        29,
        8
      ],
      "to": [
        7,
        30,
        9
      ],
      "rotation": {
        "axis": "y",
        "angle": 22.5,
        "origin": [
          0,
          0,
          0
        ]
      },
      "faces": {
        "east": {
          "uv": [
            14.75,
            12.75,
            14.8125,
            13
          ],
          "texture": "#0"
        },
        "west": {
          "uv": [
            15.1875,
            11,
            15.25,
            11.25
          ],
          "texture": "#0"
        }
      }
    },
    {
      "from": [
        6,
        30,
        8
      ],
      "to": [
        7,
        31,
        9
      ],
      "rotation": {
        "axis": "y",
        "angle": 22.5,
        "origin": [
          0,
          0,
          0
        ]
      },
      "faces": {
        "north": {
          "uv": [
            14.8125,
            12.75,
            14.875,
            13
          ],
          "texture": "#0"
        },
        "east": {
          "uv": [
            14.875,
            12.75,
            14.9375,
            13
          ],
          "texture": "#0"
        },
        "south": {
          "uv": [
            15.1875,
            11.5,
            15.25,
            11.75
          ],
          "texture": "#0"
        },
        "west": {
          "uv": [
            14.9375,
            12.75,
            15,
            13
          ],
          "texture": "#0"
        },
        "up": {
          "uv": [
            15.25,
            12,
            15.1875,
            11.75
          ],
          "texture": "#0"
        },
        "down": {
          "uv": [
            15.0625,
            12.75,
            15,
            13
          ],
          "texture": "#0"
        }
      }
    },
    {
      "from": [
        6,
        25,
        4
      ],
      "to": [
        10,
        26,
        5
      ],
      "faces": {
        "north": {
          "uv": [
            14.875,
            2,
            15.125,
            2.25
          ],
          "texture": "#0"
        },
        "east": {
          "uv": [
            15.1875,
            12,
            15.25,
            12.25
          ],
          "texture": "#0"
        },
        "west": {
          "uv": [
            15.0625,
            12.75,
            15.125,
            13
          ],
          "texture": "#0"
        },
        "up": {
          "uv": [
            15.125,
            10.5,
            14.875,
            10.25
          ],
          "texture": "#0"
        },
        "down": {
          "uv": [
            15.125,
            10.5,
            14.875,
            10.75
          ],
          "texture": "#0"
        }
      }
    },
    {
      "from": [
        7,
        26,
        4
      ],
      "to": [
        9,
        27,
        5
      ],
      "faces": {
        "north": {
          "uv": [
            12.375,
            12.75,
            12.5,
            13
          ],
          "texture": "#0"
        },
        "east": {
          "uv": [
            15.1875,
            12.25,
            15.25,
            12.5
          ],
          "texture": "#0"
        },
        "west": {
          "uv": [
            15.125,
            12.75,
            15.1875,
            13
          ],
          "texture": "#0"
        },
        "up": {
          "uv": [
            15.3125,
            2,
            15.1875,
            1.75
          ],
          "texture": "#0"
        }
      }
    },
    {
      "from": [
        6,
        26,
        5
      ],
      "to": [
        10,
        27,
        6
      ],
      "faces": {
        "north": {
          "uv": [
            14.6875,
            11.5,
            14.9375,
            11.75
          ],
          "texture": "#0"
        },
        "east": {
          "uv": [
            15.1875,
            12.5,
            15.25,
            12.75
          ],
          "texture": "#0"
        },
        "west": {
          "uv": [
            15.1875,
            12.75,
            15.25,
            13
          ],
          "texture": "#0"
        }
      }
    },
    {
      "from": [
        5,
        23,
        10
      ],
      "to": [
        11,
        24,
        11
      ],
      "faces": {
        "east": {
          "uv": [
            15.25,
            0,
            15.3125,
            0.25
          ],
          "texture": "#0"
        },
        "south": {
          "uv": [
            14.6875,
            8.25,
            15.0625,
            8.5
          ],
          "texture": "#0"
        },
        "west": {
          "uv": [
            15.25,
            0.25,
            15.3125,
            0.5
          ],
          "texture": "#0"
        },
        "up": {
          "uv": [
            15.0625,
            8.75,
            14.6875,
            8.5
          ],
          "texture": "#0"
        },
        "down": {
          "uv": [
            15.0625,
            8.75,
            14.6875,
            9
          ],
          "texture": "#0"
        }
      }
    },
    {
      "from": [
        4,
        23,
        6
      ],
      "to": [
        5,
        24,
        10
      ],
      "faces": {
        "north": {
          "uv": [
            15.25,
            0.5,
            15.3125,
            0.75
          ],
          "texture": "#0"
        },
        "south": {
          "uv": [
            15.25,
            0.75,
            15.3125,
            1
          ],
          "texture": "#0"
        },
        "west": {
          "uv": [
            14.9375,
            11.75,
            15.1875,
            12
          ],
          "texture": "#0"
        },
        "up": {
          "uv": [
            13.125,
            12.25,
            13.0625,
            11.25
          ],
          "texture": "#0"
        },
        "down": {
          "uv": [
            13,
            11.75,
            12.9375,
            12.75
          ],
          "texture": "#0"
        }
      }
    },
    {
      "from": [
        11,
        23,
        6
      ],
      "to": [
        12,
        24,
        10
      ],
      "faces": {
        "north": {
          "uv": [
            15.25,
            1,
            15.3125,
            1.25
          ],
          "texture": "#0"
        },
        "east": {
          "uv": [
            15,
            2.5,
            15.25,
            2.75
          ],
          "texture": "#0"
        },
        "south": {
          "uv": [
            15.25,
            1.25,
            15.3125,
            1.5
          ],
          "texture": "#0"
        },
        "up": {
          "uv": [
            13.0625,
            12.75,
            13,
            11.75
          ],
          "texture": "#0"
        },
        "down": {
          "uv": [
            13.875,
            11.75,
            13.8125,
            12.75
          ],
          "texture": "#0"
        }
      }
    },
    {
      "from": [
        5,
        23,
        5
      ],
      "to": [
        6,
        25,
        6
      ],
      "faces": {
        "north": {
          "uv": [
            15.1875,
            2,
            15.25,
            2.5
          ],
          "texture": "#0"
        },
        "west": {
          "uv": [
            15.1875,
            3.75,
            15.25,
            4.25
          ],
          "texture": "#0"
        },
        "down": {
          "uv": [
            12.5,
            13,
            12.4375,
            13.25
          ],
          "texture": "#0"
        }
      }
    },
    {
      "from": [
        6,
        24,
        4
      ],
      "to": [
        7,
        25,
        5
      ],
      "faces": {
        "north": {
          "uv": [
            12.5,
            13,
            12.5625,
            13.25
          ],
          "texture": "#0"
        },
        "east": {
          "uv": [
            15.25,
            2,
            15.3125,
            2.25
          ],
          "texture": "#0"
        },
        "west": {
          "uv": [
            15.25,
            2.25,
            15.3125,
            2.5
          ],
          "texture": "#0"
        },
        "down": {
          "uv": [
            12.75,
            13,
            12.6875,
            13.25
          ],
          "texture": "#0"
        }
      }
    },
    {
      "from": [
        9,
        24,
        4
      ],
      "to": [
        10,
        25,
        5
      ],
      "faces": {
        "north": {
          "uv": [
            15.25,
            2.75,
            15.3125,
            3
          ],
          "texture": "#0"
        },
        "east": {
          "uv": [
            12.75,
            13,
            12.8125,
            13.25
          ],
          "texture": "#0"
        },
        "west": {
          "uv": [
            12.8125,
            13,
            12.875,
            13.25
          ],
          "texture": "#0"
        },
        "down": {
          "uv": [
            12.9375,
            13,
            12.875,
            13.25
          ],
          "texture": "#0"
        }
      }
    },
    {
      "from": [
        10,
        23,
        5
      ],
      "to": [
        11,
        25,
        6
      ],
      "faces": {
        "north": {
          "uv": [
            13,
            12.75,
            13.0625,
            13.25
          ],
          "texture": "#0"
        },
        "east": {
          "uv": [
            15.1875,
            4.25,
            15.25,
            4.75
          ],
          "texture": "#0"
        },
        "down": {
          "uv": [
            15.3125,
            3.75,
            15.25,
            4
          ],
          "texture": "#0"
        }
      }
    },
    {
      "from": [
        6,
        24,
        10
      ],
      "to": [
        10,
        25,
        11
      ],
      "faces": {
        "east": {
          "uv": [
            15.25,
            4,
            15.3125,
            4.25
          ],
          "texture": "#0"
        },
        "south": {
          "uv": [
            15,
            3.5,
            15.25,
            3.75
          ],
          "texture": "#0"
        },
        "west": {
          "uv": [
            13.0625,
            13,
            13.125,
            13.25
          ],
          "texture": "#0"
        },
        "up": {
          "uv": [
            13.375,
            12.25,
            13.125,
            12
          ],
          "texture": "#0"
        }
      }
    },
    {
      "from": [
        6,
        25,
        9
      ],
      "to": [
        10,
        26,
        10
      ],
      "faces": {
        "east": {
          "uv": [
            15.25,
            4.25,
            15.3125,
            4.5
          ],
          "texture": "#0"
        },
        "south": {
          "uv": [
            13.375,
            12,
            13.625,
            12.25
          ],
          "texture": "#0"
        },
        "west": {
          "uv": [
            13.125,
            13,
            13.1875,
            13.25
          ],
          "texture": "#0"
        },
        "up": {
          "uv": [
            15.25,
            6.25,
            15,
            6
          ],
          "texture": "#0"
        }
      }
    },
    {
      "from": [
        13.75,
        11,
        2
      ],
      "to": [
        14.25,
        17,
        2.5
      ],
      "faces": {
        "north": {
          "uv": [
            0,
            6,
            0.5,
            12
          ],
          "texture": "#0"
        },
        "east": {
          "uv": [
            0.5,
            6,
            1,
            12
          ],
          "texture": "#0"
        },
        "south": {
          "uv": [
            1,
            6,
            1.5,
            12
          ],
          "texture": "#0"
        },
        "west": {
          "uv": [
            1.5,
            6,
            2,
            12
          ],
          "texture": "#0"
        },
        "down": {
          "uv": [
            5.5,
            1,
            5,
            2
          ],
          "texture": "#0"
        }
      }
    },
    {
      "from": [
        11.75,
        16,
        2
      ],
      "to": [
        12.75,
        17,
        2.5
      ],
      "faces": {
        "north": {
          "uv": [
            5,
            2,
            5.5,
            3
          ],
          "texture": "#0"
        },
        "east": {
          "uv": [
            5,
            3,
            5.5,
            4
          ],
          "texture": "#0"
        },
        "south": {
          "uv": [
            5,
            4,
            5.5,
            5
          ],
          "texture": "#0"
        },
        "west": {
          "uv": [
            5,
            5,
            5.5,
            6
          ],
          "texture": "#0"
        },
        "down": {
          "uv": [
            4,
            10,
            3.5,
            11
          ],
          "texture": "#0"
        }
      }
    },
    {
      "from": [
        15.25,
        16,
        2
      ],
      "to": [
        16.25,
        17,
        2.5
      ],
      "faces": {
        "north": {
          "uv": [
            4,
            10,
            4.5,
            11
          ],
          "texture": "#0"
        },
        "east": {
          "uv": [
            4.5,
            10,
            5,
            11
          ],
          "texture": "#0"
        },
        "south": {
          "uv": [
            5,
            10,
            5.5,
            11
          ],
          "texture": "#0"
        },
        "west": {
          "uv": [
            5.5,
            0,
            6,
            1
          ],
          "texture": "#0"
        },
        "down": {
          "uv": [
            6,
            2,
            5.5,
            3
          ],
          "texture": "#0"
        }
      }
    },
    {
      "from": [
        11.75,
        17,
        2
      ],
      "to": [
        16.25,
        20,
        2.5
      ],
      "faces": {
        "north": {
          "uv": [
            0,
            0,
            2.5,
            3
          ],
          "texture": "#0"
        },
        "east": {
          "uv": [
            4.5,
            0,
            5,
            3
          ],
          "texture": "#0"
        },
        "south": {
          "uv": [
            0,
            3,
            2.5,
            6
          ],
          "texture": "#0"
        },
        "west": {
          "uv": [
            4.5,
            3,
            5,
            6
          ],
          "texture": "#0"
        },
        "up": {
          "uv": [
            4.5,
            7,
            2,
            6
          ],
          "texture": "#0"
        },
        "down": {
          "uv": [
            4.5,
            7,
            2,
            8
          ],
          "texture": "#0"
        }
      }
    },
    {
      "from": [
        12.25,
        17,
        1.5
      ],
      "to": [
        15.75,
        20,
        2
      ],
      "faces": {
        "north": {
          "uv": [
            2.5,
            0,
            4.5,
            3
          ],
          "texture": "#0"
        },
        "east": {
          "uv": [
            2,
            9,
            2.5,
            12
          ],
          "texture": "#0"
        },
        "west": {
          "uv": [
            2.5,
            9,
            3,
            12
          ],
          "texture": "#0"
        },
        "up": {
          "uv": [
            4,
            9,
            2,
            8
          ],
          "texture": "#0"
        },
        "down": {
          "uv": [
            6,
            8,
            4,
            9
          ],
          "texture": "#0"
        }
      }
    },
    {
      "from": [
        12.75,
        20,
        2
      ],
      "to": [
        15.25,
        21,
        2.5
      ],
      "faces": {
        "north": {
          "uv": [
            3,
            9,
            4.5,
            10
          ],
          "texture": "#0"
        },
        "east": {
          "uv": [
            5.5,
            3,
            6,
            4
          ],
          "texture": "#0"
        },
        "south": {
          "uv": [
            4.5,
            6,
            6,
            7
          ],
          "texture": "#0"
        },
        "west": {
          "uv": [
            5.5,
            4,
            6,
            5
          ],
          "texture": "#0"
        },
        "up": {
          "uv": [
            6,
            8,
            4.5,
            7
          ],
          "texture": "#0"
        }
      }
    }
  ],
  "display": {
    "head": {
      "translation": [
        0,
        -69,
        -1.5
      ],
      "scale": [
        2.5,
        2.5,
        2.5
      ]
    }
  },
  "groups": [
    {
      "name": "MINER",
      "origin": [
        8,
        8,
        8
      ],
      "color": 0,
      "children": [
        {
          "name": "JAMBES",
          "origin": [
            8,
            8,
            8
          ],
          "color": 0,
          "children": [
            0,
            {
              "name": "GAUCHE",
              "origin": [
                8,
                8,
                8
              ],
              "color": 0,
              "children": [
                1
              ]
            },
            {
              "name": "DROITE",
              "origin": [
                8,
                8,
                8
              ],
              "color": 0,
              "children": [
                2
              ]
            },
            {
              "name": "pantalon",
              "origin": [
                8,
                8,
                8
              ],
              "color": 0,
              "children": [
                3,
                4,
                5,
                6,
                7,
                8,
                9,
                10,
                11,
                12,
                13,
                14,
                15,
                16,
                17,
                18,
                19,
                20,
                21,
                22,
                23
              ]
            }
          ]
        },
        {
          "name": "CORPS",
          "origin": [
            8,
            8,
            8
          ],
          "color": 0,
          "children": [
            {
              "name": "BUSTE",
              "origin": [
                8,
                8,
                8
              ],
              "color": 0,
              "children": [
                24,
                25,
                26,
                27
              ]
            },
            {
              "name": "BRAS",
              "origin": [
                8,
                8,
                8
              ],
              "color": 0,
              "children": [
                {
                  "name": "GAUCHE",
                  "origin": [
                    8,
                    8,
                    8
                  ],
                  "color": 0,
                  "children": [
                    28,
                    29
                  ]
                },
                {
                  "name": "DROIT",
                  "origin": [
                    8,
                    8,
                    8
                  ],
                  "color": 0,
                  "children": []
                }
              ]
            },
            {
              "name": "CEINTURE+BRETELLES",
              "origin": [
                8,
                8,
                8
              ],
              "color": 0,
              "children": [
                30,
                31,
                32,
                33,
                34,
                35,
                36,
                37,
                38,
                39,
                40,
                41,
                42,
                43,
                44,
                45,
                46,
                47,
                48,
                49,
                50,
                51,
                52,
                53,
                54,
                55
              ]
            }
          ]
        },
        {
          "name": "TETE",
          "origin": [
            8,
            8,
            8
          ],
          "color": 0,
          "children": [
            {
              "name": "VISAGE",
              "origin": [
                8,
                8,
                8
              ],
              "color": 0,
              "children": [
                56,
                57,
                58,
                59,
                60,
                61,
                62,
                63
              ]
            },
            {
              "name": "CHAPEAU",
              "origin": [
                8,
                8,
                8
              ],
              "color": 0,
              "children": [
                64,
                65,
                66,
                67,
                68,
                69,
                70,
                71,
                72,
                73,
                74,
                75,
                76,
                77,
                78,
                79,
                80,
                81,
                82
              ]
            }
          ]
        },
        {
          "name": "PELLE",
          "origin": [
            8,
            8,
            8
          ],
          "color": 0,
          "children": [
            83,
            84,
            85,
            86,
            87,
            88
          ]
        }
      ]
    }
  ]
}
