{
	"type": "minecraft:notice",
	"title": [
		"",
		{
			"sprite": "crazy_adventure:item/dialog_sprite/manual",
			"shadow_color": [
				0,
				0,
				0,
				0
			],
			"atlas": "minecraft:items"
		},
		" ",
		{
			"translate": "crazy_adventure_manual",
			"underlined": true
		},
		" ",
		{
			"sprite": "crazy_adventure:item/dialog_sprite/manual",
			"shadow_color": [
				0,
				0,
				0,
				0
			],
			"atlas": "minecraft:items"
		}
	],
	"body": [
		{
			"type": "minecraft:plain_message",
			"contents": [
				{"text": "V   ","font": "crazy_adventure:manual","color": "white"},
				{"text": "\n   ","click_event": {"action": "show_dialog","dialog": "crazy_adventure:manual/page_43"},"hover_event": {"action": "show_text","value": [{"translate": "crazy_adventure.go_to_previous_page"}," (43)"]}},
				" ",
				{"text": "   ","click_event": {"action": "show_dialog","dialog": "crazy_adventure:manual/page_45"},"hover_event": {"action": "show_text","value": [{"translate": "crazy_adventure.go_to_next_page"}," (45)"]}},
				{"text": "\n   ","click_event": {"action": "show_dialog","dialog": "crazy_adventure:manual/page_43"},"hover_event": {"action": "show_text","value": [{"translate": "crazy_adventure.go_to_previous_page"}," (43)"]}},
				" ",
				{"text": "   ","click_event": {"action": "show_dialog","dialog": "crazy_adventure:manual/page_45"},"hover_event": {"action": "show_text","value": [{"translate": "crazy_adventure.go_to_next_page"}," (45)"]}}
			],
			"width": 400
		},
		{
			"type": "minecraft:plain_message",
			"contents": [
				{"text": "","font": "crazy_adventure:manual","color": "white","shadow_color": [0,0,0,0]},
				"\"$5\n\"",
				{"text": "$聥","hover_event": {"action": "show_item","id": "written_book","components": {"item_name": "Crazy Adventure Manual","item_model": "crazy_adventure:manual","lore": [["",{"text": "I","color": "white","italic": false,"font": "crazy_adventure:icons"},{"translate": "crazy_adventure.crazy","color": "green"},{"translate": "crazy_adventure.adventure","color": "gray"}]],"custom_data": {"crazy_adventure": {"manual": true},"smithed": {"ignore": {"functionality": true,"crafting": true}}}}},"click_event": {"action": "show_dialog","dialog": "crazy_adventure:manual/page_44"}},
				"U$  \n\"",
				{"text": "U$","hover_event": {"action": "show_item","id": "written_book","components": {"item_name": "Crazy Adventure Manual","item_model": "crazy_adventure:manual","lore": [["",{"text": "I","color": "white","italic": false,"font": "crazy_adventure:icons"},{"translate": "crazy_adventure.crazy","color": "green"},{"translate": "crazy_adventure.adventure","color": "gray"}]],"custom_data": {"crazy_adventure": {"manual": true},"smithed": {"ignore": {"functionality": true,"crafting": true}}}}},"click_event": {"action": "show_dialog","dialog": "crazy_adventure:manual/page_44"}},
				"U$U$",
				{"text": "$$聥","hover_event": {"action": "show_item","id": "written_book","components": {"item_name": "Crazy Adventure Manual","item_model": "crazy_adventure:manual","lore": [["",{"text": "I","color": "white","italic": false,"font": "crazy_adventure:icons"},{"translate": "crazy_adventure.crazy","color": "green"},{"translate": "crazy_adventure.adventure","color": "gray"}]],"custom_data": {"crazy_adventure": {"manual": true},"smithed": {"ignore": {"functionality": true,"crafting": true}}}}}},
				"#$\n\"U$U$U$",
				{"text": "U$","hover_event": {"action": "show_item","id": "written_book","components": {"item_name": "Crazy Adventure Manual","item_model": "crazy_adventure:manual","lore": [["",{"text": "I","color": "white","italic": false,"font": "crazy_adventure:icons"},{"translate": "crazy_adventure.crazy","color": "green"},{"translate": "crazy_adventure.adventure","color": "gray"}]],"custom_data": {"crazy_adventure": {"manual": true},"smithed": {"ignore": {"functionality": true,"crafting": true}}}}}},
				"#$\n\n\n",
				{"text": "1##","hover_event": {"action": "show_text","value": [{"translate": "crazy_adventure.what_a_wonderful_manual","color": "green"},{"translate": "crazy_adventure.obtainable_by_dropping_a_tnt_on_a_heavy_workbench","color": "gray"}]}},
				{"text": "2##","hover_event": {"action": "show_text","value": [{"text": ""},[{"text": "","font": "crazy_adventure:manual","color": "white"},"\"E\n","\"",{"text": "$聥"},"\n","\"",{"text": "U$"},"U$U$",{"text": "$$聥"},"\n\"","U$U$U$",{"text": "U$"},"\n","\n"],{"text": "\n- x1 ","color": "gray"},{"translate": "crazy_adventure_manual","color": "gray"}]}},
				{"text": "2##","hover_event": {"action": "show_text","value": [{"text": ""},[{"text": "","font": "crazy_adventure:manual","color": "white"},"\"E\n","\"",{"text": "$艻"},{"text": "$艼"},"\n","\"",{"text": "U$"},{"text": "U$"},"U$",{"text": "$$聥"},"\n\"","U$U$U$",{"text": "U$"},"\n","\n"],{"text": "\n- x1 ","color": "gray"},{"translate": "crazy_adventure.book","color": "gray"},{"text": "\n- x1 ","color": "gray"},{"translate": "crazy_adventure.tnt","color": "gray"}]}},
				{"text": "芀\n","hover_event": {"action": "show_text","value": [{"text": ""},[{"text": "","font": "crazy_adventure:manual","color": "white"},"\"F\n","\"","U$","U$","U$","\n","\"","U$","U$","U$","\n","\"",{"text": "$膠"},"U$",{"text": "$膠"},"\"\"",{"text": "$$聡"},"\n","\"",{"text": "U$"},"U$",{"text": "U$"},"\"\"",{"text": "U$"},"\n","\"",{"text": "$膠"},{"text": "$聥"},{"text": "$膠"},"\n","\"",{"text": "U$"},{"text": "U$"},{"text": "U$"},"\n"],{"text": "\n- x1 ","color": "gray"},{"translate": "crazy_adventure_manual","color": "gray"},{"text": "\n- x4 ","color": "gray"},{"translate": "crazy_adventure.yellow_wool","color": "gray"}]},"click_event": {"action": "show_dialog","dialog": "crazy_adventure:manual/page_42"}},
				{"text": "0##","hover_event": {"action": "show_text","value": [{"translate": "crazy_adventure.what_a_wonderful_manual","color": "green"},{"translate": "crazy_adventure.obtainable_by_dropping_a_tnt_on_a_heavy_workbench","color": "gray"}]}},
				{"text": "0##","hover_event": {"action": "show_text","value": [{"text": ""},[{"text": "","font": "crazy_adventure:manual","color": "white"},"\"E\n","\"",{"text": "$聥"},"\n","\"",{"text": "U$"},"U$U$",{"text": "$$聥"},"\n\"","U$U$U$",{"text": "U$"},"\n","\n"],{"text": "\n- x1 ","color": "gray"},{"translate": "crazy_adventure_manual","color": "gray"}]}},
				{"text": "0##","hover_event": {"action": "show_text","value": [{"text": ""},[{"text": "","font": "crazy_adventure:manual","color": "white"},"\"E\n","\"",{"text": "$艻"},{"text": "$艼"},"\n","\"",{"text": "U$"},{"text": "U$"},"U$",{"text": "$$聥"},"\n\"","U$U$U$",{"text": "U$"},"\n","\n"],{"text": "\n- x1 ","color": "gray"},{"translate": "crazy_adventure.book","color": "gray"},{"text": "\n- x1 ","color": "gray"},{"translate": "crazy_adventure.tnt","color": "gray"}]}},
				{"text": "0","hover_event": {"action": "show_text","value": [{"text": ""},[{"text": "","font": "crazy_adventure:manual","color": "white"},"\"F\n","\"","U$","U$","U$","\n","\"","U$","U$","U$","\n","\"",{"text": "$膠"},"U$",{"text": "$膠"},"\"\"",{"text": "$$聡"},"\n","\"",{"text": "U$"},"U$",{"text": "U$"},"\"\"",{"text": "U$"},"\n","\"",{"text": "$膠"},{"text": "$聥"},{"text": "$膠"},"\n","\"",{"text": "U$"},{"text": "U$"},{"text": "U$"},"\n"],{"text": "\n- x1 ","color": "gray"},{"translate": "crazy_adventure_manual","color": "gray"},{"text": "\n- x4 ","color": "gray"},{"translate": "crazy_adventure.yellow_wool","color": "gray"}]},"click_event": {"action": "show_dialog","dialog": "crazy_adventure:manual/page_42"}},
				"\n\n\n\n\n\n\n\n\n\n\n\n\n\n\n\n\n\n"
			],
			"width": 140
		}
	]
}
