{
	"type": "minecraft:notice",
	"title": [
		"",
		{
			"sprite": "crazy_adventure:item/dialog_sprite/uranium_core",
			"shadow_color": [
				0,
				0,
				0,
				0
			],
			"atlas": "minecraft:items"
		},
		" ",
		{
			"translate": "crazy_adventure.uranium_core",
			"underlined": true
		},
		" ",
		{
			"sprite": "crazy_adventure:item/dialog_sprite/uranium_core",
			"shadow_color": [
				0,
				0,
				0,
				0
			],
			"atlas": "minecraft:items"
		}
	],
	"body": [
		{
			"type": "minecraft:plain_message",
			"contents": [
				{"text": "V   ","font": "crazy_adventure:manual","color": "white"},
				{"text": "\n   ","click_event": {"action": "show_dialog","dialog": "crazy_adventure:manual/page_17"},"hover_event": {"action": "show_text","value": [{"translate": "crazy_adventure.go_to_previous_page"}," (17)"]}},
				" ",
				{"text": "   ","click_event": {"action": "show_dialog","dialog": "crazy_adventure:manual/page_19"},"hover_event": {"action": "show_text","value": [{"translate": "crazy_adventure.go_to_next_page"}," (19)"]}},
				{"text": "\n   ","click_event": {"action": "show_dialog","dialog": "crazy_adventure:manual/page_17"},"hover_event": {"action": "show_text","value": [{"translate": "crazy_adventure.go_to_previous_page"}," (17)"]}},
				" ",
				{"text": "   ","click_event": {"action": "show_dialog","dialog": "crazy_adventure:manual/page_19"},"hover_event": {"action": "show_text","value": [{"translate": "crazy_adventure.go_to_next_page"}," (19)"]}}
			],
			"width": 400
		},
		{
			"type": "minecraft:plain_message",
			"contents": [
				{"text": "","font": "crazy_adventure:manual","color": "white","shadow_color": [0,0,0,0]},
				"\"$6\n\"U$",
				{"text": "$耡","hover_event": {"action": "show_item","id": "command_block","components": {"custom_data": {"smithed": {"dict": {"ingot": {"uranium": true}},"ignore": {"functionality": true,"crafting": true}},"crazy_adventure": {"uranium_ingot": true}},"item_model": "crazy_adventure:uranium_ingot","item_name": {"translate": "crazy_adventure.uranium_ingot"},"lore": [["",{"text": "I","color": "white","italic": false,"font": "crazy_adventure:icons"},{"translate": "crazy_adventure.crazy","color": "green"},{"translate": "crazy_adventure.adventure","color": "gray"}]]}},"click_event": {"action": "show_dialog","dialog": "crazy_adventure:manual/page_8"}},
				"U$  \n\"U$",
				{"text": "U$","hover_event": {"action": "show_item","id": "command_block","components": {"custom_data": {"smithed": {"dict": {"ingot": {"uranium": true}},"ignore": {"functionality": true,"crafting": true}},"crazy_adventure": {"uranium_ingot": true}},"item_model": "crazy_adventure:uranium_ingot","item_name": {"translate": "crazy_adventure.uranium_ingot"},"lore": [["",{"text": "I","color": "white","italic": false,"font": "crazy_adventure:icons"},{"translate": "crazy_adventure.crazy","color": "green"},{"translate": "crazy_adventure.adventure","color": "gray"}]]}},"click_event": {"action": "show_dialog","dialog": "crazy_adventure:manual/page_8"}},
				"U$  \n\"",
				{"text": "$耡","hover_event": {"action": "show_item","id": "command_block","components": {"custom_data": {"smithed": {"dict": {"ingot": {"uranium": true}},"ignore": {"functionality": true,"crafting": true}},"crazy_adventure": {"uranium_ingot": true}},"item_model": "crazy_adventure:uranium_ingot","item_name": {"translate": "crazy_adventure.uranium_ingot"},"lore": [["",{"text": "I","color": "white","italic": false,"font": "crazy_adventure:icons"},{"translate": "crazy_adventure.crazy","color": "green"},{"translate": "crazy_adventure.adventure","color": "gray"}]]}},"click_event": {"action": "show_dialog","dialog": "crazy_adventure:manual/page_8"}},
				{"text": "$肹","hover_event": {"action": "show_item","id": "minecraft:iron_block","components": {}}},
				{"text": "$耡","hover_event": {"action": "show_item","id": "command_block","components": {"custom_data": {"smithed": {"dict": {"ingot": {"uranium": true}},"ignore": {"functionality": true,"crafting": true}},"crazy_adventure": {"uranium_ingot": true}},"item_model": "crazy_adventure:uranium_ingot","item_name": {"translate": "crazy_adventure.uranium_ingot"},"lore": [["",{"text": "I","color": "white","italic": false,"font": "crazy_adventure:icons"},{"translate": "crazy_adventure.crazy","color": "green"},{"translate": "crazy_adventure.adventure","color": "gray"}]]}},"click_event": {"action": "show_dialog","dialog": "crazy_adventure:manual/page_8"}},
				"\"\"",
				{"text": "$$耵","hover_event": {"action": "show_item","id": "command_block","components": {"tooltip_display": {"hidden_components": ["minecraft:unbreakable"]},"item_model": "crazy_adventure:uranium_core","item_name": {"translate": "crazy_adventure.uranium_core"},"lore": [["",{"text": "I","color": "white","italic": false,"font": "crazy_adventure:icons"},{"translate": "crazy_adventure.crazy","color": "green"},{"translate": "crazy_adventure.adventure","color": "gray"}]],"custom_data": {"crazy_adventure": {"uranium_core": true},"smithed": {"ignore": {"functionality": true,"crafting": true}}}}}},
				"#$\n\"",
				{"text": "U$","hover_event": {"action": "show_item","id": "command_block","components": {"custom_data": {"smithed": {"dict": {"ingot": {"uranium": true}},"ignore": {"functionality": true,"crafting": true}},"crazy_adventure": {"uranium_ingot": true}},"item_model": "crazy_adventure:uranium_ingot","item_name": {"translate": "crazy_adventure.uranium_ingot"},"lore": [["",{"text": "I","color": "white","italic": false,"font": "crazy_adventure:icons"},{"translate": "crazy_adventure.crazy","color": "green"},{"translate": "crazy_adventure.adventure","color": "gray"}]]}},"click_event": {"action": "show_dialog","dialog": "crazy_adventure:manual/page_8"}},
				{"text": "U$","hover_event": {"action": "show_item","id": "minecraft:iron_block","components": {}}},
				{"text": "U$","hover_event": {"action": "show_item","id": "command_block","components": {"custom_data": {"smithed": {"dict": {"ingot": {"uranium": true}},"ignore": {"functionality": true,"crafting": true}},"crazy_adventure": {"uranium_ingot": true}},"item_model": "crazy_adventure:uranium_ingot","item_name": {"translate": "crazy_adventure.uranium_ingot"},"lore": [["",{"text": "I","color": "white","italic": false,"font": "crazy_adventure:icons"},{"translate": "crazy_adventure.crazy","color": "green"},{"translate": "crazy_adventure.adventure","color": "gray"}]]}},"click_event": {"action": "show_dialog","dialog": "crazy_adventure:manual/page_8"}},
				"\"\"",
				{"text": "U$","hover_event": {"action": "show_item","id": "command_block","components": {"tooltip_display": {"hidden_components": ["minecraft:unbreakable"]},"item_model": "crazy_adventure:uranium_core","item_name": {"translate": "crazy_adventure.uranium_core"},"lore": [["",{"text": "I","color": "white","italic": false,"font": "crazy_adventure:icons"},{"translate": "crazy_adventure.crazy","color": "green"},{"translate": "crazy_adventure.adventure","color": "gray"}]],"custom_data": {"crazy_adventure": {"uranium_core": true},"smithed": {"ignore": {"functionality": true,"crafting": true}}}}}},
				"#$\n\"U$",
				{"text": "$耡","hover_event": {"action": "show_item","id": "command_block","components": {"custom_data": {"smithed": {"dict": {"ingot": {"uranium": true}},"ignore": {"functionality": true,"crafting": true}},"crazy_adventure": {"uranium_ingot": true}},"item_model": "crazy_adventure:uranium_ingot","item_name": {"translate": "crazy_adventure.uranium_ingot"},"lore": [["",{"text": "I","color": "white","italic": false,"font": "crazy_adventure:icons"},{"translate": "crazy_adventure.crazy","color": "green"},{"translate": "crazy_adventure.adventure","color": "gray"}]]}},"click_event": {"action": "show_dialog","dialog": "crazy_adventure:manual/page_8"}},
				"U$  \n\"U$",
				{"text": "U$","hover_event": {"action": "show_item","id": "command_block","components": {"custom_data": {"smithed": {"dict": {"ingot": {"uranium": true}},"ignore": {"functionality": true,"crafting": true}},"crazy_adventure": {"uranium_ingot": true}},"item_model": "crazy_adventure:uranium_ingot","item_name": {"translate": "crazy_adventure.uranium_ingot"},"lore": [["",{"text": "I","color": "white","italic": false,"font": "crazy_adventure:icons"},{"translate": "crazy_adventure.crazy","color": "green"},{"translate": "crazy_adventure.adventure","color": "gray"}]]}},"click_event": {"action": "show_dialog","dialog": "crazy_adventure:manual/page_8"}},
				"U$  \n\n",
				{"text": "1##","hover_event": {"action": "show_text","value": [{"translate": "crazy_adventure.very_interesting_right","color": "green"},{"translate": "crazy_adventure.used_to_craft_a_lot_of_things","color": "gray"}]}},
				{"text": "2##","hover_event": {"action": "show_text","value": [{"text": ""},[{"text": "","font": "crazy_adventure:manual","color": "white"},"\"F\n","\"","U$",{"text": "$耡"},"U$","\n","\"","U$",{"text": "U$"},"U$","\n","\"",{"text": "$耡"},{"text": "$肹"},{"text": "$耡"},"\"\"",{"text": "$$耵"},"\n","\"",{"text": "U$"},{"text": "U$"},{"text": "U$"},"\"\"",{"text": "U$"},"\n","\"","U$",{"text": "$耡"},"U$","\n","\"","U$",{"text": "U$"},"U$","\n"],{"text": "\n- x4 ","color": "gray"},{"translate": "crazy_adventure.uranium_ingot","color": "gray"},{"text": "\n- x1 ","color": "gray"},{"translate": "crazy_adventure.iron_block","color": "gray"}]}},
				{"text": "腸##","hover_event": {"action": "show_text","value": [{"text": ""},[{"text": "","font": "crazy_adventure:manual","color": "white"},"\"F\n","\"","U$",{"text": "$耫"},"U$","\n","\"","U$",{"text": "U$"},"U$","\n","\"",{"text": "$耫"},{"text": "$耵"},{"text": "$耫"},"\"\"",{"text": "$$耿"},"\n","\"",{"text": "U$"},{"text": "U$"},{"text": "U$"},"\"\"",{"text": "U$"},"\n","\"","U$",{"text": "$耫"},"U$","\n","\"","U$",{"text": "U$"},"U$","\n"],{"text": "\n- x4 ","color": "gray"},{"translate": "crazy_adventure.californium_ingot","color": "gray"},{"text": "\n- x1 ","color": "gray"},{"translate": "crazy_adventure.uranium_core","color": "gray"}]},"click_event": {"action": "show_dialog","dialog": "crazy_adventure:manual/page_23"}},
				{"text": "腽##","hover_event": {"action": "show_text","value": [{"text": ""},[{"text": "","font": "crazy_adventure:manual","color": "white"},"\"F\n","\"",{"text": "$胄"},{"text": "$耵"},{"text": "$胄"},"\n","\"",{"text": "U$"},{"text": "U$"},{"text": "U$"},"\n","\"",{"text": "$耵"},{"text": "$聭"},{"text": "$耵"},"\"\"",{"text": "$$聯"},"\n","\"",{"text": "U$"},{"text": "U$"},{"text": "U$"},"\"\"",{"text": "U$"},"\n","\"",{"text": "$胄"},{"text": "$耵"},{"text": "$胄"},"\n","\"",{"text": "U$"},{"text": "U$"},{"text": "U$"},"\n"],{"text": "\n- x4 ","color": "gray"},{"translate": "crazy_adventure.uranium_core","color": "gray"},{"text": "\n- x1 ","color": "gray"},{"translate": "crazy_adventure.nuclear_reactor","color": "gray"},{"text": "\n- x4 ","color": "gray"},{"translate": "crazy_adventure.exposed_copper","color": "gray"}]},"click_event": {"action": "show_dialog","dialog": "crazy_adventure:manual/page_47"}},
				{"text": "膃##","hover_event": {"action": "show_text","value": [{"text": ""},[{"text": "","font": "crazy_adventure:manual","color": "white"},"\"F\n","\"",{"text": "$耹"},{"text": "$耵"},{"text": "$耹"},"\n","\"",{"text": "U$"},{"text": "U$"},{"text": "U$"},"\n","\"",{"text": "$耹"},{"text": "$膁"},{"text": "$耹"},"\"\"",{"text": "$$聵"},"\n","\"",{"text": "U$"},{"text": "U$"},{"text": "U$"},"\"\"",{"text": "U$"},"\n","\"",{"text": "$膂"},{"text": "$膂"},{"text": "$膂"},"\n","\"",{"text": "U$"},{"text": "U$"},{"text": "U$"},"\n"],{"text": "\n- x4 ","color": "gray"},{"translate": "crazy_adventure.uranium_waste_barrel","color": "gray"},{"text": "\n- x1 ","color": "gray"},{"translate": "crazy_adventure.uranium_core","color": "gray"},{"text": "\n- x1 ","color": "gray"},{"translate": "crazy_adventure.bow","color": "gray"},{"text": "\n- x3 ","color": "gray"},{"translate": "crazy_adventure.coal_block","color": "gray"}]},"click_event": {"action": "show_dialog","dialog": "crazy_adventure:manual/page_50"}},
				{"text": "膉\n","hover_event": {"action": "show_text","value": [{"text": ""},[{"text": "","font": "crazy_adventure:manual","color": "white"},"\"F\n","\"",{"text": "$耵"},{"text": "$膆"},{"text": "$耵"},"\n","\"",{"text": "U$"},{"text": "U$"},{"text": "U$"},"\n","\"",{"text": "$耵"},{"text": "$聻"},{"text": "$耵"},"\"\"",{"text": "$$聽"},"\n","\"",{"text": "U$"},{"text": "U$"},{"text": "U$"},"\"\"",{"text": "U$"},"\n","\"",{"text": "$脸"},{"text": "$脸"},{"text": "$脸"},"\n","\"",{"text": "U$"},{"text": "U$"},{"text": "U$"},"\n"],{"text": "\n- x4 ","color": "gray"},{"translate": "crazy_adventure.uranium_core","color": "gray"},{"text": "\n- x1 ","color": "gray"},{"translate": "crazy_adventure.iron_pickaxe","color": "gray"},{"text": "\n- x1 ","color": "gray"},{"translate": "crazy_adventure.ore_extractor_2","color": "gray"},{"text": "\n- x3 ","color": "gray"},{"translate": "crazy_adventure.weathered_copper","color": "gray"}]},"click_event": {"action": "show_dialog","dialog": "crazy_adventure:manual/page_54"}},
				{"text": "0##","hover_event": {"action": "show_text","value": [{"translate": "crazy_adventure.very_interesting_right","color": "green"},{"translate": "crazy_adventure.used_to_craft_a_lot_of_things","color": "gray"}]}},
				{"text": "0##","hover_event": {"action": "show_text","value": [{"text": ""},[{"text": "","font": "crazy_adventure:manual","color": "white"},"\"F\n","\"","U$",{"text": "$耡"},"U$","\n","\"","U$",{"text": "U$"},"U$","\n","\"",{"text": "$耡"},{"text": "$肹"},{"text": "$耡"},"\"\"",{"text": "$$耵"},"\n","\"",{"text": "U$"},{"text": "U$"},{"text": "U$"},"\"\"",{"text": "U$"},"\n","\"","U$",{"text": "$耡"},"U$","\n","\"","U$",{"text": "U$"},"U$","\n"],{"text": "\n- x4 ","color": "gray"},{"translate": "crazy_adventure.uranium_ingot","color": "gray"},{"text": "\n- x1 ","color": "gray"},{"translate": "crazy_adventure.iron_block","color": "gray"}]}},
				{"text": "0##","hover_event": {"action": "show_text","value": [{"text": ""},[{"text": "","font": "crazy_adventure:manual","color": "white"},"\"F\n","\"","U$",{"text": "$耫"},"U$","\n","\"","U$",{"text": "U$"},"U$","\n","\"",{"text": "$耫"},{"text": "$耵"},{"text": "$耫"},"\"\"",{"text": "$$耿"},"\n","\"",{"text": "U$"},{"text": "U$"},{"text": "U$"},"\"\"",{"text": "U$"},"\n","\"","U$",{"text": "$耫"},"U$","\n","\"","U$",{"text": "U$"},"U$","\n"],{"text": "\n- x4 ","color": "gray"},{"translate": "crazy_adventure.californium_ingot","color": "gray"},{"text": "\n- x1 ","color": "gray"},{"translate": "crazy_adventure.uranium_core","color": "gray"}]},"click_event": {"action": "show_dialog","dialog": "crazy_adventure:manual/page_23"}},
				{"text": "0##","hover_event": {"action": "show_text","value": [{"text": ""},[{"text": "","font": "crazy_adventure:manual","color": "white"},"\"F\n","\"",{"text": "$胄"},{"text": "$耵"},{"text": "$胄"},"\n","\"",{"text": "U$"},{"text": "U$"},{"text": "U$"},"\n","\"",{"text": "$耵"},{"text": "$聭"},{"text": "$耵"},"\"\"",{"text": "$$聯"},"\n","\"",{"text": "U$"},{"text": "U$"},{"text": "U$"},"\"\"",{"text": "U$"},"\n","\"",{"text": "$胄"},{"text": "$耵"},{"text": "$胄"},"\n","\"",{"text": "U$"},{"text": "U$"},{"text": "U$"},"\n"],{"text": "\n- x4 ","color": "gray"},{"translate": "crazy_adventure.uranium_core","color": "gray"},{"text": "\n- x1 ","color": "gray"},{"translate": "crazy_adventure.nuclear_reactor","color": "gray"},{"text": "\n- x4 ","color": "gray"},{"translate": "crazy_adventure.exposed_copper","color": "gray"}]},"click_event": {"action": "show_dialog","dialog": "crazy_adventure:manual/page_47"}},
				{"text": "0##","hover_event": {"action": "show_text","value": [{"text": ""},[{"text": "","font": "crazy_adventure:manual","color": "white"},"\"F\n","\"",{"text": "$耹"},{"text": "$耵"},{"text": "$耹"},"\n","\"",{"text": "U$"},{"text": "U$"},{"text": "U$"},"\n","\"",{"text": "$耹"},{"text": "$膁"},{"text": "$耹"},"\"\"",{"text": "$$聵"},"\n","\"",{"text": "U$"},{"text": "U$"},{"text": "U$"},"\"\"",{"text": "U$"},"\n","\"",{"text": "$膂"},{"text": "$膂"},{"text": "$膂"},"\n","\"",{"text": "U$"},{"text": "U$"},{"text": "U$"},"\n"],{"text": "\n- x4 ","color": "gray"},{"translate": "crazy_adventure.uranium_waste_barrel","color": "gray"},{"text": "\n- x1 ","color": "gray"},{"translate": "crazy_adventure.uranium_core","color": "gray"},{"text": "\n- x1 ","color": "gray"},{"translate": "crazy_adventure.bow","color": "gray"},{"text": "\n- x3 ","color": "gray"},{"translate": "crazy_adventure.coal_block","color": "gray"}]},"click_event": {"action": "show_dialog","dialog": "crazy_adventure:manual/page_50"}},
				{"text": "0","hover_event": {"action": "show_text","value": [{"text": ""},[{"text": "","font": "crazy_adventure:manual","color": "white"},"\"F\n","\"",{"text": "$耵"},{"text": "$膆"},{"text": "$耵"},"\n","\"",{"text": "U$"},{"text": "U$"},{"text": "U$"},"\n","\"",{"text": "$耵"},{"text": "$聻"},{"text": "$耵"},"\"\"",{"text": "$$聽"},"\n","\"",{"text": "U$"},{"text": "U$"},{"text": "U$"},"\"\"",{"text": "U$"},"\n","\"",{"text": "$脸"},{"text": "$脸"},{"text": "$脸"},"\n","\"",{"text": "U$"},{"text": "U$"},{"text": "U$"},"\n"],{"text": "\n- x4 ","color": "gray"},{"translate": "crazy_adventure.uranium_core","color": "gray"},{"text": "\n- x1 ","color": "gray"},{"translate": "crazy_adventure.iron_pickaxe","color": "gray"},{"text": "\n- x1 ","color": "gray"},{"translate": "crazy_adventure.ore_extractor_2","color": "gray"},{"text": "\n- x3 ","color": "gray"},{"translate": "crazy_adventure.weathered_copper","color": "gray"}]},"click_event": {"action": "show_dialog","dialog": "crazy_adventure:manual/page_54"}},
				"\n\n\n\n\n\n\n\n\n\n\n\n\n\n\n\n"
			],
			"width": 140
		}
	]
}
