{
	"type": "minecraft:notice",
	"title": [
		"",
		{
			"sprite": "crazy_adventure:item/dialog_sprite/ore_extractor_1",
			"shadow_color": [
				0,
				0,
				0,
				0
			],
			"atlas": "minecraft:items"
		},
		" ",
		{
			"translate": "crazy_adventure.ore_extractor_1",
			"underlined": true
		},
		" ",
		{
			"sprite": "crazy_adventure:item/dialog_sprite/ore_extractor_1",
			"shadow_color": [
				0,
				0,
				0,
				0
			],
			"atlas": "minecraft:items"
		}
	],
	"body": [
		{
			"type": "minecraft:plain_message",
			"contents": [
				{"text": "V   ","font": "crazy_adventure:manual","color": "white"},
				{"text": "\n   ","click_event": {"action": "show_dialog","dialog": "crazy_adventure:manual/page_62"},"hover_event": {"action": "show_text","value": [{"translate": "crazy_adventure.go_to_previous_page"}," (62)"]}},
				" ",
				{"text": "   ","click_event": {"action": "show_dialog","dialog": "crazy_adventure:manual/page_64"},"hover_event": {"action": "show_text","value": [{"translate": "crazy_adventure.go_to_next_page"}," (64)"]}},
				{"text": "\n   ","click_event": {"action": "show_dialog","dialog": "crazy_adventure:manual/page_62"},"hover_event": {"action": "show_text","value": [{"translate": "crazy_adventure.go_to_previous_page"}," (62)"]}},
				" ",
				{"text": "   ","click_event": {"action": "show_dialog","dialog": "crazy_adventure:manual/page_64"},"hover_event": {"action": "show_text","value": [{"translate": "crazy_adventure.go_to_next_page"}," (64)"]}}
			],
			"width": 400
		},
		{
			"type": "minecraft:plain_message",
			"contents": [
				{"text": "","font": "crazy_adventure:manual","color": "white","shadow_color": [0,0,0,0]},
				"\"$6\n\"",
				{"text": "$胧","hover_event": {"action": "show_item","id": "minecraft:iron_block","components": {}}},
				{"text": "$莓","hover_event": {"action": "show_item","id": "minecraft:gold_block","components": {}}},
				{"text": "$胧","hover_event": {"action": "show_item","id": "minecraft:iron_block","components": {}}},
				"  \n\"",
				{"text": "U$","hover_event": {"action": "show_item","id": "minecraft:iron_block","components": {}}},
				{"text": "U$","hover_event": {"action": "show_item","id": "minecraft:gold_block","components": {}}},
				{"text": "U$","hover_event": {"action": "show_item","id": "minecraft:iron_block","components": {}}},
				"  \n\"",
				{"text": "$芠","hover_event": {"action": "show_item","id": "minecraft:coal_block","components": {}}},
				{"text": "$莕","hover_event": {"action": "show_item","id": "minecraft:wooden_pickaxe","components": {}}},
				{"text": "$芠","hover_event": {"action": "show_item","id": "minecraft:coal_block","components": {}}},
				"\"\"",
				{"text": "$$肋","hover_event": {"action": "show_item","id": "furnace","components": {"custom_data": {"energy": {"usage": 30,"max_storage": 600},"crazy_adventure": {"ore_extractor_1": true},"smithed": {"ignore": {"functionality": true,"crafting": true}}},"item_model": "crazy_adventure:ore_extractor_1","item_name": {"translate": "crazy_adventure.ore_extractor_1"},"lore": [["",{"text": "I","color": "white","italic": false,"font": "crazy_adventure:icons"},{"translate": "crazy_adventure.crazy","color": "green"},{"translate": "crazy_adventure.adventure","color": "gray"}]],"container": [{"slot": 0,"item": {"id": "minecraft:stone","count": 1,"components": {"minecraft:custom_data": {"smithed": {"block": {"id": "crazy_adventure:ore_extractor_1","from": "crazy_adventure"}}}}}}],"tooltip_display": {"hidden_components": ["minecraft:container"]}}}},
				"#$\n\"",
				{"text": "U$","hover_event": {"action": "show_item","id": "minecraft:coal_block","components": {}}},
				{"text": "U$","hover_event": {"action": "show_item","id": "minecraft:wooden_pickaxe","components": {}}},
				{"text": "U$","hover_event": {"action": "show_item","id": "minecraft:coal_block","components": {}}},
				"\"\"",
				{"text": "U$","hover_event": {"action": "show_item","id": "furnace","components": {"custom_data": {"energy": {"usage": 30,"max_storage": 600},"crazy_adventure": {"ore_extractor_1": true},"smithed": {"ignore": {"functionality": true,"crafting": true}}},"item_model": "crazy_adventure:ore_extractor_1","item_name": {"translate": "crazy_adventure.ore_extractor_1"},"lore": [["",{"text": "I","color": "white","italic": false,"font": "crazy_adventure:icons"},{"translate": "crazy_adventure.crazy","color": "green"},{"translate": "crazy_adventure.adventure","color": "gray"}]],"container": [{"slot": 0,"item": {"id": "minecraft:stone","count": 1,"components": {"minecraft:custom_data": {"smithed": {"block": {"id": "crazy_adventure:ore_extractor_1","from": "crazy_adventure"}}}}}}],"tooltip_display": {"hidden_components": ["minecraft:container"]}}}},
				"#$\n\"",
				{"text": "$胬$胬$胬","hover_event": {"action": "show_item","id": "minecraft:copper_block","components": {}}},
				"  \n\"",
				{"translate": "crazy_adventure.uuu","hover_event": {"action": "show_item","id": "minecraft:copper_block","components": {}}},
				"  \n\n",
				{"text": "1##","hover_event": {"action": "show_text","value": [{"translate": "crazy_adventure.its_a_cool_extractor_you_got","color": "green"},{"translate": "crazy_adventure.generate_ores_from_nowhere","color": "gray"},{"translate": "crazy_adventure.is_it_science_no_its_magic","color": "gray"}]}},
				{"text": "2##","hover_event": {"action": "show_text","value": [{"text": ""},[{"text": "","font": "crazy_adventure:manual","color": "white"},"\"F\n","\"",{"text": "$胧"},{"text": "$莓"},{"text": "$胧"},"\n","\"",{"text": "U$"},{"text": "U$"},{"text": "U$"},"\n","\"",{"text": "$芠"},{"text": "$莕"},{"text": "$芠"},"\"\"",{"text": "$$肋"},"\n","\"",{"text": "U$"},{"text": "U$"},{"text": "U$"},"\"\"",{"text": "U$"},"\n","\"",{"text": "$胬"},{"text": "$胬"},{"text": "$胬"},"\n","\"",{"text": "U$"},{"text": "U$"},{"text": "U$"},"\n"],{"text": "\n- x2 ","color": "gray"},{"translate": "crazy_adventure.iron_block","color": "gray"},{"text": "\n- x1 ","color": "gray"},{"translate": "crazy_adventure.gold_block","color": "gray"},{"text": "\n- x2 ","color": "gray"},{"translate": "crazy_adventure.coal_block","color": "gray"},{"text": "\n- x1 ","color": "gray"},{"translate": "crazy_adventure.wooden_pickaxe","color": "gray"},{"text": "\n- x3 ","color": "gray"},{"translate": "crazy_adventure.copper_block","color": "gray"}]}},
				{"text": "莢\n","hover_event": {"action": "show_text","value": [{"text": ""},[{"text": "","font": "crazy_adventure:manual","color": "white"},"\"F\n","\"",{"text": "$耡"},{"text": "$胰"},{"text": "$耡"},"\n","\"",{"text": "U$"},{"text": "U$"},{"text": "U$"},"\n","\"",{"text": "$耡"},{"text": "$肋"},{"text": "$耡"},"\"\"",{"text": "$$肍"},"\n","\"",{"text": "U$"},{"text": "U$"},{"text": "U$"},"\"\"",{"text": "U$"},"\n","\"",{"text": "$胲"},{"text": "$胲"},{"text": "$胲"},"\n","\"",{"text": "U$"},{"text": "U$"},{"text": "U$"},"\n"],{"text": "\n- x4 ","color": "gray"},{"translate": "crazy_adventure.uranium_ingot","color": "gray"},{"text": "\n- x1 ","color": "gray"},{"translate": "crazy_adventure.stone_pickaxe","color": "gray"},{"text": "\n- x1 ","color": "gray"},{"translate": "crazy_adventure.ore_extractor_1","color": "gray"},{"text": "\n- x3 ","color": "gray"},{"translate": "crazy_adventure.exposed_copper","color": "gray"}]},"click_event": {"action": "show_dialog","dialog": "crazy_adventure:manual/page_64"}},
				{"text": "0##","hover_event": {"action": "show_text","value": [{"translate": "crazy_adventure.its_a_cool_extractor_you_got","color": "green"},{"translate": "crazy_adventure.generate_ores_from_nowhere","color": "gray"},{"translate": "crazy_adventure.is_it_science_no_its_magic","color": "gray"}]}},
				{"text": "0##","hover_event": {"action": "show_text","value": [{"text": ""},[{"text": "","font": "crazy_adventure:manual","color": "white"},"\"F\n","\"",{"text": "$胧"},{"text": "$莓"},{"text": "$胧"},"\n","\"",{"text": "U$"},{"text": "U$"},{"text": "U$"},"\n","\"",{"text": "$芠"},{"text": "$莕"},{"text": "$芠"},"\"\"",{"text": "$$肋"},"\n","\"",{"text": "U$"},{"text": "U$"},{"text": "U$"},"\"\"",{"text": "U$"},"\n","\"",{"text": "$胬"},{"text": "$胬"},{"text": "$胬"},"\n","\"",{"text": "U$"},{"text": "U$"},{"text": "U$"},"\n"],{"text": "\n- x2 ","color": "gray"},{"translate": "crazy_adventure.iron_block","color": "gray"},{"text": "\n- x1 ","color": "gray"},{"translate": "crazy_adventure.gold_block","color": "gray"},{"text": "\n- x2 ","color": "gray"},{"translate": "crazy_adventure.coal_block","color": "gray"},{"text": "\n- x1 ","color": "gray"},{"translate": "crazy_adventure.wooden_pickaxe","color": "gray"},{"text": "\n- x3 ","color": "gray"},{"translate": "crazy_adventure.copper_block","color": "gray"}]}},
				{"text": "0","hover_event": {"action": "show_text","value": [{"text": ""},[{"text": "","font": "crazy_adventure:manual","color": "white"},"\"F\n","\"",{"text": "$耡"},{"text": "$胰"},{"text": "$耡"},"\n","\"",{"text": "U$"},{"text": "U$"},{"text": "U$"},"\n","\"",{"text": "$耡"},{"text": "$肋"},{"text": "$耡"},"\"\"",{"text": "$$肍"},"\n","\"",{"text": "U$"},{"text": "U$"},{"text": "U$"},"\"\"",{"text": "U$"},"\n","\"",{"text": "$胲"},{"text": "$胲"},{"text": "$胲"},"\n","\"",{"text": "U$"},{"text": "U$"},{"text": "U$"},"\n"],{"text": "\n- x4 ","color": "gray"},{"translate": "crazy_adventure.uranium_ingot","color": "gray"},{"text": "\n- x1 ","color": "gray"},{"translate": "crazy_adventure.stone_pickaxe","color": "gray"},{"text": "\n- x1 ","color": "gray"},{"translate": "crazy_adventure.ore_extractor_1","color": "gray"},{"text": "\n- x3 ","color": "gray"},{"translate": "crazy_adventure.exposed_copper","color": "gray"}]},"click_event": {"action": "show_dialog","dialog": "crazy_adventure:manual/page_64"}},
				"\n\n\n\n\n\n\n\n\n\n\n\n\n\n\n\n"
			],
			"width": 140
		}
	]
}
