{
	"type": "minecraft:notice",
	"title": [
		"",
		{
			"sprite": "crazy_adventure:item/dialog_sprite/californium_ingot",
			"shadow_color": [
				0,
				0,
				0,
				0
			],
			"atlas": "minecraft:items"
		},
		" ",
		{
			"translate": "crazy_adventure.californium_ingot",
			"underlined": true
		},
		" ",
		{
			"sprite": "crazy_adventure:item/dialog_sprite/californium_ingot",
			"shadow_color": [
				0,
				0,
				0,
				0
			],
			"atlas": "minecraft:items"
		}
	],
	"body": [
		{
			"type": "minecraft:plain_message",
			"contents": [
				{"text": "V   ","font": "crazy_adventure:manual","color": "white"},
				{"text": "\n   ","click_event": {"action": "show_dialog","dialog": "crazy_adventure:manual/page_12"},"hover_event": {"action": "show_text","value": [{"translate": "crazy_adventure.go_to_previous_page"}," (12)"]}},
				" ",
				{"text": "   ","click_event": {"action": "show_dialog","dialog": "crazy_adventure:manual/page_14"},"hover_event": {"action": "show_text","value": [{"translate": "crazy_adventure.go_to_next_page"}," (14)"]}},
				{"text": "\n   ","click_event": {"action": "show_dialog","dialog": "crazy_adventure:manual/page_12"},"hover_event": {"action": "show_text","value": [{"translate": "crazy_adventure.go_to_previous_page"}," (12)"]}},
				" ",
				{"text": "   ","click_event": {"action": "show_dialog","dialog": "crazy_adventure:manual/page_14"},"hover_event": {"action": "show_text","value": [{"translate": "crazy_adventure.go_to_next_page"}," (14)"]}}
			],
			"width": 400
		},
		{
			"type": "minecraft:plain_message",
			"contents": [
				{"text": "","font": "crazy_adventure:manual","color": "white","shadow_color": [0,0,0,0]},
				"\"$5\n\"",
				{"text": "$耱","hover_event": {"action": "show_item","id": "furnace","components": {"custom_data": {"smithed": {"dict": {"block": {"californium": true}},"ignore": {"functionality": true,"crafting": true}},"crazy_adventure": {"californium_block": true}},"item_model": "crazy_adventure:californium_block","item_name": {"translate": "crazy_adventure.californium_block"},"lore": [["",{"text": "I","color": "white","italic": false,"font": "crazy_adventure:icons"},{"translate": "crazy_adventure.crazy","color": "green"},{"translate": "crazy_adventure.adventure","color": "gray"}]],"container": [{"slot": 0,"item": {"id": "minecraft:stone","count": 1,"components": {"minecraft:custom_data": {"smithed": {"block": {"id": "crazy_adventure:californium_block","from": "crazy_adventure"}}}}}}],"tooltip_display": {"hidden_components": ["minecraft:container"]}}},"click_event": {"action": "show_dialog","dialog": "crazy_adventure:manual/page_16"}},
				"U$  \n\"",
				{"text": "U$","hover_event": {"action": "show_item","id": "furnace","components": {"custom_data": {"smithed": {"dict": {"block": {"californium": true}},"ignore": {"functionality": true,"crafting": true}},"crazy_adventure": {"californium_block": true}},"item_model": "crazy_adventure:californium_block","item_name": {"translate": "crazy_adventure.californium_block"},"lore": [["",{"text": "I","color": "white","italic": false,"font": "crazy_adventure:icons"},{"translate": "crazy_adventure.crazy","color": "green"},{"translate": "crazy_adventure.adventure","color": "gray"}]],"container": [{"slot": 0,"item": {"id": "minecraft:stone","count": 1,"components": {"minecraft:custom_data": {"smithed": {"block": {"id": "crazy_adventure:californium_block","from": "crazy_adventure"}}}}}}],"tooltip_display": {"hidden_components": ["minecraft:container"]}}},"click_event": {"action": "show_dialog","dialog": "crazy_adventure:manual/page_16"}},
				"U$U$",
				{"text": "$$脁","hover_event": {"action": "show_item","id": "command_block","components": {"custom_data": {"smithed": {"dict": {"ingot": {"californium": true}},"ignore": {"functionality": true,"crafting": true}},"crazy_adventure": {"californium_ingot": true}},"item_model": "crazy_adventure:californium_ingot","item_name": {"translate": "crazy_adventure.californium_ingot"},"lore": [["",{"text": "I","color": "white","italic": false,"font": "crazy_adventure:icons"},{"translate": "crazy_adventure.crazy","color": "green"},{"translate": "crazy_adventure.adventure","color": "gray"}]]}}},
				"#$\n\"U$U$U$",
				{"text": "U$","hover_event": {"action": "show_item","id": "command_block","components": {"custom_data": {"smithed": {"dict": {"ingot": {"californium": true}},"ignore": {"functionality": true,"crafting": true}},"crazy_adventure": {"californium_ingot": true}},"item_model": "crazy_adventure:californium_ingot","item_name": {"translate": "crazy_adventure.californium_ingot"},"lore": [["",{"text": "I","color": "white","italic": false,"font": "crazy_adventure:icons"},{"translate": "crazy_adventure.crazy","color": "green"},{"translate": "crazy_adventure.adventure","color": "gray"}]]}}},
				"#$\n\n\n",
				{"text": "2##","hover_event": {"action": "show_text","value": [{"text": ""},[{"text": "","font": "crazy_adventure:manual","color": "white"},"\"E\n","\"",{"text": "$耱"},"\n","\"",{"text": "U$"},"U$U$",{"text": "$$脁"},"\n\"","U$U$U$",{"text": "U$"},"\n","\n"],{"text": "\n- x1 ","color": "gray"},{"translate": "crazy_adventure.californium_block","color": "gray"}]},"click_event": {"action": "show_dialog","dialog": "crazy_adventure:manual/page_16"}},
				{"text": "2##","hover_event": {"action": "show_text","value": [{"text": ""},[{"text": "","font": "crazy_adventure:manual","color": "white"},"\"F\n","\"",{"text": "$耭"},{"text": "$耭"},{"text": "$耭"},"\n","\"",{"text": "U$"},{"text": "U$"},{"text": "U$"},"\n","\"",{"text": "$耭"},{"text": "$耭"},{"text": "$耭"},"\"\"",{"text": "$$耫"},"\n","\"",{"text": "U$"},{"text": "U$"},{"text": "U$"},"\"\"",{"text": "U$"},"\n","\"",{"text": "$耭"},{"text": "$耭"},{"text": "$耭"},"\n","\"",{"text": "U$"},{"text": "U$"},{"text": "U$"},"\n"],{"text": "\n- x9 ","color": "gray"},{"translate": "crazy_adventure.californium_nugget","color": "gray"}]},"click_event": {"action": "show_dialog","dialog": "crazy_adventure:manual/page_14"}},
				{"text": "2##","hover_event": {"action": "show_text","value": [{"text": ""},[{"text": "","font": "crazy_adventure:manual","color": "white"},"\"G\n","\"",{"text": "$耯"},"\n","\"",{"text": "U$"},"\n","\"\"\"\"U$U$",{"text": "$$耫"},"\n","\"\"\"\"U$U$",{"text": "U$"},"\n","\n\n"],{"translate": "crazy_adventure.smelting","color": "yellow"},{"text": "\n- x1 ","color": "gray"},{"translate": "crazy_adventure.raw_californium","color": "gray"}]},"click_event": {"action": "show_dialog","dialog": "crazy_adventure:manual/page_15"}},
				{"text": "2##","hover_event": {"action": "show_text","value": [{"text": ""},[{"text": "","font": "crazy_adventure:manual","color": "white"},"\"G\n","\"",{"text": "$耳"},"\n","\"",{"text": "U$"},"\n","\"\"\"\"U$U$",{"text": "$$耫"},"\n","\"\"\"\"U$U$",{"text": "U$"},"\n","\n\n"],{"translate": "crazy_adventure.smelting","color": "yellow"},{"text": "\n- x1 ","color": "gray"},{"translate": "crazy_adventure.californium_ore","color": "gray"}]},"click_event": {"action": "show_dialog","dialog": "crazy_adventure:manual/page_17"}},
				{"text": "脍##","hover_event": {"action": "show_text","value": [{"text": ""},[{"text": "","font": "crazy_adventure:manual","color": "white"},"\"E\n","\"",{"text": "$耫"},"\n","\"",{"text": "U$"},"U$U$",{"text": "$$脋"},"\n\"","U$U$U$",{"text": "U$"},"\n","\n"],{"text": "\n- x1 ","color": "gray"},{"translate": "crazy_adventure.californium_ingot","color": "gray"}]},"click_event": {"action": "show_dialog","dialog": "crazy_adventure:manual/page_14"}},
				{"text": "脐\n","hover_event": {"action": "show_text","value": [{"text": ""},[{"text": "","font": "crazy_adventure:manual","color": "white"},"\"F\n","\"",{"text": "$耫"},{"text": "$耫"},{"text": "$耫"},"\n","\"",{"text": "U$"},{"text": "U$"},{"text": "U$"},"\n","\"",{"text": "$耫"},{"text": "$耫"},{"text": "$耫"},"\"\"",{"text": "$$耱"},"\n","\"",{"text": "U$"},{"text": "U$"},{"text": "U$"},"\"\"",{"text": "U$"},"\n","\"",{"text": "$耫"},{"text": "$耫"},{"text": "$耫"},"\n","\"",{"text": "U$"},{"text": "U$"},{"text": "U$"},"\n"],{"text": "\n- x9 ","color": "gray"},{"translate": "crazy_adventure.californium_ingot","color": "gray"}]},"click_event": {"action": "show_dialog","dialog": "crazy_adventure:manual/page_16"}},
				{"text": "0##","hover_event": {"action": "show_text","value": [{"text": ""},[{"text": "","font": "crazy_adventure:manual","color": "white"},"\"E\n","\"",{"text": "$耱"},"\n","\"",{"text": "U$"},"U$U$",{"text": "$$脁"},"\n\"","U$U$U$",{"text": "U$"},"\n","\n"],{"text": "\n- x1 ","color": "gray"},{"translate": "crazy_adventure.californium_block","color": "gray"}]},"click_event": {"action": "show_dialog","dialog": "crazy_adventure:manual/page_16"}},
				{"text": "0##","hover_event": {"action": "show_text","value": [{"text": ""},[{"text": "","font": "crazy_adventure:manual","color": "white"},"\"F\n","\"",{"text": "$耭"},{"text": "$耭"},{"text": "$耭"},"\n","\"",{"text": "U$"},{"text": "U$"},{"text": "U$"},"\n","\"",{"text": "$耭"},{"text": "$耭"},{"text": "$耭"},"\"\"",{"text": "$$耫"},"\n","\"",{"text": "U$"},{"text": "U$"},{"text": "U$"},"\"\"",{"text": "U$"},"\n","\"",{"text": "$耭"},{"text": "$耭"},{"text": "$耭"},"\n","\"",{"text": "U$"},{"text": "U$"},{"text": "U$"},"\n"],{"text": "\n- x9 ","color": "gray"},{"translate": "crazy_adventure.californium_nugget","color": "gray"}]},"click_event": {"action": "show_dialog","dialog": "crazy_adventure:manual/page_14"}},
				{"text": "0##","hover_event": {"action": "show_text","value": [{"text": ""},[{"text": "","font": "crazy_adventure:manual","color": "white"},"\"G\n","\"",{"text": "$耯"},"\n","\"",{"text": "U$"},"\n","\"\"\"\"U$U$",{"text": "$$耫"},"\n","\"\"\"\"U$U$",{"text": "U$"},"\n","\n\n"],{"translate": "crazy_adventure.smelting","color": "yellow"},{"text": "\n- x1 ","color": "gray"},{"translate": "crazy_adventure.raw_californium","color": "gray"}]},"click_event": {"action": "show_dialog","dialog": "crazy_adventure:manual/page_15"}},
				{"text": "0##","hover_event": {"action": "show_text","value": [{"text": ""},[{"text": "","font": "crazy_adventure:manual","color": "white"},"\"G\n","\"",{"text": "$耳"},"\n","\"",{"text": "U$"},"\n","\"\"\"\"U$U$",{"text": "$$耫"},"\n","\"\"\"\"U$U$",{"text": "U$"},"\n","\n\n"],{"translate": "crazy_adventure.smelting","color": "yellow"},{"text": "\n- x1 ","color": "gray"},{"translate": "crazy_adventure.californium_ore","color": "gray"}]},"click_event": {"action": "show_dialog","dialog": "crazy_adventure:manual/page_17"}},
				{"text": "0##","hover_event": {"action": "show_text","value": [{"text": ""},[{"text": "","font": "crazy_adventure:manual","color": "white"},"\"E\n","\"",{"text": "$耫"},"\n","\"",{"text": "U$"},"U$U$",{"text": "$$脋"},"\n\"","U$U$U$",{"text": "U$"},"\n","\n"],{"text": "\n- x1 ","color": "gray"},{"translate": "crazy_adventure.californium_ingot","color": "gray"}]},"click_event": {"action": "show_dialog","dialog": "crazy_adventure:manual/page_14"}},
				{"text": "0\n","hover_event": {"action": "show_text","value": [{"text": ""},[{"text": "","font": "crazy_adventure:manual","color": "white"},"\"F\n","\"",{"text": "$耫"},{"text": "$耫"},{"text": "$耫"},"\n","\"",{"text": "U$"},{"text": "U$"},{"text": "U$"},"\n","\"",{"text": "$耫"},{"text": "$耫"},{"text": "$耫"},"\"\"",{"text": "$$耱"},"\n","\"",{"text": "U$"},{"text": "U$"},{"text": "U$"},"\"\"",{"text": "U$"},"\n","\"",{"text": "$耫"},{"text": "$耫"},{"text": "$耫"},"\n","\"",{"text": "U$"},{"text": "U$"},{"text": "U$"},"\n"],{"text": "\n- x9 ","color": "gray"},{"translate": "crazy_adventure.californium_ingot","color": "gray"}]},"click_event": {"action": "show_dialog","dialog": "crazy_adventure:manual/page_16"}},
				{"text": "脓##","hover_event": {"action": "show_text","value": [{"text": ""},[{"text": "","font": "crazy_adventure:manual","color": "white"},"\"F\n","\"",{"text": "$耫"},{"text": "$耫"},{"text": "$耫"},"\n","\"",{"text": "U$"},{"text": "U$"},{"text": "U$"},"\n","\"",{"text": "$耫"},"U$",{"text": "$耫"},"\"\"",{"text": "$$聗"},"\n","\"",{"text": "U$"},"U$",{"text": "U$"},"\"\"",{"text": "U$"},"\n","\n\n"],{"text": "\n- x5 ","color": "gray"},{"translate": "crazy_adventure.californium_ingot","color": "gray"}]},"priority": 0,"click_event": {"action": "show_dialog","dialog": "crazy_adventure:manual/page_35"}},
				{"text": "脖##","hover_event": {"action": "show_text","value": [{"text": ""},[{"text": "","font": "crazy_adventure:manual","color": "white"},"\"F\n","\"",{"text": "$耫"},"U$",{"text": "$耫"},"\n","\"",{"text": "U$"},"U$",{"text": "U$"},"\n","\"",{"text": "$耫"},{"text": "$耫"},{"text": "$耫"},"\"\"",{"text": "$$聙"},"\n","\"",{"text": "U$"},{"text": "U$"},{"text": "U$"},"\"\"",{"text": "U$"},"\n","\"",{"text": "$耫"},{"text": "$耫"},{"text": "$耫"},"\n","\"",{"text": "U$"},{"text": "U$"},{"text": "U$"},"\n"],{"text": "\n- x8 ","color": "gray"},{"translate": "crazy_adventure.californium_ingot","color": "gray"}]},"priority": 0,"click_event": {"action": "show_dialog","dialog": "crazy_adventure:manual/page_36"}},
				{"text": "脙##","hover_event": {"action": "show_text","value": [{"text": ""},[{"text": "","font": "crazy_adventure:manual","color": "white"},"\"F\n","\"",{"text": "$耫"},{"text": "$耫"},{"text": "$耫"},"\n","\"",{"text": "U$"},{"text": "U$"},{"text": "U$"},"\n","\"",{"text": "$耫"},"U$",{"text": "$耫"},"\"\"",{"text": "$$聛"},"\n","\"",{"text": "U$"},"U$",{"text": "U$"},"\"\"",{"text": "U$"},"\n","\"",{"text": "$耫"},"U$",{"text": "$耫"},"\n","\"",{"text": "U$"},"U$",{"text": "U$"},"\n"],{"text": "\n- x7 ","color": "gray"},{"translate": "crazy_adventure.californium_ingot","color": "gray"}]},"priority": 0,"click_event": {"action": "show_dialog","dialog": "crazy_adventure:manual/page_37"}},
				{"text": "脜##","hover_event": {"action": "show_text","value": [{"text": ""},[{"text": "","font": "crazy_adventure:manual","color": "white"},"\"F\n","\"",{"text": "$耫"},"U$",{"text": "$耫"},"\n","\"",{"text": "U$"},"U$",{"text": "U$"},"\n","\"",{"text": "$耫"},"U$",{"text": "$耫"},"\"\"",{"text": "$$聝"},"\n","\"",{"text": "U$"},"U$",{"text": "U$"},"\"\"",{"text": "U$"},"\n","\n\n"],{"text": "\n- x4 ","color": "gray"},{"translate": "crazy_adventure.californium_ingot","color": "gray"}]},"priority": 0,"click_event": {"action": "show_dialog","dialog": "crazy_adventure:manual/page_38"}},
				{"text": "脠##","hover_event": {"action": "show_text","value": [{"text": ""},[{"text": "","font": "crazy_adventure:manual","color": "white"},"\"F\n","\"","U$",{"text": "$耫"},"U$","\n","\"","U$",{"text": "U$"},"U$","\n","\"","U$",{"text": "$耫"},"U$","\"\"",{"text": "$$聟"},"\n","\"","U$",{"text": "U$"},"U$","\"\"",{"text": "U$"},"\n","\"","U$",{"text": "$股"},"U$","\n","\"","U$",{"text": "U$"},"U$","\n"],{"text": "\n- x2 ","color": "gray"},{"translate": "crazy_adventure.californium_ingot","color": "gray"},{"text": "\n- x1 ","color": "gray"},{"translate": "crazy_adventure.stick","color": "gray"}]},"priority": 0,"click_event": {"action": "show_dialog","dialog": "crazy_adventure:manual/page_39"}},
				{"text": "脤\n","hover_event": {"action": "show_text","value": [{"text": ""},[{"text": "","font": "crazy_adventure:manual","color": "white"},"\"F\n","\"",{"text": "$耫"},{"text": "$耫"},{"text": "$耫"},"\n","\"",{"text": "U$"},{"text": "U$"},{"text": "U$"},"\n","\"","U$",{"text": "$股"},"U$","\"\"",{"text": "$$聡"},"\n","\"","U$",{"text": "U$"},"U$","\"\"",{"text": "U$"},"\n","\"","U$",{"text": "$股"},"U$","\n","\"","U$",{"text": "U$"},"U$","\n"],{"text": "\n- x3 ","color": "gray"},{"translate": "crazy_adventure.californium_ingot","color": "gray"},{"text": "\n- x2 ","color": "gray"},{"translate": "crazy_adventure.stick","color": "gray"}]},"priority": 0,"click_event": {"action": "show_dialog","dialog": "crazy_adventure:manual/page_40"}},
				{"text": "0##","hover_event": {"action": "show_text","value": [{"text": ""},[{"text": "","font": "crazy_adventure:manual","color": "white"},"\"F\n","\"",{"text": "$耫"},{"text": "$耫"},{"text": "$耫"},"\n","\"",{"text": "U$"},{"text": "U$"},{"text": "U$"},"\n","\"",{"text": "$耫"},"U$",{"text": "$耫"},"\"\"",{"text": "$$聗"},"\n","\"",{"text": "U$"},"U$",{"text": "U$"},"\"\"",{"text": "U$"},"\n","\n\n"],{"text": "\n- x5 ","color": "gray"},{"translate": "crazy_adventure.californium_ingot","color": "gray"}]},"priority": 0,"click_event": {"action": "show_dialog","dialog": "crazy_adventure:manual/page_35"}},
				{"text": "0##","hover_event": {"action": "show_text","value": [{"text": ""},[{"text": "","font": "crazy_adventure:manual","color": "white"},"\"F\n","\"",{"text": "$耫"},"U$",{"text": "$耫"},"\n","\"",{"text": "U$"},"U$",{"text": "U$"},"\n","\"",{"text": "$耫"},{"text": "$耫"},{"text": "$耫"},"\"\"",{"text": "$$聙"},"\n","\"",{"text": "U$"},{"text": "U$"},{"text": "U$"},"\"\"",{"text": "U$"},"\n","\"",{"text": "$耫"},{"text": "$耫"},{"text": "$耫"},"\n","\"",{"text": "U$"},{"text": "U$"},{"text": "U$"},"\n"],{"text": "\n- x8 ","color": "gray"},{"translate": "crazy_adventure.californium_ingot","color": "gray"}]},"priority": 0,"click_event": {"action": "show_dialog","dialog": "crazy_adventure:manual/page_36"}},
				{"text": "0##","hover_event": {"action": "show_text","value": [{"text": ""},[{"text": "","font": "crazy_adventure:manual","color": "white"},"\"F\n","\"",{"text": "$耫"},{"text": "$耫"},{"text": "$耫"},"\n","\"",{"text": "U$"},{"text": "U$"},{"text": "U$"},"\n","\"",{"text": "$耫"},"U$",{"text": "$耫"},"\"\"",{"text": "$$聛"},"\n","\"",{"text": "U$"},"U$",{"text": "U$"},"\"\"",{"text": "U$"},"\n","\"",{"text": "$耫"},"U$",{"text": "$耫"},"\n","\"",{"text": "U$"},"U$",{"text": "U$"},"\n"],{"text": "\n- x7 ","color": "gray"},{"translate": "crazy_adventure.californium_ingot","color": "gray"}]},"priority": 0,"click_event": {"action": "show_dialog","dialog": "crazy_adventure:manual/page_37"}},
				{"text": "0##","hover_event": {"action": "show_text","value": [{"text": ""},[{"text": "","font": "crazy_adventure:manual","color": "white"},"\"F\n","\"",{"text": "$耫"},"U$",{"text": "$耫"},"\n","\"",{"text": "U$"},"U$",{"text": "U$"},"\n","\"",{"text": "$耫"},"U$",{"text": "$耫"},"\"\"",{"text": "$$聝"},"\n","\"",{"text": "U$"},"U$",{"text": "U$"},"\"\"",{"text": "U$"},"\n","\n\n"],{"text": "\n- x4 ","color": "gray"},{"translate": "crazy_adventure.californium_ingot","color": "gray"}]},"priority": 0,"click_event": {"action": "show_dialog","dialog": "crazy_adventure:manual/page_38"}},
				{"text": "0##","hover_event": {"action": "show_text","value": [{"text": ""},[{"text": "","font": "crazy_adventure:manual","color": "white"},"\"F\n","\"","U$",{"text": "$耫"},"U$","\n","\"","U$",{"text": "U$"},"U$","\n","\"","U$",{"text": "$耫"},"U$","\"\"",{"text": "$$聟"},"\n","\"","U$",{"text": "U$"},"U$","\"\"",{"text": "U$"},"\n","\"","U$",{"text": "$股"},"U$","\n","\"","U$",{"text": "U$"},"U$","\n"],{"text": "\n- x2 ","color": "gray"},{"translate": "crazy_adventure.californium_ingot","color": "gray"},{"text": "\n- x1 ","color": "gray"},{"translate": "crazy_adventure.stick","color": "gray"}]},"priority": 0,"click_event": {"action": "show_dialog","dialog": "crazy_adventure:manual/page_39"}},
				{"text": "0\n","hover_event": {"action": "show_text","value": [{"text": ""},[{"text": "","font": "crazy_adventure:manual","color": "white"},"\"F\n","\"",{"text": "$耫"},{"text": "$耫"},{"text": "$耫"},"\n","\"",{"text": "U$"},{"text": "U$"},{"text": "U$"},"\n","\"","U$",{"text": "$股"},"U$","\"\"",{"text": "$$聡"},"\n","\"","U$",{"text": "U$"},"U$","\"\"",{"text": "U$"},"\n","\"","U$",{"text": "$股"},"U$","\n","\"","U$",{"text": "U$"},"U$","\n"],{"text": "\n- x3 ","color": "gray"},{"translate": "crazy_adventure.californium_ingot","color": "gray"},{"text": "\n- x2 ","color": "gray"},{"translate": "crazy_adventure.stick","color": "gray"}]},"priority": 0,"click_event": {"action": "show_dialog","dialog": "crazy_adventure:manual/page_40"}},
				{"text": "脨##","hover_event": {"action": "show_text","value": [{"text": ""},[{"text": "","font": "crazy_adventure:manual","color": "white"},"\"F\n","\"",{"text": "$耫"},{"text": "$耫"},"\n","\"",{"text": "U$"},{"text": "U$"},"\n","\"",{"text": "$耫"},{"text": "$股"},"U$\"\"",{"text": "$$聣"},"\n","\"",{"text": "U$"},{"text": "U$"},"U$\"\"",{"text": "U$"},"\n","\"","U$",{"text": "$股"},"\n","\"","U$",{"text": "U$"},"\n"],{"text": "\n- x3 ","color": "gray"},{"translate": "crazy_adventure.californium_ingot","color": "gray"},{"text": "\n- x2 ","color": "gray"},{"translate": "crazy_adventure.stick","color": "gray"}]},"priority": 0,"click_event": {"action": "show_dialog","dialog": "crazy_adventure:manual/page_41"}},
				{"text": "脬##","hover_event": {"action": "show_text","value": [{"text": ""},[{"text": "","font": "crazy_adventure:manual","color": "white"},"\"F\n","\"","U$",{"text": "$耫"},"U$","\n","\"","U$",{"text": "U$"},"U$","\n","\"","U$",{"text": "$股"},"U$","\"\"",{"text": "$$聥"},"\n","\"","U$",{"text": "U$"},"U$","\"\"",{"text": "U$"},"\n","\"","U$",{"text": "$股"},"U$","\n","\"","U$",{"text": "U$"},"U$","\n"],{"text": "\n- x1 ","color": "gray"},{"translate": "crazy_adventure.californium_ingot","color": "gray"},{"text": "\n- x2 ","color": "gray"},{"translate": "crazy_adventure.stick","color": "gray"}]},"priority": 0,"click_event": {"action": "show_dialog","dialog": "crazy_adventure:manual/page_42"}},
				{"text": "脰##","hover_event": {"action": "show_text","value": [{"text": ""},[{"text": "","font": "crazy_adventure:manual","color": "white"},"\"F\n","\"",{"text": "$耫"},{"text": "$耫"},"\n","\"",{"text": "U$"},{"text": "U$"},"\n","\"","U$",{"text": "$股"},"U$\"\"",{"text": "$$聧"},"\n","\"","U$",{"text": "U$"},"U$\"\"",{"text": "U$"},"\n","\"","U$",{"text": "$股"},"\n","\"","U$",{"text": "U$"},"\n"],{"text": "\n- x2 ","color": "gray"},{"translate": "crazy_adventure.californium_ingot","color": "gray"},{"text": "\n- x2 ","color": "gray"},{"translate": "crazy_adventure.stick","color": "gray"}]},"priority": 0,"click_event": {"action": "show_dialog","dialog": "crazy_adventure:manual/page_43"}},
				{"text": "脴##","hover_event": {"action": "show_text","value": [{"text": ""},[{"text": "","font": "crazy_adventure:manual","color": "white"},"\"F\n","\"","U$",{"text": "$耫"},"U$","\n","\"","U$",{"text": "U$"},"U$","\n","\"",{"text": "$耫"},{"text": "$耵"},{"text": "$耫"},"\"\"",{"text": "$$耿"},"\n","\"",{"text": "U$"},{"text": "U$"},{"text": "U$"},"\"\"",{"text": "U$"},"\n","\"","U$",{"text": "$耫"},"U$","\n","\"","U$",{"text": "U$"},"U$","\n"],{"text": "\n- x4 ","color": "gray"},{"translate": "crazy_adventure.californium_ingot","color": "gray"},{"text": "\n- x1 ","color": "gray"},{"translate": "crazy_adventure.uranium_core","color": "gray"}]},"click_event": {"action": "show_dialog","dialog": "crazy_adventure:manual/page_23"}},
				{"text": "脹\n","hover_event": {"action": "show_text","value": [{"text": ""},[{"text": "","font": "crazy_adventure:manual","color": "white"},"\"F\n","\"",{"text": "$脸"},{"text": "$耫"},{"text": "$脸"},"\n","\"",{"text": "U$"},{"text": "U$"},{"text": "U$"},"\n","\"",{"text": "$耫"},{"text": "$聯"},{"text": "$耫"},"\"\"",{"text": "$$聱"},"\n","\"",{"text": "U$"},{"text": "U$"},{"text": "U$"},"\"\"",{"text": "U$"},"\n","\"",{"text": "$脸"},{"text": "$耫"},{"text": "$脸"},"\n","\"",{"text": "U$"},{"text": "U$"},{"text": "U$"},"\n"],{"text": "\n- x4 ","color": "gray"},{"translate": "crazy_adventure.californium_ingot","color": "gray"},{"text": "\n- x1 ","color": "gray"},{"translate": "crazy_adventure.better_nuclear_reactor","color": "gray"},{"text": "\n- x4 ","color": "gray"},{"translate": "crazy_adventure.weathered_copper","color": "gray"}]},"click_event": {"action": "show_dialog","dialog": "crazy_adventure:manual/page_48"}},
				{"text": "0##","hover_event": {"action": "show_text","value": [{"text": ""},[{"text": "","font": "crazy_adventure:manual","color": "white"},"\"F\n","\"",{"text": "$耫"},{"text": "$耫"},"\n","\"",{"text": "U$"},{"text": "U$"},"\n","\"",{"text": "$耫"},{"text": "$股"},"U$\"\"",{"text": "$$聣"},"\n","\"",{"text": "U$"},{"text": "U$"},"U$\"\"",{"text": "U$"},"\n","\"","U$",{"text": "$股"},"\n","\"","U$",{"text": "U$"},"\n"],{"text": "\n- x3 ","color": "gray"},{"translate": "crazy_adventure.californium_ingot","color": "gray"},{"text": "\n- x2 ","color": "gray"},{"translate": "crazy_adventure.stick","color": "gray"}]},"priority": 0,"click_event": {"action": "show_dialog","dialog": "crazy_adventure:manual/page_41"}},
				{"text": "0##","hover_event": {"action": "show_text","value": [{"text": ""},[{"text": "","font": "crazy_adventure:manual","color": "white"},"\"F\n","\"","U$",{"text": "$耫"},"U$","\n","\"","U$",{"text": "U$"},"U$","\n","\"","U$",{"text": "$股"},"U$","\"\"",{"text": "$$聥"},"\n","\"","U$",{"text": "U$"},"U$","\"\"",{"text": "U$"},"\n","\"","U$",{"text": "$股"},"U$","\n","\"","U$",{"text": "U$"},"U$","\n"],{"text": "\n- x1 ","color": "gray"},{"translate": "crazy_adventure.californium_ingot","color": "gray"},{"text": "\n- x2 ","color": "gray"},{"translate": "crazy_adventure.stick","color": "gray"}]},"priority": 0,"click_event": {"action": "show_dialog","dialog": "crazy_adventure:manual/page_42"}},
				{"text": "0##","hover_event": {"action": "show_text","value": [{"text": ""},[{"text": "","font": "crazy_adventure:manual","color": "white"},"\"F\n","\"",{"text": "$耫"},{"text": "$耫"},"\n","\"",{"text": "U$"},{"text": "U$"},"\n","\"","U$",{"text": "$股"},"U$\"\"",{"text": "$$聧"},"\n","\"","U$",{"text": "U$"},"U$\"\"",{"text": "U$"},"\n","\"","U$",{"text": "$股"},"\n","\"","U$",{"text": "U$"},"\n"],{"text": "\n- x2 ","color": "gray"},{"translate": "crazy_adventure.californium_ingot","color": "gray"},{"text": "\n- x2 ","color": "gray"},{"translate": "crazy_adventure.stick","color": "gray"}]},"priority": 0,"click_event": {"action": "show_dialog","dialog": "crazy_adventure:manual/page_43"}},
				{"text": "0##","hover_event": {"action": "show_text","value": [{"text": ""},[{"text": "","font": "crazy_adventure:manual","color": "white"},"\"F\n","\"","U$",{"text": "$耫"},"U$","\n","\"","U$",{"text": "U$"},"U$","\n","\"",{"text": "$耫"},{"text": "$耵"},{"text": "$耫"},"\"\"",{"text": "$$耿"},"\n","\"",{"text": "U$"},{"text": "U$"},{"text": "U$"},"\"\"",{"text": "U$"},"\n","\"","U$",{"text": "$耫"},"U$","\n","\"","U$",{"text": "U$"},"U$","\n"],{"text": "\n- x4 ","color": "gray"},{"translate": "crazy_adventure.californium_ingot","color": "gray"},{"text": "\n- x1 ","color": "gray"},{"translate": "crazy_adventure.uranium_core","color": "gray"}]},"click_event": {"action": "show_dialog","dialog": "crazy_adventure:manual/page_23"}},
				{"text": "0","hover_event": {"action": "show_text","value": [{"text": ""},[{"text": "","font": "crazy_adventure:manual","color": "white"},"\"F\n","\"",{"text": "$脸"},{"text": "$耫"},{"text": "$脸"},"\n","\"",{"text": "U$"},{"text": "U$"},{"text": "U$"},"\n","\"",{"text": "$耫"},{"text": "$聯"},{"text": "$耫"},"\"\"",{"text": "$$聱"},"\n","\"",{"text": "U$"},{"text": "U$"},{"text": "U$"},"\"\"",{"text": "U$"},"\n","\"",{"text": "$脸"},{"text": "$耫"},{"text": "$脸"},"\n","\"",{"text": "U$"},{"text": "U$"},{"text": "U$"},"\n"],{"text": "\n- x4 ","color": "gray"},{"translate": "crazy_adventure.californium_ingot","color": "gray"},{"text": "\n- x1 ","color": "gray"},{"translate": "crazy_adventure.better_nuclear_reactor","color": "gray"},{"text": "\n- x4 ","color": "gray"},{"translate": "crazy_adventure.weathered_copper","color": "gray"}]},"click_event": {"action": "show_dialog","dialog": "crazy_adventure:manual/page_48"}},
				"\n\n\n\n\n\n\n\n\n\n\n\n\n\n"
			],
			"width": 140
		}
	]
}
