{
	"type": "minecraft:notice",
	"title": [
		"",
		{
			"sprite": "crazy_adventure:item/dialog_sprite/californium_ingot",
			"shadow_color": [
				0,
				0,
				0,
				0
			],
			"atlas": "minecraft:items"
		},
		" ",
		{
			"translate": "crazy_adventure.californium_ingot",
			"underlined": true
		},
		" ",
		{
			"sprite": "crazy_adventure:item/dialog_sprite/californium_ingot",
			"shadow_color": [
				0,
				0,
				0,
				0
			],
			"atlas": "minecraft:items"
		}
	],
	"body": [
		{
			"type": "minecraft:plain_message",
			"contents": [
				{"text": "V   ","font": "crazy_adventure:manual","color": "white"},
				{"text": "\n   ","click_event": {"action": "show_dialog","dialog": "crazy_adventure:manual/page_15"},"hover_event": {"action": "show_text","value": [{"translate": "crazy_adventure.go_to_previous_page"}," (15)"]}},
				" ",
				{"text": "   ","click_event": {"action": "show_dialog","dialog": "crazy_adventure:manual/page_17"},"hover_event": {"action": "show_text","value": [{"translate": "crazy_adventure.go_to_next_page"}," (17)"]}},
				{"text": "\n   ","click_event": {"action": "show_dialog","dialog": "crazy_adventure:manual/page_15"},"hover_event": {"action": "show_text","value": [{"translate": "crazy_adventure.go_to_previous_page"}," (15)"]}},
				" ",
				{"text": "   ","click_event": {"action": "show_dialog","dialog": "crazy_adventure:manual/page_17"},"hover_event": {"action": "show_text","value": [{"translate": "crazy_adventure.go_to_next_page"}," (17)"]}}
			],
			"width": 400
		},
		{
			"type": "minecraft:plain_message",
			"contents": [
				{"text": "","font": "crazy_adventure:manual","color": "white","shadow_color": [0,0,0,0]},
				"\"$5\n\"",
				{"text": "$耳","hover_event": {"action": "show_item","id": "furnace","components": {"custom_data": {"smithed": {"dict": {"block": {"californium": true}},"ignore": {"functionality": true,"crafting": true}},"crazy_adventure": {"californium_block": true}},"item_model": "crazy_adventure:californium_block","item_name": {"translate": "crazy_adventure.californium_block"},"lore": [["",{"text": "I","color": "white","italic": false,"font": "crazy_adventure:icons"},{"translate": "crazy_adventure.crazy","color": "green"},{"translate": "crazy_adventure.adventure","color": "gray"}]],"container": [{"slot": 0,"item": {"id": "minecraft:stone","count": 1,"components": {"minecraft:custom_data": {"smithed": {"block": {"id": "crazy_adventure:californium_block","from": "crazy_adventure"}}}}}}],"tooltip_display": {"hidden_components": ["minecraft:container"]}}},"click_event": {"action": "show_dialog","dialog": "crazy_adventure:manual/page_19"}},
				"U$  \n\"",
				{"text": "U$","hover_event": {"action": "show_item","id": "furnace","components": {"custom_data": {"smithed": {"dict": {"block": {"californium": true}},"ignore": {"functionality": true,"crafting": true}},"crazy_adventure": {"californium_block": true}},"item_model": "crazy_adventure:californium_block","item_name": {"translate": "crazy_adventure.californium_block"},"lore": [["",{"text": "I","color": "white","italic": false,"font": "crazy_adventure:icons"},{"translate": "crazy_adventure.crazy","color": "green"},{"translate": "crazy_adventure.adventure","color": "gray"}]],"container": [{"slot": 0,"item": {"id": "minecraft:stone","count": 1,"components": {"minecraft:custom_data": {"smithed": {"block": {"id": "crazy_adventure:californium_block","from": "crazy_adventure"}}}}}}],"tooltip_display": {"hidden_components": ["minecraft:container"]}}},"click_event": {"action": "show_dialog","dialog": "crazy_adventure:manual/page_19"}},
				"U$U$",
				{"text": "$$腂","hover_event": {"action": "show_item","id": "command_block","components": {"custom_data": {"smithed": {"dict": {"ingot": {"californium": true}},"ignore": {"functionality": true,"crafting": true}},"crazy_adventure": {"californium_ingot": true}},"item_model": "crazy_adventure:californium_ingot","item_name": {"translate": "crazy_adventure.californium_ingot"},"lore": [["",{"text": "I","color": "white","italic": false,"font": "crazy_adventure:icons"},{"translate": "crazy_adventure.crazy","color": "green"},{"translate": "crazy_adventure.adventure","color": "gray"}]]}}},
				"#$\n\"U$U$U$",
				{"text": "U$","hover_event": {"action": "show_item","id": "command_block","components": {"custom_data": {"smithed": {"dict": {"ingot": {"californium": true}},"ignore": {"functionality": true,"crafting": true}},"crazy_adventure": {"californium_ingot": true}},"item_model": "crazy_adventure:californium_ingot","item_name": {"translate": "crazy_adventure.californium_ingot"},"lore": [["",{"text": "I","color": "white","italic": false,"font": "crazy_adventure:icons"},{"translate": "crazy_adventure.crazy","color": "green"},{"translate": "crazy_adventure.adventure","color": "gray"}]]}}},
				"#$\n\n\n",
				{"text": "2##","hover_event": {"action": "show_text","value": [{"text": ""},[{"text": "","font": "crazy_adventure:manual","color": "white"},"\"E\n","\"",{"text": "$耳"},"\n","\"",{"text": "U$"},"U$U$",{"text": "$$腂"},"\n\"","U$U$U$",{"text": "U$"},"\n","\n"],{"text": "\n- x1 ","color": "gray"},{"translate": "crazy_adventure.californium_block","color": "gray"}]},"click_event": {"action": "show_dialog","dialog": "crazy_adventure:manual/page_19"}},
				{"text": "2##","hover_event": {"action": "show_text","value": [{"text": ""},[{"text": "","font": "crazy_adventure:manual","color": "white"},"\"F\n","\"",{"text": "$耯"},{"text": "$耯"},{"text": "$耯"},"\n","\"",{"text": "U$"},{"text": "U$"},{"text": "U$"},"\n","\"",{"text": "$耯"},{"text": "$耯"},{"text": "$耯"},"\"\"",{"text": "$$耭"},"\n","\"",{"text": "U$"},{"text": "U$"},{"text": "U$"},"\"\"",{"text": "U$"},"\n","\"",{"text": "$耯"},{"text": "$耯"},{"text": "$耯"},"\n","\"",{"text": "U$"},{"text": "U$"},{"text": "U$"},"\n"],{"text": "\n- x9 ","color": "gray"},{"translate": "crazy_adventure.californium_nugget","color": "gray"}]},"click_event": {"action": "show_dialog","dialog": "crazy_adventure:manual/page_17"}},
				{"text": "2##","hover_event": {"action": "show_text","value": [{"text": ""},[{"text": "","font": "crazy_adventure:manual","color": "white"},"\"G\n","\"",{"text": "$耱"},"\n","\"",{"text": "U$"},"\n","\"\"\"\"U$U$",{"text": "$$耭"},"\n","\"\"\"\"U$U$",{"text": "U$"},"\n","\n\n"],{"translate": "crazy_adventure.smelting","color": "yellow"},{"text": "\n- x1 ","color": "gray"},{"translate": "crazy_adventure.raw_californium","color": "gray"}]},"click_event": {"action": "show_dialog","dialog": "crazy_adventure:manual/page_18"}},
				{"text": "2##","hover_event": {"action": "show_text","value": [{"text": ""},[{"text": "","font": "crazy_adventure:manual","color": "white"},"\"G\n","\"",{"text": "$耵"},"\n","\"",{"text": "U$"},"\n","\"\"\"\"U$U$",{"text": "$$耭"},"\n","\"\"\"\"U$U$",{"text": "U$"},"\n","\n\n"],{"translate": "crazy_adventure.smelting","color": "yellow"},{"text": "\n- x1 ","color": "gray"},{"translate": "crazy_adventure.californium_ore","color": "gray"}]},"click_event": {"action": "show_dialog","dialog": "crazy_adventure:manual/page_20"}},
				{"text": "腎##","hover_event": {"action": "show_text","value": [{"text": ""},[{"text": "","font": "crazy_adventure:manual","color": "white"},"\"E\n","\"",{"text": "$耭"},"\n","\"",{"text": "U$"},"U$U$",{"text": "$$腌"},"\n\"","U$U$U$",{"text": "U$"},"\n","\n"],{"text": "\n- x1 ","color": "gray"},{"translate": "crazy_adventure.californium_ingot","color": "gray"}]},"click_event": {"action": "show_dialog","dialog": "crazy_adventure:manual/page_17"}},
				{"text": "腑\n","hover_event": {"action": "show_text","value": [{"text": ""},[{"text": "","font": "crazy_adventure:manual","color": "white"},"\"F\n","\"",{"text": "$耭"},{"text": "$耭"},{"text": "$耭"},"\n","\"",{"text": "U$"},{"text": "U$"},{"text": "U$"},"\n","\"",{"text": "$耭"},{"text": "$耭"},{"text": "$耭"},"\"\"",{"text": "$$耳"},"\n","\"",{"text": "U$"},{"text": "U$"},{"text": "U$"},"\"\"",{"text": "U$"},"\n","\"",{"text": "$耭"},{"text": "$耭"},{"text": "$耭"},"\n","\"",{"text": "U$"},{"text": "U$"},{"text": "U$"},"\n"],{"text": "\n- x9 ","color": "gray"},{"translate": "crazy_adventure.californium_ingot","color": "gray"}]},"click_event": {"action": "show_dialog","dialog": "crazy_adventure:manual/page_19"}},
				{"text": "0##","hover_event": {"action": "show_text","value": [{"text": ""},[{"text": "","font": "crazy_adventure:manual","color": "white"},"\"E\n","\"",{"text": "$耳"},"\n","\"",{"text": "U$"},"U$U$",{"text": "$$腂"},"\n\"","U$U$U$",{"text": "U$"},"\n","\n"],{"text": "\n- x1 ","color": "gray"},{"translate": "crazy_adventure.californium_block","color": "gray"}]},"click_event": {"action": "show_dialog","dialog": "crazy_adventure:manual/page_19"}},
				{"text": "0##","hover_event": {"action": "show_text","value": [{"text": ""},[{"text": "","font": "crazy_adventure:manual","color": "white"},"\"F\n","\"",{"text": "$耯"},{"text": "$耯"},{"text": "$耯"},"\n","\"",{"text": "U$"},{"text": "U$"},{"text": "U$"},"\n","\"",{"text": "$耯"},{"text": "$耯"},{"text": "$耯"},"\"\"",{"text": "$$耭"},"\n","\"",{"text": "U$"},{"text": "U$"},{"text": "U$"},"\"\"",{"text": "U$"},"\n","\"",{"text": "$耯"},{"text": "$耯"},{"text": "$耯"},"\n","\"",{"text": "U$"},{"text": "U$"},{"text": "U$"},"\n"],{"text": "\n- x9 ","color": "gray"},{"translate": "crazy_adventure.californium_nugget","color": "gray"}]},"click_event": {"action": "show_dialog","dialog": "crazy_adventure:manual/page_17"}},
				{"text": "0##","hover_event": {"action": "show_text","value": [{"text": ""},[{"text": "","font": "crazy_adventure:manual","color": "white"},"\"G\n","\"",{"text": "$耱"},"\n","\"",{"text": "U$"},"\n","\"\"\"\"U$U$",{"text": "$$耭"},"\n","\"\"\"\"U$U$",{"text": "U$"},"\n","\n\n"],{"translate": "crazy_adventure.smelting","color": "yellow"},{"text": "\n- x1 ","color": "gray"},{"translate": "crazy_adventure.raw_californium","color": "gray"}]},"click_event": {"action": "show_dialog","dialog": "crazy_adventure:manual/page_18"}},
				{"text": "0##","hover_event": {"action": "show_text","value": [{"text": ""},[{"text": "","font": "crazy_adventure:manual","color": "white"},"\"G\n","\"",{"text": "$耵"},"\n","\"",{"text": "U$"},"\n","\"\"\"\"U$U$",{"text": "$$耭"},"\n","\"\"\"\"U$U$",{"text": "U$"},"\n","\n\n"],{"translate": "crazy_adventure.smelting","color": "yellow"},{"text": "\n- x1 ","color": "gray"},{"translate": "crazy_adventure.californium_ore","color": "gray"}]},"click_event": {"action": "show_dialog","dialog": "crazy_adventure:manual/page_20"}},
				{"text": "0##","hover_event": {"action": "show_text","value": [{"text": ""},[{"text": "","font": "crazy_adventure:manual","color": "white"},"\"E\n","\"",{"text": "$耭"},"\n","\"",{"text": "U$"},"U$U$",{"text": "$$腌"},"\n\"","U$U$U$",{"text": "U$"},"\n","\n"],{"text": "\n- x1 ","color": "gray"},{"translate": "crazy_adventure.californium_ingot","color": "gray"}]},"click_event": {"action": "show_dialog","dialog": "crazy_adventure:manual/page_17"}},
				{"text": "0\n","hover_event": {"action": "show_text","value": [{"text": ""},[{"text": "","font": "crazy_adventure:manual","color": "white"},"\"F\n","\"",{"text": "$耭"},{"text": "$耭"},{"text": "$耭"},"\n","\"",{"text": "U$"},{"text": "U$"},{"text": "U$"},"\n","\"",{"text": "$耭"},{"text": "$耭"},{"text": "$耭"},"\"\"",{"text": "$$耳"},"\n","\"",{"text": "U$"},{"text": "U$"},{"text": "U$"},"\"\"",{"text": "U$"},"\n","\"",{"text": "$耭"},{"text": "$耭"},{"text": "$耭"},"\n","\"",{"text": "U$"},{"text": "U$"},{"text": "U$"},"\n"],{"text": "\n- x9 ","color": "gray"},{"translate": "crazy_adventure.californium_ingot","color": "gray"}]},"click_event": {"action": "show_dialog","dialog": "crazy_adventure:manual/page_19"}},
				{"text": "腔##","hover_event": {"action": "show_text","value": [{"text": ""},[{"text": "","font": "crazy_adventure:manual","color": "white"},"\"F\n","\"",{"text": "$耭"},{"text": "$耭"},{"text": "$耭"},"\n","\"",{"text": "U$"},{"text": "U$"},{"text": "U$"},"\n","\"",{"text": "$耭"},"U$",{"text": "$耭"},"\"\"",{"text": "$$聉"},"\n","\"",{"text": "U$"},"U$",{"text": "U$"},"\"\"",{"text": "U$"},"\n","\n\n"],{"text": "\n- x5 ","color": "gray"},{"translate": "crazy_adventure.californium_ingot","color": "gray"}]},"priority": 0,"click_event": {"action": "show_dialog","dialog": "crazy_adventure:manual/page_30"}},
				{"text": "腗##","hover_event": {"action": "show_text","value": [{"text": ""},[{"text": "","font": "crazy_adventure:manual","color": "white"},"\"F\n","\"",{"text": "$耭"},"U$",{"text": "$耭"},"\n","\"",{"text": "U$"},"U$",{"text": "U$"},"\n","\"",{"text": "$耭"},{"text": "$耭"},{"text": "$耭"},"\"\"",{"text": "$$聋"},"\n","\"",{"text": "U$"},{"text": "U$"},{"text": "U$"},"\"\"",{"text": "U$"},"\n","\"",{"text": "$耭"},{"text": "$耭"},{"text": "$耭"},"\n","\"",{"text": "U$"},{"text": "U$"},{"text": "U$"},"\n"],{"text": "\n- x8 ","color": "gray"},{"translate": "crazy_adventure.californium_ingot","color": "gray"}]},"priority": 0,"click_event": {"action": "show_dialog","dialog": "crazy_adventure:manual/page_31"}},
				{"text": "腚##","hover_event": {"action": "show_text","value": [{"text": ""},[{"text": "","font": "crazy_adventure:manual","color": "white"},"\"F\n","\"",{"text": "$耭"},{"text": "$耭"},{"text": "$耭"},"\n","\"",{"text": "U$"},{"text": "U$"},{"text": "U$"},"\n","\"",{"text": "$耭"},"U$",{"text": "$耭"},"\"\"",{"text": "$$聍"},"\n","\"",{"text": "U$"},"U$",{"text": "U$"},"\"\"",{"text": "U$"},"\n","\"",{"text": "$耭"},"U$",{"text": "$耭"},"\n","\"",{"text": "U$"},"U$",{"text": "U$"},"\n"],{"text": "\n- x7 ","color": "gray"},{"translate": "crazy_adventure.californium_ingot","color": "gray"}]},"priority": 0,"click_event": {"action": "show_dialog","dialog": "crazy_adventure:manual/page_32"}},
				{"text": "腝##","hover_event": {"action": "show_text","value": [{"text": ""},[{"text": "","font": "crazy_adventure:manual","color": "white"},"\"F\n","\"",{"text": "$耭"},"U$",{"text": "$耭"},"\n","\"",{"text": "U$"},"U$",{"text": "U$"},"\n","\"",{"text": "$耭"},"U$",{"text": "$耭"},"\"\"",{"text": "$$聏"},"\n","\"",{"text": "U$"},"U$",{"text": "U$"},"\"\"",{"text": "U$"},"\n","\n\n"],{"text": "\n- x4 ","color": "gray"},{"translate": "crazy_adventure.californium_ingot","color": "gray"}]},"priority": 0,"click_event": {"action": "show_dialog","dialog": "crazy_adventure:manual/page_33"}},
				{"text": "腡##","hover_event": {"action": "show_text","value": [{"text": ""},[{"text": "","font": "crazy_adventure:manual","color": "white"},"\"F\n","\"","U$",{"text": "$耭"},"U$","\n","\"","U$",{"text": "U$"},"U$","\n","\"","U$",{"text": "$耭"},"U$","\"\"",{"text": "$$聑"},"\n","\"","U$",{"text": "U$"},"U$","\"\"",{"text": "U$"},"\n","\"","U$",{"text": "$胏"},"U$","\n","\"","U$",{"text": "U$"},"U$","\n"],{"text": "\n- x2 ","color": "gray"},{"translate": "crazy_adventure.californium_ingot","color": "gray"},{"text": "\n- x1 ","color": "gray"},{"translate": "crazy_adventure.stick","color": "gray"}]},"priority": 0,"click_event": {"action": "show_dialog","dialog": "crazy_adventure:manual/page_34"}},
				{"text": "腥\n","hover_event": {"action": "show_text","value": [{"text": ""},[{"text": "","font": "crazy_adventure:manual","color": "white"},"\"F\n","\"",{"text": "$耭"},{"text": "$耭"},{"text": "$耭"},"\n","\"",{"text": "U$"},{"text": "U$"},{"text": "U$"},"\n","\"","U$",{"text": "$胏"},"U$","\"\"",{"text": "$$聓"},"\n","\"","U$",{"text": "U$"},"U$","\"\"",{"text": "U$"},"\n","\"","U$",{"text": "$胏"},"U$","\n","\"","U$",{"text": "U$"},"U$","\n"],{"text": "\n- x3 ","color": "gray"},{"translate": "crazy_adventure.californium_ingot","color": "gray"},{"text": "\n- x2 ","color": "gray"},{"translate": "crazy_adventure.stick","color": "gray"}]},"priority": 0,"click_event": {"action": "show_dialog","dialog": "crazy_adventure:manual/page_35"}},
				{"text": "0##","hover_event": {"action": "show_text","value": [{"text": ""},[{"text": "","font": "crazy_adventure:manual","color": "white"},"\"F\n","\"",{"text": "$耭"},{"text": "$耭"},{"text": "$耭"},"\n","\"",{"text": "U$"},{"text": "U$"},{"text": "U$"},"\n","\"",{"text": "$耭"},"U$",{"text": "$耭"},"\"\"",{"text": "$$聉"},"\n","\"",{"text": "U$"},"U$",{"text": "U$"},"\"\"",{"text": "U$"},"\n","\n\n"],{"text": "\n- x5 ","color": "gray"},{"translate": "crazy_adventure.californium_ingot","color": "gray"}]},"priority": 0,"click_event": {"action": "show_dialog","dialog": "crazy_adventure:manual/page_30"}},
				{"text": "0##","hover_event": {"action": "show_text","value": [{"text": ""},[{"text": "","font": "crazy_adventure:manual","color": "white"},"\"F\n","\"",{"text": "$耭"},"U$",{"text": "$耭"},"\n","\"",{"text": "U$"},"U$",{"text": "U$"},"\n","\"",{"text": "$耭"},{"text": "$耭"},{"text": "$耭"},"\"\"",{"text": "$$聋"},"\n","\"",{"text": "U$"},{"text": "U$"},{"text": "U$"},"\"\"",{"text": "U$"},"\n","\"",{"text": "$耭"},{"text": "$耭"},{"text": "$耭"},"\n","\"",{"text": "U$"},{"text": "U$"},{"text": "U$"},"\n"],{"text": "\n- x8 ","color": "gray"},{"translate": "crazy_adventure.californium_ingot","color": "gray"}]},"priority": 0,"click_event": {"action": "show_dialog","dialog": "crazy_adventure:manual/page_31"}},
				{"text": "0##","hover_event": {"action": "show_text","value": [{"text": ""},[{"text": "","font": "crazy_adventure:manual","color": "white"},"\"F\n","\"",{"text": "$耭"},{"text": "$耭"},{"text": "$耭"},"\n","\"",{"text": "U$"},{"text": "U$"},{"text": "U$"},"\n","\"",{"text": "$耭"},"U$",{"text": "$耭"},"\"\"",{"text": "$$聍"},"\n","\"",{"text": "U$"},"U$",{"text": "U$"},"\"\"",{"text": "U$"},"\n","\"",{"text": "$耭"},"U$",{"text": "$耭"},"\n","\"",{"text": "U$"},"U$",{"text": "U$"},"\n"],{"text": "\n- x7 ","color": "gray"},{"translate": "crazy_adventure.californium_ingot","color": "gray"}]},"priority": 0,"click_event": {"action": "show_dialog","dialog": "crazy_adventure:manual/page_32"}},
				{"text": "0##","hover_event": {"action": "show_text","value": [{"text": ""},[{"text": "","font": "crazy_adventure:manual","color": "white"},"\"F\n","\"",{"text": "$耭"},"U$",{"text": "$耭"},"\n","\"",{"text": "U$"},"U$",{"text": "U$"},"\n","\"",{"text": "$耭"},"U$",{"text": "$耭"},"\"\"",{"text": "$$聏"},"\n","\"",{"text": "U$"},"U$",{"text": "U$"},"\"\"",{"text": "U$"},"\n","\n\n"],{"text": "\n- x4 ","color": "gray"},{"translate": "crazy_adventure.californium_ingot","color": "gray"}]},"priority": 0,"click_event": {"action": "show_dialog","dialog": "crazy_adventure:manual/page_33"}},
				{"text": "0##","hover_event": {"action": "show_text","value": [{"text": ""},[{"text": "","font": "crazy_adventure:manual","color": "white"},"\"F\n","\"","U$",{"text": "$耭"},"U$","\n","\"","U$",{"text": "U$"},"U$","\n","\"","U$",{"text": "$耭"},"U$","\"\"",{"text": "$$聑"},"\n","\"","U$",{"text": "U$"},"U$","\"\"",{"text": "U$"},"\n","\"","U$",{"text": "$胏"},"U$","\n","\"","U$",{"text": "U$"},"U$","\n"],{"text": "\n- x2 ","color": "gray"},{"translate": "crazy_adventure.californium_ingot","color": "gray"},{"text": "\n- x1 ","color": "gray"},{"translate": "crazy_adventure.stick","color": "gray"}]},"priority": 0,"click_event": {"action": "show_dialog","dialog": "crazy_adventure:manual/page_34"}},
				{"text": "0\n","hover_event": {"action": "show_text","value": [{"text": ""},[{"text": "","font": "crazy_adventure:manual","color": "white"},"\"F\n","\"",{"text": "$耭"},{"text": "$耭"},{"text": "$耭"},"\n","\"",{"text": "U$"},{"text": "U$"},{"text": "U$"},"\n","\"","U$",{"text": "$胏"},"U$","\"\"",{"text": "$$聓"},"\n","\"","U$",{"text": "U$"},"U$","\"\"",{"text": "U$"},"\n","\"","U$",{"text": "$胏"},"U$","\n","\"","U$",{"text": "U$"},"U$","\n"],{"text": "\n- x3 ","color": "gray"},{"translate": "crazy_adventure.californium_ingot","color": "gray"},{"text": "\n- x2 ","color": "gray"},{"translate": "crazy_adventure.stick","color": "gray"}]},"priority": 0,"click_event": {"action": "show_dialog","dialog": "crazy_adventure:manual/page_35"}},
				{"text": "腩##","hover_event": {"action": "show_text","value": [{"text": ""},[{"text": "","font": "crazy_adventure:manual","color": "white"},"\"F\n","\"",{"text": "$耭"},{"text": "$耭"},"\n","\"",{"text": "U$"},{"text": "U$"},"\n","\"",{"text": "$耭"},{"text": "$胏"},"U$\"\"",{"text": "$$聕"},"\n","\"",{"text": "U$"},{"text": "U$"},"U$\"\"",{"text": "U$"},"\n","\"","U$",{"text": "$胏"},"\n","\"","U$",{"text": "U$"},"\n"],{"text": "\n- x3 ","color": "gray"},{"translate": "crazy_adventure.californium_ingot","color": "gray"},{"text": "\n- x2 ","color": "gray"},{"translate": "crazy_adventure.stick","color": "gray"}]},"priority": 0,"click_event": {"action": "show_dialog","dialog": "crazy_adventure:manual/page_36"}},
				{"text": "腭##","hover_event": {"action": "show_text","value": [{"text": ""},[{"text": "","font": "crazy_adventure:manual","color": "white"},"\"F\n","\"","U$",{"text": "$耭"},"U$","\n","\"","U$",{"text": "U$"},"U$","\n","\"","U$",{"text": "$胏"},"U$","\"\"",{"text": "$$聗"},"\n","\"","U$",{"text": "U$"},"U$","\"\"",{"text": "U$"},"\n","\"","U$",{"text": "$胏"},"U$","\n","\"","U$",{"text": "U$"},"U$","\n"],{"text": "\n- x1 ","color": "gray"},{"translate": "crazy_adventure.californium_ingot","color": "gray"},{"text": "\n- x2 ","color": "gray"},{"translate": "crazy_adventure.stick","color": "gray"}]},"priority": 0,"click_event": {"action": "show_dialog","dialog": "crazy_adventure:manual/page_37"}},
				{"text": "腱##","hover_event": {"action": "show_text","value": [{"text": ""},[{"text": "","font": "crazy_adventure:manual","color": "white"},"\"F\n","\"",{"text": "$耭"},{"text": "$耭"},"\n","\"",{"text": "U$"},{"text": "U$"},"\n","\"","U$",{"text": "$胏"},"U$\"\"",{"text": "$$聙"},"\n","\"","U$",{"text": "U$"},"U$\"\"",{"text": "U$"},"\n","\"","U$",{"text": "$胏"},"\n","\"","U$",{"text": "U$"},"\n"],{"text": "\n- x2 ","color": "gray"},{"translate": "crazy_adventure.californium_ingot","color": "gray"},{"text": "\n- x2 ","color": "gray"},{"translate": "crazy_adventure.stick","color": "gray"}]},"priority": 0,"click_event": {"action": "show_dialog","dialog": "crazy_adventure:manual/page_38"}},
				{"text": "腵##","hover_event": {"action": "show_text","value": [{"text": ""},[{"text": "","font": "crazy_adventure:manual","color": "white"},"\"F\n","\"","U$",{"text": "$耭"},"U$","\n","\"","U$",{"text": "U$"},"U$","\n","\"",{"text": "$耭"},{"text": "$聩"},{"text": "$耭"},"\"\"",{"text": "$$聳"},"\n","\"",{"text": "U$"},{"text": "U$"},{"text": "U$"},"\"\"",{"text": "U$"},"\n","\"","U$",{"text": "$耭"},"U$","\n","\"","U$",{"text": "U$"},"U$","\n"],{"text": "\n- x4 ","color": "gray"},{"translate": "crazy_adventure.californium_ingot","color": "gray"},{"text": "\n- x1 ","color": "gray"},{"translate": "crazy_adventure.uranium_core","color": "gray"}]},"click_event": {"action": "show_dialog","dialog": "crazy_adventure:manual/page_51"}},
				{"text": "腺##","hover_event": {"action": "show_text","value": [{"text": ""},[{"text": "","font": "crazy_adventure:manual","color": "white"},"\"F\n","\"",{"text": "$腹"},{"text": "$耭"},{"text": "$腹"},"\n","\"",{"text": "U$"},{"text": "U$"},{"text": "U$"},"\n","\"",{"text": "$耭"},{"text": "$肁"},{"text": "$耭"},"\"\"",{"text": "$$肃"},"\n","\"",{"text": "U$"},{"text": "U$"},{"text": "U$"},"\"\"",{"text": "U$"},"\n","\"",{"text": "$腹"},{"text": "$耭"},{"text": "$腹"},"\n","\"",{"text": "U$"},{"text": "U$"},{"text": "U$"},"\n"],{"text": "\n- x4 ","color": "gray"},{"translate": "crazy_adventure.californium_ingot","color": "gray"},{"text": "\n- x1 ","color": "gray"},{"translate": "crazy_adventure.better_nuclear_reactor","color": "gray"},{"text": "\n- x4 ","color": "gray"},{"translate": "crazy_adventure.weathered_copper","color": "gray"}]},"click_event": {"action": "show_dialog","dialog": "crazy_adventure:manual/page_59"}},
				{"text": "腿\n","hover_event": {"action": "show_text","value": [{"text": ""},[{"text": "","font": "crazy_adventure:manual","color": "white"},"\"F\n","\"",{"text": "$腾"},{"text": "$耭"},{"text": "$腾"},"\n","\"",{"text": "U$"},{"text": "U$"},{"text": "U$"},"\n","\"",{"text": "$腾"},{"text": "$聩"},{"text": "$腾"},"\"\"",{"text": "$$聣"},"\n","\"",{"text": "U$"},{"text": "U$"},{"text": "U$"},"\"\"",{"text": "U$"},"\n","\"","U$",{"text": "$腾"},"U$","\n","\"","U$",{"text": "U$"},"U$","\n"],{"text": "\n- x1 ","color": "gray"},{"translate": "crazy_adventure.uranium_core","color": "gray"},{"text": "\n- x1 ","color": "gray"},{"translate": "crazy_adventure.californium_ingot","color": "gray"},{"text": "\n- x5 ","color": "gray"},{"translate": "crazy_adventure.blue_wool","color": "gray"}]},"click_event": {"action": "show_dialog","dialog": "crazy_adventure:manual/page_43"}},
				{"text": "0##","hover_event": {"action": "show_text","value": [{"text": ""},[{"text": "","font": "crazy_adventure:manual","color": "white"},"\"F\n","\"",{"text": "$耭"},{"text": "$耭"},"\n","\"",{"text": "U$"},{"text": "U$"},"\n","\"",{"text": "$耭"},{"text": "$胏"},"U$\"\"",{"text": "$$聕"},"\n","\"",{"text": "U$"},{"text": "U$"},"U$\"\"",{"text": "U$"},"\n","\"","U$",{"text": "$胏"},"\n","\"","U$",{"text": "U$"},"\n"],{"text": "\n- x3 ","color": "gray"},{"translate": "crazy_adventure.californium_ingot","color": "gray"},{"text": "\n- x2 ","color": "gray"},{"translate": "crazy_adventure.stick","color": "gray"}]},"priority": 0,"click_event": {"action": "show_dialog","dialog": "crazy_adventure:manual/page_36"}},
				{"text": "0##","hover_event": {"action": "show_text","value": [{"text": ""},[{"text": "","font": "crazy_adventure:manual","color": "white"},"\"F\n","\"","U$",{"text": "$耭"},"U$","\n","\"","U$",{"text": "U$"},"U$","\n","\"","U$",{"text": "$胏"},"U$","\"\"",{"text": "$$聗"},"\n","\"","U$",{"text": "U$"},"U$","\"\"",{"text": "U$"},"\n","\"","U$",{"text": "$胏"},"U$","\n","\"","U$",{"text": "U$"},"U$","\n"],{"text": "\n- x1 ","color": "gray"},{"translate": "crazy_adventure.californium_ingot","color": "gray"},{"text": "\n- x2 ","color": "gray"},{"translate": "crazy_adventure.stick","color": "gray"}]},"priority": 0,"click_event": {"action": "show_dialog","dialog": "crazy_adventure:manual/page_37"}},
				{"text": "0##","hover_event": {"action": "show_text","value": [{"text": ""},[{"text": "","font": "crazy_adventure:manual","color": "white"},"\"F\n","\"",{"text": "$耭"},{"text": "$耭"},"\n","\"",{"text": "U$"},{"text": "U$"},"\n","\"","U$",{"text": "$胏"},"U$\"\"",{"text": "$$聙"},"\n","\"","U$",{"text": "U$"},"U$\"\"",{"text": "U$"},"\n","\"","U$",{"text": "$胏"},"\n","\"","U$",{"text": "U$"},"\n"],{"text": "\n- x2 ","color": "gray"},{"translate": "crazy_adventure.californium_ingot","color": "gray"},{"text": "\n- x2 ","color": "gray"},{"translate": "crazy_adventure.stick","color": "gray"}]},"priority": 0,"click_event": {"action": "show_dialog","dialog": "crazy_adventure:manual/page_38"}},
				{"text": "0##","hover_event": {"action": "show_text","value": [{"text": ""},[{"text": "","font": "crazy_adventure:manual","color": "white"},"\"F\n","\"","U$",{"text": "$耭"},"U$","\n","\"","U$",{"text": "U$"},"U$","\n","\"",{"text": "$耭"},{"text": "$聩"},{"text": "$耭"},"\"\"",{"text": "$$聳"},"\n","\"",{"text": "U$"},{"text": "U$"},{"text": "U$"},"\"\"",{"text": "U$"},"\n","\"","U$",{"text": "$耭"},"U$","\n","\"","U$",{"text": "U$"},"U$","\n"],{"text": "\n- x4 ","color": "gray"},{"translate": "crazy_adventure.californium_ingot","color": "gray"},{"text": "\n- x1 ","color": "gray"},{"translate": "crazy_adventure.uranium_core","color": "gray"}]},"click_event": {"action": "show_dialog","dialog": "crazy_adventure:manual/page_51"}},
				{"text": "0##","hover_event": {"action": "show_text","value": [{"text": ""},[{"text": "","font": "crazy_adventure:manual","color": "white"},"\"F\n","\"",{"text": "$腹"},{"text": "$耭"},{"text": "$腹"},"\n","\"",{"text": "U$"},{"text": "U$"},{"text": "U$"},"\n","\"",{"text": "$耭"},{"text": "$肁"},{"text": "$耭"},"\"\"",{"text": "$$肃"},"\n","\"",{"text": "U$"},{"text": "U$"},{"text": "U$"},"\"\"",{"text": "U$"},"\n","\"",{"text": "$腹"},{"text": "$耭"},{"text": "$腹"},"\n","\"",{"text": "U$"},{"text": "U$"},{"text": "U$"},"\n"],{"text": "\n- x4 ","color": "gray"},{"translate": "crazy_adventure.californium_ingot","color": "gray"},{"text": "\n- x1 ","color": "gray"},{"translate": "crazy_adventure.better_nuclear_reactor","color": "gray"},{"text": "\n- x4 ","color": "gray"},{"translate": "crazy_adventure.weathered_copper","color": "gray"}]},"click_event": {"action": "show_dialog","dialog": "crazy_adventure:manual/page_59"}},
				{"text": "0","hover_event": {"action": "show_text","value": [{"text": ""},[{"text": "","font": "crazy_adventure:manual","color": "white"},"\"F\n","\"",{"text": "$腾"},{"text": "$耭"},{"text": "$腾"},"\n","\"",{"text": "U$"},{"text": "U$"},{"text": "U$"},"\n","\"",{"text": "$腾"},{"text": "$聩"},{"text": "$腾"},"\"\"",{"text": "$$聣"},"\n","\"",{"text": "U$"},{"text": "U$"},{"text": "U$"},"\"\"",{"text": "U$"},"\n","\"","U$",{"text": "$腾"},"U$","\n","\"","U$",{"text": "U$"},"U$","\n"],{"text": "\n- x1 ","color": "gray"},{"translate": "crazy_adventure.uranium_core","color": "gray"},{"text": "\n- x1 ","color": "gray"},{"translate": "crazy_adventure.californium_ingot","color": "gray"},{"text": "\n- x5 ","color": "gray"},{"translate": "crazy_adventure.blue_wool","color": "gray"}]},"click_event": {"action": "show_dialog","dialog": "crazy_adventure:manual/page_43"}},
				"\n\n\n\n\n\n\n\n\n\n\n\n\n\n"
			],
			"width": 140
		}
	]
}
