{
	"type": "minecraft:notice",
	"title": {
		"translate": "crazy_adventure.miscellaneous",
		"underlined": true
	},
	"body": [
		{
			"type": "minecraft:plain_message",
			"contents": [
				{"text": "V   ","font": "crazy_adventure:manual","color": "white"},
				{"text": "\n   ","click_event": {"action": "show_dialog","dialog": "crazy_adventure:manual/page_5"},"hover_event": {"action": "show_text","value": [{"translate": "crazy_adventure.go_to_previous_page"}," (5)"]}},
				" ",
				{"text": "   ","click_event": {"action": "show_dialog","dialog": "crazy_adventure:manual/page_7"},"hover_event": {"action": "show_text","value": [{"translate": "crazy_adventure.go_to_next_page"}," (7)"]}},
				{"text": "\n   ","click_event": {"action": "show_dialog","dialog": "crazy_adventure:manual/page_5"},"hover_event": {"action": "show_text","value": [{"translate": "crazy_adventure.go_to_previous_page"}," (5)"]}},
				" ",
				{"text": "   ","click_event": {"action": "show_dialog","dialog": "crazy_adventure:manual/page_7"},"hover_event": {"action": "show_text","value": [{"translate": "crazy_adventure.go_to_next_page"}," (7)"]}}
			],
			"width": 400
		},
		{
			"type": "minecraft:plain_message",
			"contents": [
				{"text": "","font": "crazy_adventure:manual","color": "white","shadow_color": [0,0,0,0]},
				"\"ဥ\n\"",
				{"text": "$聙","hover_event": {"action": "show_item","id": "written_book","components": {"item_name": "Crazy Adventure Manual","item_model": "crazy_adventure:manual","lore": [["",{"text": "I","color": "white","italic": false,"font": "crazy_adventure:icons"},{"translate": "crazy_adventure.crazy","color": "green"},{"translate": "crazy_adventure.adventure","color": "gray"}]],"custom_data": {"crazy_adventure": {"manual": true},"smithed": {"ignore": {"functionality": true,"crafting": true}}}}},"click_event": {"action": "show_dialog","dialog": "crazy_adventure:manual/page_37"}},
				{"text": "$聛","hover_event": {"action": "show_item","id": "warped_fungus_on_a_stick","components": {"tooltip_display": {"hidden_components": ["minecraft:unbreakable"]},"lore": [{"translate": "crazy_adventure.allows_you_to_know_your_radiation_amount","italic": false,"color": "gray"},{"translate": "crazy_adventure.hold_in_offhand","italic": false,"color": "white"},["",{"text": "I","color": "white","italic": false,"font": "crazy_adventure:icons"},{"translate": "crazy_adventure.crazy","color": "green"},{"translate": "crazy_adventure.adventure","color": "gray"}]],"item_model": "crazy_adventure:geiger_counter","item_name": {"translate": "crazy_adventure.geiger_counter"},"custom_data": {"crazy_adventure": {"geiger_counter": true},"smithed": {"ignore": {"functionality": true,"crafting": true}}}}},"click_event": {"action": "show_dialog","dialog": "crazy_adventure:manual/page_38"}},
				{"text": "$聝","hover_event": {"action": "show_item","id": "warped_fungus_on_a_stick","components": {"tooltip_display": {"hidden_components": ["minecraft:unbreakable"]},"item_model": "crazy_adventure:uranium_core","item_name": {"translate": "crazy_adventure.uranium_core"},"lore": [["",{"text": "I","color": "white","italic": false,"font": "crazy_adventure:icons"},{"translate": "crazy_adventure.crazy","color": "green"},{"translate": "crazy_adventure.adventure","color": "gray"}]],"custom_data": {"crazy_adventure": {"uranium_core": true},"smithed": {"ignore": {"functionality": true,"crafting": true}}}}},"click_event": {"action": "show_dialog","dialog": "crazy_adventure:manual/page_39"}},
				{"text": "$聟","hover_event": {"action": "show_item","id": "warped_fungus_on_a_stick","components": {"tooltip_display": {"hidden_components": ["minecraft:unbreakable"]},"item_model": "crazy_adventure:californium_core","item_name": {"translate": "crazy_adventure.californium_core"},"lore": [["",{"text": "I","color": "white","italic": false,"font": "crazy_adventure:icons"},{"translate": "crazy_adventure.crazy","color": "green"},{"translate": "crazy_adventure.adventure","color": "gray"}]],"custom_data": {"crazy_adventure": {"californium_core": true},"smithed": {"ignore": {"functionality": true,"crafting": true}}}}},"click_event": {"action": "show_dialog","dialog": "crazy_adventure:manual/page_40"}},
				"#\n\"",
				{"text": "!","hover_event": {"action": "show_item","id": "written_book","components": {"item_name": "Crazy Adventure Manual","item_model": "crazy_adventure:manual","lore": [["",{"text": "I","color": "white","italic": false,"font": "crazy_adventure:icons"},{"translate": "crazy_adventure.crazy","color": "green"},{"translate": "crazy_adventure.adventure","color": "gray"}]],"custom_data": {"crazy_adventure": {"manual": true},"smithed": {"ignore": {"functionality": true,"crafting": true}}}}},"click_event": {"action": "show_dialog","dialog": "crazy_adventure:manual/page_37"}},
				{"text": "!","hover_event": {"action": "show_item","id": "warped_fungus_on_a_stick","components": {"tooltip_display": {"hidden_components": ["minecraft:unbreakable"]},"lore": [{"translate": "crazy_adventure.allows_you_to_know_your_radiation_amount","italic": false,"color": "gray"},{"translate": "crazy_adventure.hold_in_offhand","italic": false,"color": "white"},["",{"text": "I","color": "white","italic": false,"font": "crazy_adventure:icons"},{"translate": "crazy_adventure.crazy","color": "green"},{"translate": "crazy_adventure.adventure","color": "gray"}]],"item_model": "crazy_adventure:geiger_counter","item_name": {"translate": "crazy_adventure.geiger_counter"},"custom_data": {"crazy_adventure": {"geiger_counter": true},"smithed": {"ignore": {"functionality": true,"crafting": true}}}}},"click_event": {"action": "show_dialog","dialog": "crazy_adventure:manual/page_38"}},
				{"text": "!","hover_event": {"action": "show_item","id": "warped_fungus_on_a_stick","components": {"tooltip_display": {"hidden_components": ["minecraft:unbreakable"]},"item_model": "crazy_adventure:uranium_core","item_name": {"translate": "crazy_adventure.uranium_core"},"lore": [["",{"text": "I","color": "white","italic": false,"font": "crazy_adventure:icons"},{"translate": "crazy_adventure.crazy","color": "green"},{"translate": "crazy_adventure.adventure","color": "gray"}]],"custom_data": {"crazy_adventure": {"uranium_core": true},"smithed": {"ignore": {"functionality": true,"crafting": true}}}}},"click_event": {"action": "show_dialog","dialog": "crazy_adventure:manual/page_39"}},
				{"text": "!","hover_event": {"action": "show_item","id": "warped_fungus_on_a_stick","components": {"tooltip_display": {"hidden_components": ["minecraft:unbreakable"]},"item_model": "crazy_adventure:californium_core","item_name": {"translate": "crazy_adventure.californium_core"},"lore": [["",{"text": "I","color": "white","italic": false,"font": "crazy_adventure:icons"},{"translate": "crazy_adventure.crazy","color": "green"},{"translate": "crazy_adventure.adventure","color": "gray"}]],"custom_data": {"crazy_adventure": {"californium_core": true},"smithed": {"ignore": {"functionality": true,"crafting": true}}}}},"click_event": {"action": "show_dialog","dialog": "crazy_adventure:manual/page_40"}},
				"#\n",
				"\n\n\n\n\n\n\n\n\n\n\n\n\n\n\n\n\n\n\n\n\n\n"
			],
			"width": 140
		}
	]
}
