{
	"type": "minecraft:notice",
	"title": [
		"",
		{
			"sprite": "crazy_adventure:item/dialog_sprite/uranium_ingot",
			"shadow_color": [
				0,
				0,
				0,
				0
			],
			"atlas": "minecraft:items"
		},
		" ",
		{
			"translate": "crazy_adventure.uranium_ingot",
			"underlined": true
		},
		" ",
		{
			"sprite": "crazy_adventure:item/dialog_sprite/uranium_ingot",
			"shadow_color": [
				0,
				0,
				0,
				0
			],
			"atlas": "minecraft:items"
		}
	],
	"body": [
		{
			"type": "minecraft:plain_message",
			"contents": [
				{"text": "V   ","font": "crazy_adventure:manual","color": "white"},
				{"text": "\n   ","click_event": {"action": "show_dialog","dialog": "crazy_adventure:manual/page_9"},"hover_event": {"action": "show_text","value": [{"translate": "crazy_adventure.go_to_previous_page"}," (9)"]}},
				" ",
				{"text": "   ","click_event": {"action": "show_dialog","dialog": "crazy_adventure:manual/page_11"},"hover_event": {"action": "show_text","value": [{"translate": "crazy_adventure.go_to_next_page"}," (11)"]}},
				{"text": "\n   ","click_event": {"action": "show_dialog","dialog": "crazy_adventure:manual/page_9"},"hover_event": {"action": "show_text","value": [{"translate": "crazy_adventure.go_to_previous_page"}," (9)"]}},
				" ",
				{"text": "   ","click_event": {"action": "show_dialog","dialog": "crazy_adventure:manual/page_11"},"hover_event": {"action": "show_text","value": [{"translate": "crazy_adventure.go_to_next_page"}," (11)"]}}
			],
			"width": 400
		},
		{
			"type": "minecraft:plain_message",
			"contents": [
				{"text": "","font": "crazy_adventure:manual","color": "white","shadow_color": [0,0,0,0]},
				"\"$5\n\"",
				{"text": "$耧","hover_event": {"action": "show_item","id": "furnace","components": {"custom_data": {"smithed": {"dict": {"block": {"uranium": true}},"ignore": {"functionality": true,"crafting": true}},"crazy_adventure": {"uranium_block": true}},"item_model": "crazy_adventure:uranium_block","item_name": {"translate": "crazy_adventure.uranium_block"},"lore": [["",{"text": "I","color": "white","italic": false,"font": "crazy_adventure:icons"},{"translate": "crazy_adventure.crazy","color": "green"},{"translate": "crazy_adventure.adventure","color": "gray"}]],"container": [{"slot": 0,"item": {"id": "minecraft:stone","count": 1,"components": {"minecraft:custom_data": {"smithed": {"block": {"id": "crazy_adventure:uranium_block","from": "crazy_adventure"}}}}}}],"tooltip_display": {"hidden_components": ["minecraft:container"]}}},"click_event": {"action": "show_dialog","dialog": "crazy_adventure:manual/page_13"}},
				"U$  \n\"",
				{"text": "U$","hover_event": {"action": "show_item","id": "furnace","components": {"custom_data": {"smithed": {"dict": {"block": {"uranium": true}},"ignore": {"functionality": true,"crafting": true}},"crazy_adventure": {"uranium_block": true}},"item_model": "crazy_adventure:uranium_block","item_name": {"translate": "crazy_adventure.uranium_block"},"lore": [["",{"text": "I","color": "white","italic": false,"font": "crazy_adventure:icons"},{"translate": "crazy_adventure.crazy","color": "green"},{"translate": "crazy_adventure.adventure","color": "gray"}]],"container": [{"slot": 0,"item": {"id": "minecraft:stone","count": 1,"components": {"minecraft:custom_data": {"smithed": {"block": {"id": "crazy_adventure:uranium_block","from": "crazy_adventure"}}}}}}],"tooltip_display": {"hidden_components": ["minecraft:container"]}}},"click_event": {"action": "show_dialog","dialog": "crazy_adventure:manual/page_13"}},
				"U$U$",
				{"text": "$$肯","hover_event": {"action": "show_item","id": "command_block","components": {"custom_data": {"smithed": {"dict": {"ingot": {"uranium": true}},"ignore": {"functionality": true,"crafting": true}},"crazy_adventure": {"uranium_ingot": true}},"item_model": "crazy_adventure:uranium_ingot","item_name": {"translate": "crazy_adventure.uranium_ingot"},"lore": [["",{"text": "I","color": "white","italic": false,"font": "crazy_adventure:icons"},{"translate": "crazy_adventure.crazy","color": "green"},{"translate": "crazy_adventure.adventure","color": "gray"}]]}}},
				"#$\n\"U$U$U$",
				{"text": "U$","hover_event": {"action": "show_item","id": "command_block","components": {"custom_data": {"smithed": {"dict": {"ingot": {"uranium": true}},"ignore": {"functionality": true,"crafting": true}},"crazy_adventure": {"uranium_ingot": true}},"item_model": "crazy_adventure:uranium_ingot","item_name": {"translate": "crazy_adventure.uranium_ingot"},"lore": [["",{"text": "I","color": "white","italic": false,"font": "crazy_adventure:icons"},{"translate": "crazy_adventure.crazy","color": "green"},{"translate": "crazy_adventure.adventure","color": "gray"}]]}}},
				"#$\n\n\n",
				{"text": "2##","hover_event": {"action": "show_text","value": [{"text": ""},[{"text": "","font": "crazy_adventure:manual","color": "white"},"\"E\n","\"",{"text": "$耧"},"\n","\"",{"text": "U$"},"U$U$",{"text": "$$肯"},"\n\"","U$U$U$",{"text": "U$"},"\n","\n"],{"text": "\n- x1 ","color": "gray"},{"translate": "crazy_adventure.uranium_block","color": "gray"}]},"click_event": {"action": "show_dialog","dialog": "crazy_adventure:manual/page_13"}},
				{"text": "2##","hover_event": {"action": "show_text","value": [{"text": ""},[{"text": "","font": "crazy_adventure:manual","color": "white"},"\"F\n","\"",{"text": "$耣"},{"text": "$耣"},{"text": "$耣"},"\n","\"",{"text": "U$"},{"text": "U$"},{"text": "U$"},"\n","\"",{"text": "$耣"},{"text": "$耣"},{"text": "$耣"},"\"\"",{"text": "$$耡"},"\n","\"",{"text": "U$"},{"text": "U$"},{"text": "U$"},"\"\"",{"text": "U$"},"\n","\"",{"text": "$耣"},{"text": "$耣"},{"text": "$耣"},"\n","\"",{"text": "U$"},{"text": "U$"},{"text": "U$"},"\n"],{"text": "\n- x9 ","color": "gray"},{"translate": "crazy_adventure.uranium_nugget","color": "gray"}]},"click_event": {"action": "show_dialog","dialog": "crazy_adventure:manual/page_11"}},
				{"text": "2##","hover_event": {"action": "show_text","value": [{"text": ""},[{"text": "","font": "crazy_adventure:manual","color": "white"},"\"G\n","\"",{"text": "$耥"},"\n","\"",{"text": "U$"},"\n","\"\"\"\"U$U$",{"text": "$$耡"},"\n","\"\"\"\"U$U$",{"text": "U$"},"\n","\n\n"],{"translate": "crazy_adventure.smelting","color": "yellow"},{"text": "\n- x1 ","color": "gray"},{"translate": "crazy_adventure.raw_uranium","color": "gray"}]},"click_event": {"action": "show_dialog","dialog": "crazy_adventure:manual/page_12"}},
				{"text": "2##","hover_event": {"action": "show_text","value": [{"text": ""},[{"text": "","font": "crazy_adventure:manual","color": "white"},"\"G\n","\"",{"text": "$耩"},"\n","\"",{"text": "U$"},"\n","\"\"\"\"U$U$",{"text": "$$耡"},"\n","\"\"\"\"U$U$",{"text": "U$"},"\n","\n\n"],{"translate": "crazy_adventure.smelting","color": "yellow"},{"text": "\n- x1 ","color": "gray"},{"translate": "crazy_adventure.uranium_ore","color": "gray"}]},"click_event": {"action": "show_dialog","dialog": "crazy_adventure:manual/page_14"}},
				{"text": "2##","hover_event": {"action": "show_text","value": [{"text": ""},[{"text": "","font": "crazy_adventure:manual","color": "white"},"\"G\n","\"",{"text": "$耫"},"\n","\"",{"text": "U$"},"\n","\"\"\"\"U$U$",{"text": "$$耡"},"\n","\"\"\"\"U$U$",{"text": "U$"},"\n","\n\n"],{"translate": "crazy_adventure.smelting","color": "yellow"},{"text": "\n- x1 ","color": "gray"},{"translate": "crazy_adventure.deepslate_uranium_ore","color": "gray"}]},"click_event": {"action": "show_dialog","dialog": "crazy_adventure:manual/page_15"}},
				{"text": "肽\n","hover_event": {"action": "show_text","value": [{"text": ""},[{"text": "","font": "crazy_adventure:manual","color": "white"},"\"E\n","\"",{"text": "$耡"},"\n","\"",{"text": "U$"},"U$U$",{"text": "$$肻"},"\n\"","U$U$U$",{"text": "U$"},"\n","\n"],{"text": "\n- x1 ","color": "gray"},{"translate": "crazy_adventure.uranium_ingot","color": "gray"}]},"click_event": {"action": "show_dialog","dialog": "crazy_adventure:manual/page_11"}},
				{"text": "0##","hover_event": {"action": "show_text","value": [{"text": ""},[{"text": "","font": "crazy_adventure:manual","color": "white"},"\"E\n","\"",{"text": "$耧"},"\n","\"",{"text": "U$"},"U$U$",{"text": "$$肯"},"\n\"","U$U$U$",{"text": "U$"},"\n","\n"],{"text": "\n- x1 ","color": "gray"},{"translate": "crazy_adventure.uranium_block","color": "gray"}]},"click_event": {"action": "show_dialog","dialog": "crazy_adventure:manual/page_13"}},
				{"text": "0##","hover_event": {"action": "show_text","value": [{"text": ""},[{"text": "","font": "crazy_adventure:manual","color": "white"},"\"F\n","\"",{"text": "$耣"},{"text": "$耣"},{"text": "$耣"},"\n","\"",{"text": "U$"},{"text": "U$"},{"text": "U$"},"\n","\"",{"text": "$耣"},{"text": "$耣"},{"text": "$耣"},"\"\"",{"text": "$$耡"},"\n","\"",{"text": "U$"},{"text": "U$"},{"text": "U$"},"\"\"",{"text": "U$"},"\n","\"",{"text": "$耣"},{"text": "$耣"},{"text": "$耣"},"\n","\"",{"text": "U$"},{"text": "U$"},{"text": "U$"},"\n"],{"text": "\n- x9 ","color": "gray"},{"translate": "crazy_adventure.uranium_nugget","color": "gray"}]},"click_event": {"action": "show_dialog","dialog": "crazy_adventure:manual/page_11"}},
				{"text": "0##","hover_event": {"action": "show_text","value": [{"text": ""},[{"text": "","font": "crazy_adventure:manual","color": "white"},"\"G\n","\"",{"text": "$耥"},"\n","\"",{"text": "U$"},"\n","\"\"\"\"U$U$",{"text": "$$耡"},"\n","\"\"\"\"U$U$",{"text": "U$"},"\n","\n\n"],{"translate": "crazy_adventure.smelting","color": "yellow"},{"text": "\n- x1 ","color": "gray"},{"translate": "crazy_adventure.raw_uranium","color": "gray"}]},"click_event": {"action": "show_dialog","dialog": "crazy_adventure:manual/page_12"}},
				{"text": "0##","hover_event": {"action": "show_text","value": [{"text": ""},[{"text": "","font": "crazy_adventure:manual","color": "white"},"\"G\n","\"",{"text": "$耩"},"\n","\"",{"text": "U$"},"\n","\"\"\"\"U$U$",{"text": "$$耡"},"\n","\"\"\"\"U$U$",{"text": "U$"},"\n","\n\n"],{"translate": "crazy_adventure.smelting","color": "yellow"},{"text": "\n- x1 ","color": "gray"},{"translate": "crazy_adventure.uranium_ore","color": "gray"}]},"click_event": {"action": "show_dialog","dialog": "crazy_adventure:manual/page_14"}},
				{"text": "0##","hover_event": {"action": "show_text","value": [{"text": ""},[{"text": "","font": "crazy_adventure:manual","color": "white"},"\"G\n","\"",{"text": "$耫"},"\n","\"",{"text": "U$"},"\n","\"\"\"\"U$U$",{"text": "$$耡"},"\n","\"\"\"\"U$U$",{"text": "U$"},"\n","\n\n"],{"translate": "crazy_adventure.smelting","color": "yellow"},{"text": "\n- x1 ","color": "gray"},{"translate": "crazy_adventure.deepslate_uranium_ore","color": "gray"}]},"click_event": {"action": "show_dialog","dialog": "crazy_adventure:manual/page_15"}},
				{"text": "0\n","hover_event": {"action": "show_text","value": [{"text": ""},[{"text": "","font": "crazy_adventure:manual","color": "white"},"\"E\n","\"",{"text": "$耡"},"\n","\"",{"text": "U$"},"U$U$",{"text": "$$肻"},"\n\"","U$U$U$",{"text": "U$"},"\n","\n"],{"text": "\n- x1 ","color": "gray"},{"translate": "crazy_adventure.uranium_ingot","color": "gray"}]},"click_event": {"action": "show_dialog","dialog": "crazy_adventure:manual/page_11"}},
				{"text": "胀##","hover_event": {"action": "show_text","value": [{"text": ""},[{"text": "","font": "crazy_adventure:manual","color": "white"},"\"F\n","\"",{"text": "$耡"},{"text": "$耡"},{"text": "$耡"},"\n","\"",{"text": "U$"},{"text": "U$"},{"text": "U$"},"\n","\"",{"text": "$耡"},{"text": "$耡"},{"text": "$耡"},"\"\"",{"text": "$$耧"},"\n","\"",{"text": "U$"},{"text": "U$"},{"text": "U$"},"\"\"",{"text": "U$"},"\n","\"",{"text": "$耡"},{"text": "$耡"},{"text": "$耡"},"\n","\"",{"text": "U$"},{"text": "U$"},{"text": "U$"},"\n"],{"text": "\n- x9 ","color": "gray"},{"translate": "crazy_adventure.uranium_ingot","color": "gray"}]},"click_event": {"action": "show_dialog","dialog": "crazy_adventure:manual/page_13"}},
				{"text": "胃##","hover_event": {"action": "show_text","value": [{"text": ""},[{"text": "","font": "crazy_adventure:manual","color": "white"},"\"F\n","\"",{"text": "$耡"},{"text": "$耡"},{"text": "$耡"},"\n","\"",{"text": "U$"},{"text": "U$"},{"text": "U$"},"\n","\"",{"text": "$耡"},"U$",{"text": "$耡"},"\"\"",{"text": "$$耷"},"\n","\"",{"text": "U$"},"U$",{"text": "U$"},"\"\"",{"text": "U$"},"\n","\n\n"],{"text": "\n- x5 ","color": "gray"},{"translate": "crazy_adventure.uranium_ingot","color": "gray"}]},"priority": 0,"click_event": {"action": "show_dialog","dialog": "crazy_adventure:manual/page_21"}},
				{"text": "胆##","hover_event": {"action": "show_text","value": [{"text": ""},[{"text": "","font": "crazy_adventure:manual","color": "white"},"\"F\n","\"",{"text": "$耡"},"U$",{"text": "$耡"},"\n","\"",{"text": "U$"},"U$",{"text": "U$"},"\n","\"",{"text": "$耡"},{"text": "$耡"},{"text": "$耡"},"\"\"",{"text": "$$耹"},"\n","\"",{"text": "U$"},{"text": "U$"},{"text": "U$"},"\"\"",{"text": "U$"},"\n","\"",{"text": "$耡"},{"text": "$耡"},{"text": "$耡"},"\n","\"",{"text": "U$"},{"text": "U$"},{"text": "U$"},"\n"],{"text": "\n- x8 ","color": "gray"},{"translate": "crazy_adventure.uranium_ingot","color": "gray"}]},"priority": 0,"click_event": {"action": "show_dialog","dialog": "crazy_adventure:manual/page_22"}},
				{"text": "胉##","hover_event": {"action": "show_text","value": [{"text": ""},[{"text": "","font": "crazy_adventure:manual","color": "white"},"\"F\n","\"",{"text": "$耡"},{"text": "$耡"},{"text": "$耡"},"\n","\"",{"text": "U$"},{"text": "U$"},{"text": "U$"},"\n","\"",{"text": "$耡"},"U$",{"text": "$耡"},"\"\"",{"text": "$$耻"},"\n","\"",{"text": "U$"},"U$",{"text": "U$"},"\"\"",{"text": "U$"},"\n","\"",{"text": "$耡"},"U$",{"text": "$耡"},"\n","\"",{"text": "U$"},"U$",{"text": "U$"},"\n"],{"text": "\n- x7 ","color": "gray"},{"translate": "crazy_adventure.uranium_ingot","color": "gray"}]},"priority": 0,"click_event": {"action": "show_dialog","dialog": "crazy_adventure:manual/page_23"}},
				{"text": "背##","hover_event": {"action": "show_text","value": [{"text": ""},[{"text": "","font": "crazy_adventure:manual","color": "white"},"\"F\n","\"",{"text": "$耡"},"U$",{"text": "$耡"},"\n","\"",{"text": "U$"},"U$",{"text": "U$"},"\n","\"",{"text": "$耡"},"U$",{"text": "$耡"},"\"\"",{"text": "$$耽"},"\n","\"",{"text": "U$"},"U$",{"text": "U$"},"\"\"",{"text": "U$"},"\n","\n\n"],{"text": "\n- x4 ","color": "gray"},{"translate": "crazy_adventure.uranium_ingot","color": "gray"}]},"priority": 0,"click_event": {"action": "show_dialog","dialog": "crazy_adventure:manual/page_24"}},
				{"text": "胐\n","hover_event": {"action": "show_text","value": [{"text": ""},[{"text": "","font": "crazy_adventure:manual","color": "white"},"\"F\n","\"","U$",{"text": "$耡"},"U$","\n","\"","U$",{"text": "U$"},"U$","\n","\"","U$",{"text": "$耡"},"U$","\"\"",{"text": "$$耿"},"\n","\"","U$",{"text": "U$"},"U$","\"\"",{"text": "U$"},"\n","\"","U$",{"text": "$胏"},"U$","\n","\"","U$",{"text": "U$"},"U$","\n"],{"text": "\n- x2 ","color": "gray"},{"translate": "crazy_adventure.uranium_ingot","color": "gray"},{"text": "\n- x1 ","color": "gray"},{"translate": "crazy_adventure.stick","color": "gray"}]},"priority": 0,"click_event": {"action": "show_dialog","dialog": "crazy_adventure:manual/page_25"}},
				{"text": "0##","hover_event": {"action": "show_text","value": [{"text": ""},[{"text": "","font": "crazy_adventure:manual","color": "white"},"\"F\n","\"",{"text": "$耡"},{"text": "$耡"},{"text": "$耡"},"\n","\"",{"text": "U$"},{"text": "U$"},{"text": "U$"},"\n","\"",{"text": "$耡"},{"text": "$耡"},{"text": "$耡"},"\"\"",{"text": "$$耧"},"\n","\"",{"text": "U$"},{"text": "U$"},{"text": "U$"},"\"\"",{"text": "U$"},"\n","\"",{"text": "$耡"},{"text": "$耡"},{"text": "$耡"},"\n","\"",{"text": "U$"},{"text": "U$"},{"text": "U$"},"\n"],{"text": "\n- x9 ","color": "gray"},{"translate": "crazy_adventure.uranium_ingot","color": "gray"}]},"click_event": {"action": "show_dialog","dialog": "crazy_adventure:manual/page_13"}},
				{"text": "0##","hover_event": {"action": "show_text","value": [{"text": ""},[{"text": "","font": "crazy_adventure:manual","color": "white"},"\"F\n","\"",{"text": "$耡"},{"text": "$耡"},{"text": "$耡"},"\n","\"",{"text": "U$"},{"text": "U$"},{"text": "U$"},"\n","\"",{"text": "$耡"},"U$",{"text": "$耡"},"\"\"",{"text": "$$耷"},"\n","\"",{"text": "U$"},"U$",{"text": "U$"},"\"\"",{"text": "U$"},"\n","\n\n"],{"text": "\n- x5 ","color": "gray"},{"translate": "crazy_adventure.uranium_ingot","color": "gray"}]},"priority": 0,"click_event": {"action": "show_dialog","dialog": "crazy_adventure:manual/page_21"}},
				{"text": "0##","hover_event": {"action": "show_text","value": [{"text": ""},[{"text": "","font": "crazy_adventure:manual","color": "white"},"\"F\n","\"",{"text": "$耡"},"U$",{"text": "$耡"},"\n","\"",{"text": "U$"},"U$",{"text": "U$"},"\n","\"",{"text": "$耡"},{"text": "$耡"},{"text": "$耡"},"\"\"",{"text": "$$耹"},"\n","\"",{"text": "U$"},{"text": "U$"},{"text": "U$"},"\"\"",{"text": "U$"},"\n","\"",{"text": "$耡"},{"text": "$耡"},{"text": "$耡"},"\n","\"",{"text": "U$"},{"text": "U$"},{"text": "U$"},"\n"],{"text": "\n- x8 ","color": "gray"},{"translate": "crazy_adventure.uranium_ingot","color": "gray"}]},"priority": 0,"click_event": {"action": "show_dialog","dialog": "crazy_adventure:manual/page_22"}},
				{"text": "0##","hover_event": {"action": "show_text","value": [{"text": ""},[{"text": "","font": "crazy_adventure:manual","color": "white"},"\"F\n","\"",{"text": "$耡"},{"text": "$耡"},{"text": "$耡"},"\n","\"",{"text": "U$"},{"text": "U$"},{"text": "U$"},"\n","\"",{"text": "$耡"},"U$",{"text": "$耡"},"\"\"",{"text": "$$耻"},"\n","\"",{"text": "U$"},"U$",{"text": "U$"},"\"\"",{"text": "U$"},"\n","\"",{"text": "$耡"},"U$",{"text": "$耡"},"\n","\"",{"text": "U$"},"U$",{"text": "U$"},"\n"],{"text": "\n- x7 ","color": "gray"},{"translate": "crazy_adventure.uranium_ingot","color": "gray"}]},"priority": 0,"click_event": {"action": "show_dialog","dialog": "crazy_adventure:manual/page_23"}},
				{"text": "0##","hover_event": {"action": "show_text","value": [{"text": ""},[{"text": "","font": "crazy_adventure:manual","color": "white"},"\"F\n","\"",{"text": "$耡"},"U$",{"text": "$耡"},"\n","\"",{"text": "U$"},"U$",{"text": "U$"},"\n","\"",{"text": "$耡"},"U$",{"text": "$耡"},"\"\"",{"text": "$$耽"},"\n","\"",{"text": "U$"},"U$",{"text": "U$"},"\"\"",{"text": "U$"},"\n","\n\n"],{"text": "\n- x4 ","color": "gray"},{"translate": "crazy_adventure.uranium_ingot","color": "gray"}]},"priority": 0,"click_event": {"action": "show_dialog","dialog": "crazy_adventure:manual/page_24"}},
				{"text": "0\n","hover_event": {"action": "show_text","value": [{"text": ""},[{"text": "","font": "crazy_adventure:manual","color": "white"},"\"F\n","\"","U$",{"text": "$耡"},"U$","\n","\"","U$",{"text": "U$"},"U$","\n","\"","U$",{"text": "$耡"},"U$","\"\"",{"text": "$$耿"},"\n","\"","U$",{"text": "U$"},"U$","\"\"",{"text": "U$"},"\n","\"","U$",{"text": "$胏"},"U$","\n","\"","U$",{"text": "U$"},"U$","\n"],{"text": "\n- x2 ","color": "gray"},{"translate": "crazy_adventure.uranium_ingot","color": "gray"},{"text": "\n- x1 ","color": "gray"},{"translate": "crazy_adventure.stick","color": "gray"}]},"priority": 0,"click_event": {"action": "show_dialog","dialog": "crazy_adventure:manual/page_25"}},
				{"text": "胔##","hover_event": {"action": "show_text","value": [{"text": ""},[{"text": "","font": "crazy_adventure:manual","color": "white"},"\"F\n","\"",{"text": "$耡"},{"text": "$耡"},{"text": "$耡"},"\n","\"",{"text": "U$"},{"text": "U$"},{"text": "U$"},"\n","\"","U$",{"text": "$胏"},"U$","\"\"",{"text": "$$聁"},"\n","\"","U$",{"text": "U$"},"U$","\"\"",{"text": "U$"},"\n","\"","U$",{"text": "$胏"},"U$","\n","\"","U$",{"text": "U$"},"U$","\n"],{"text": "\n- x3 ","color": "gray"},{"translate": "crazy_adventure.uranium_ingot","color": "gray"},{"text": "\n- x2 ","color": "gray"},{"translate": "crazy_adventure.stick","color": "gray"}]},"priority": 0,"click_event": {"action": "show_dialog","dialog": "crazy_adventure:manual/page_26"}},
				{"text": "胘##","hover_event": {"action": "show_text","value": [{"text": ""},[{"text": "","font": "crazy_adventure:manual","color": "white"},"\"F\n","\"",{"text": "$耡"},{"text": "$耡"},"\n","\"",{"text": "U$"},{"text": "U$"},"\n","\"",{"text": "$耡"},{"text": "$胏"},"U$\"\"",{"text": "$$聃"},"\n","\"",{"text": "U$"},{"text": "U$"},"U$\"\"",{"text": "U$"},"\n","\"","U$",{"text": "$胏"},"\n","\"","U$",{"text": "U$"},"\n"],{"text": "\n- x3 ","color": "gray"},{"translate": "crazy_adventure.uranium_ingot","color": "gray"},{"text": "\n- x2 ","color": "gray"},{"translate": "crazy_adventure.stick","color": "gray"}]},"priority": 0,"click_event": {"action": "show_dialog","dialog": "crazy_adventure:manual/page_27"}},
				{"text": "胜##","hover_event": {"action": "show_text","value": [{"text": ""},[{"text": "","font": "crazy_adventure:manual","color": "white"},"\"F\n","\"","U$",{"text": "$耡"},"U$","\n","\"","U$",{"text": "U$"},"U$","\n","\"","U$",{"text": "$胏"},"U$","\"\"",{"text": "$$聅"},"\n","\"","U$",{"text": "U$"},"U$","\"\"",{"text": "U$"},"\n","\"","U$",{"text": "$胏"},"U$","\n","\"","U$",{"text": "U$"},"U$","\n"],{"text": "\n- x1 ","color": "gray"},{"translate": "crazy_adventure.uranium_ingot","color": "gray"},{"text": "\n- x2 ","color": "gray"},{"translate": "crazy_adventure.stick","color": "gray"}]},"priority": 0,"click_event": {"action": "show_dialog","dialog": "crazy_adventure:manual/page_28"}},
				{"text": "胠##","hover_event": {"action": "show_text","value": [{"text": ""},[{"text": "","font": "crazy_adventure:manual","color": "white"},"\"F\n","\"",{"text": "$耡"},{"text": "$耡"},"\n","\"",{"text": "U$"},{"text": "U$"},"\n","\"","U$",{"text": "$胏"},"U$\"\"",{"text": "$$聇"},"\n","\"","U$",{"text": "U$"},"U$\"\"",{"text": "U$"},"\n","\"","U$",{"text": "$胏"},"\n","\"","U$",{"text": "U$"},"\n"],{"text": "\n- x2 ","color": "gray"},{"translate": "crazy_adventure.uranium_ingot","color": "gray"},{"text": "\n- x2 ","color": "gray"},{"translate": "crazy_adventure.stick","color": "gray"}]},"priority": 0,"click_event": {"action": "show_dialog","dialog": "crazy_adventure:manual/page_29"}},
				{"text": "胤##","hover_event": {"action": "show_text","value": [{"text": ""},[{"text": "","font": "crazy_adventure:manual","color": "white"},"\"F\n","\"",{"text": "$耡"},{"text": "$耡"},"\n","\"",{"text": "U$"},{"text": "U$"},"\n","\"",{"text": "$胣"},{"text": "$胣"},"U$\"\"",{"text": "$$聧"},"\n","\"",{"text": "U$"},{"text": "U$"},"U$\"\"",{"text": "U$"},"\n","\"",{"text": "$胣"},{"text": "$胣"},"\n","\"",{"text": "U$"},{"text": "U$"},"\n"],{"text": "\n- x2 ","color": "gray"},{"translate": "crazy_adventure.uranium_ingot","color": "gray"},{"text": "\n- x4 ","color": "gray"},{"translate": "crazy_adventure.copper_ingot","color": "gray"}]},"click_event": {"action": "show_dialog","dialog": "crazy_adventure:manual/page_45"}},
				{"text": "胨\n","hover_event": {"action": "show_text","value": [{"text": ""},[{"text": "","font": "crazy_adventure:manual","color": "white"},"\"F\n","\"","U$",{"text": "$耡"},"U$","\n","\"","U$",{"text": "U$"},"U$","\n","\"",{"text": "$耡"},{"text": "$胧"},{"text": "$耡"},"\"\"",{"text": "$$聩"},"\n","\"",{"text": "U$"},{"text": "U$"},{"text": "U$"},"\"\"",{"text": "U$"},"\n","\"","U$",{"text": "$耡"},"U$","\n","\"","U$",{"text": "U$"},"U$","\n"],{"text": "\n- x4 ","color": "gray"},{"translate": "crazy_adventure.uranium_ingot","color": "gray"},{"text": "\n- x1 ","color": "gray"},{"translate": "crazy_adventure.iron_block","color": "gray"}]},"click_event": {"action": "show_dialog","dialog": "crazy_adventure:manual/page_46"}},
				{"text": "0##","hover_event": {"action": "show_text","value": [{"text": ""},[{"text": "","font": "crazy_adventure:manual","color": "white"},"\"F\n","\"",{"text": "$耡"},{"text": "$耡"},{"text": "$耡"},"\n","\"",{"text": "U$"},{"text": "U$"},{"text": "U$"},"\n","\"","U$",{"text": "$胏"},"U$","\"\"",{"text": "$$聁"},"\n","\"","U$",{"text": "U$"},"U$","\"\"",{"text": "U$"},"\n","\"","U$",{"text": "$胏"},"U$","\n","\"","U$",{"text": "U$"},"U$","\n"],{"text": "\n- x3 ","color": "gray"},{"translate": "crazy_adventure.uranium_ingot","color": "gray"},{"text": "\n- x2 ","color": "gray"},{"translate": "crazy_adventure.stick","color": "gray"}]},"priority": 0,"click_event": {"action": "show_dialog","dialog": "crazy_adventure:manual/page_26"}},
				{"text": "0##","hover_event": {"action": "show_text","value": [{"text": ""},[{"text": "","font": "crazy_adventure:manual","color": "white"},"\"F\n","\"",{"text": "$耡"},{"text": "$耡"},"\n","\"",{"text": "U$"},{"text": "U$"},"\n","\"",{"text": "$耡"},{"text": "$胏"},"U$\"\"",{"text": "$$聃"},"\n","\"",{"text": "U$"},{"text": "U$"},"U$\"\"",{"text": "U$"},"\n","\"","U$",{"text": "$胏"},"\n","\"","U$",{"text": "U$"},"\n"],{"text": "\n- x3 ","color": "gray"},{"translate": "crazy_adventure.uranium_ingot","color": "gray"},{"text": "\n- x2 ","color": "gray"},{"translate": "crazy_adventure.stick","color": "gray"}]},"priority": 0,"click_event": {"action": "show_dialog","dialog": "crazy_adventure:manual/page_27"}},
				{"text": "0##","hover_event": {"action": "show_text","value": [{"text": ""},[{"text": "","font": "crazy_adventure:manual","color": "white"},"\"F\n","\"","U$",{"text": "$耡"},"U$","\n","\"","U$",{"text": "U$"},"U$","\n","\"","U$",{"text": "$胏"},"U$","\"\"",{"text": "$$聅"},"\n","\"","U$",{"text": "U$"},"U$","\"\"",{"text": "U$"},"\n","\"","U$",{"text": "$胏"},"U$","\n","\"","U$",{"text": "U$"},"U$","\n"],{"text": "\n- x1 ","color": "gray"},{"translate": "crazy_adventure.uranium_ingot","color": "gray"},{"text": "\n- x2 ","color": "gray"},{"translate": "crazy_adventure.stick","color": "gray"}]},"priority": 0,"click_event": {"action": "show_dialog","dialog": "crazy_adventure:manual/page_28"}},
				{"text": "0##","hover_event": {"action": "show_text","value": [{"text": ""},[{"text": "","font": "crazy_adventure:manual","color": "white"},"\"F\n","\"",{"text": "$耡"},{"text": "$耡"},"\n","\"",{"text": "U$"},{"text": "U$"},"\n","\"","U$",{"text": "$胏"},"U$\"\"",{"text": "$$聇"},"\n","\"","U$",{"text": "U$"},"U$\"\"",{"text": "U$"},"\n","\"","U$",{"text": "$胏"},"\n","\"","U$",{"text": "U$"},"\n"],{"text": "\n- x2 ","color": "gray"},{"translate": "crazy_adventure.uranium_ingot","color": "gray"},{"text": "\n- x2 ","color": "gray"},{"translate": "crazy_adventure.stick","color": "gray"}]},"priority": 0,"click_event": {"action": "show_dialog","dialog": "crazy_adventure:manual/page_29"}},
				{"text": "0##","hover_event": {"action": "show_text","value": [{"text": ""},[{"text": "","font": "crazy_adventure:manual","color": "white"},"\"F\n","\"",{"text": "$耡"},{"text": "$耡"},"\n","\"",{"text": "U$"},{"text": "U$"},"\n","\"",{"text": "$胣"},{"text": "$胣"},"U$\"\"",{"text": "$$聧"},"\n","\"",{"text": "U$"},{"text": "U$"},"U$\"\"",{"text": "U$"},"\n","\"",{"text": "$胣"},{"text": "$胣"},"\n","\"",{"text": "U$"},{"text": "U$"},"\n"],{"text": "\n- x2 ","color": "gray"},{"translate": "crazy_adventure.uranium_ingot","color": "gray"},{"text": "\n- x4 ","color": "gray"},{"translate": "crazy_adventure.copper_ingot","color": "gray"}]},"click_event": {"action": "show_dialog","dialog": "crazy_adventure:manual/page_45"}},
				{"text": "0\n","hover_event": {"action": "show_text","value": [{"text": ""},[{"text": "","font": "crazy_adventure:manual","color": "white"},"\"F\n","\"","U$",{"text": "$耡"},"U$","\n","\"","U$",{"text": "U$"},"U$","\n","\"",{"text": "$耡"},{"text": "$胧"},{"text": "$耡"},"\"\"",{"text": "$$聩"},"\n","\"",{"text": "U$"},{"text": "U$"},{"text": "U$"},"\"\"",{"text": "U$"},"\n","\"","U$",{"text": "$耡"},"U$","\n","\"","U$",{"text": "U$"},"U$","\n"],{"text": "\n- x4 ","color": "gray"},{"translate": "crazy_adventure.uranium_ingot","color": "gray"},{"text": "\n- x1 ","color": "gray"},{"translate": "crazy_adventure.iron_block","color": "gray"}]},"click_event": {"action": "show_dialog","dialog": "crazy_adventure:manual/page_46"}},
				{"text": "胭##","hover_event": {"action": "show_text","value": [{"text": ""},[{"text": "","font": "crazy_adventure:manual","color": "white"},"\"F\n","\"",{"text": "$胬"},{"text": "$耡"},{"text": "$胬"},"\n","\"",{"text": "U$"},{"text": "U$"},{"text": "U$"},"\n","\"",{"text": "$耡"},{"text": "$胫"},{"text": "$耡"},"\"\"",{"text": "$$聽"},"\n","\"",{"text": "U$"},{"text": "U$"},{"text": "U$"},"\"\"",{"text": "U$"},"\n","\"",{"text": "$胬"},{"text": "$耡"},{"text": "$胬"},"\n","\"",{"text": "U$"},{"text": "U$"},{"text": "U$"},"\n"],{"text": "\n- x4 ","color": "gray"},{"translate": "crazy_adventure.uranium_ingot","color": "gray"},{"text": "\n- x1 ","color": "gray"},{"translate": "crazy_adventure.furnace","color": "gray"},{"text": "\n- x4 ","color": "gray"},{"translate": "crazy_adventure.copper_block","color": "gray"}]},"click_event": {"action": "show_dialog","dialog": "crazy_adventure:manual/page_56"}},
				{"text": "胳##","hover_event": {"action": "show_text","value": [{"text": ""},[{"text": "","font": "crazy_adventure:manual","color": "white"},"\"F\n","\"",{"text": "$耡"},{"text": "$胰"},{"text": "$耡"},"\n","\"",{"text": "U$"},{"text": "U$"},{"text": "U$"},"\n","\"",{"text": "$耡"},{"text": "$肉"},{"text": "$耡"},"\"\"",{"text": "$$肋"},"\n","\"",{"text": "U$"},{"text": "U$"},{"text": "U$"},"\"\"",{"text": "U$"},"\n","\"",{"text": "$胲"},{"text": "$胲"},{"text": "$胲"},"\n","\"",{"text": "U$"},{"text": "U$"},{"text": "U$"},"\n"],{"text": "\n- x4 ","color": "gray"},{"translate": "crazy_adventure.uranium_ingot","color": "gray"},{"text": "\n- x1 ","color": "gray"},{"translate": "crazy_adventure.stone_pickaxe","color": "gray"},{"text": "\n- x1 ","color": "gray"},{"translate": "crazy_adventure.ore_extractor_1","color": "gray"},{"text": "\n- x3 ","color": "gray"},{"translate": "crazy_adventure.exposed_copper","color": "gray"}]},"click_event": {"action": "show_dialog","dialog": "crazy_adventure:manual/page_63"}},
				{"text": "胸##","hover_event": {"action": "show_text","value": [{"text": ""},[{"text": "","font": "crazy_adventure:manual","color": "white"},"\"F\n","\"","U$",{"text": "$聱"},"U$","\n","\"","U$",{"text": "U$"},"U$","\n","\"",{"text": "$耡"},{"text": "$胬"},{"text": "$耡"},"\"\"",{"text": "$$肑"},"\n","\"",{"text": "U$"},{"text": "U$"},{"text": "U$"},"\"\"",{"text": "U$"},"\n","\"",{"text": "$胬"},{"text": "$胬"},{"text": "$胬"},"\n","\"",{"text": "U$"},{"text": "U$"},{"text": "U$"},"\n"],{"text": "\n- x1 ","color": "gray"},{"translate": "crazy_adventure.uranium_book","color": "gray"},{"text": "\n- x2 ","color": "gray"},{"translate": "crazy_adventure.uranium_ingot","color": "gray"},{"text": "\n- x4 ","color": "gray"},{"translate": "crazy_adventure.copper_block","color": "gray"}]},"click_event": {"action": "show_dialog","dialog": "crazy_adventure:manual/page_66"}},
				{"text": "胼\n","hover_event": {"action": "show_text","value": [{"text": ""},[{"text": "","font": "crazy_adventure:manual","color": "white"},"\"F\n","\"",{"text": "$耡"},{"text": "$耡"},{"text": "$耡"},"\n","\"",{"text": "U$"},{"text": "U$"},{"text": "U$"},"\n","\"",{"text": "$耡"},{"text": "$肟"},{"text": "$耡"},"\"\"",{"text": "$$股"},"\n","\"",{"text": "U$"},{"text": "U$"},{"text": "U$"},"\"\"",{"text": "U$"},"\n","\"",{"text": "$耡"},{"text": "$耡"},{"text": "$耡"},"\n","\"",{"text": "U$"},{"text": "U$"},{"text": "U$"},"\n"],{"text": "\n- x8 ","color": "gray"},{"translate": "crazy_adventure.uranium_ingot","color": "gray"},{"text": "\n- x1 ","color": "gray"},{"translate": "crazy_adventure.banana","color": "gray"}]},"click_event": {"action": "show_dialog","dialog": "crazy_adventure:manual/page_74"}},
				{"text": "0##","hover_event": {"action": "show_text","value": [{"text": ""},[{"text": "","font": "crazy_adventure:manual","color": "white"},"\"F\n","\"",{"text": "$胬"},{"text": "$耡"},{"text": "$胬"},"\n","\"",{"text": "U$"},{"text": "U$"},{"text": "U$"},"\n","\"",{"text": "$耡"},{"text": "$胫"},{"text": "$耡"},"\"\"",{"text": "$$聽"},"\n","\"",{"text": "U$"},{"text": "U$"},{"text": "U$"},"\"\"",{"text": "U$"},"\n","\"",{"text": "$胬"},{"text": "$耡"},{"text": "$胬"},"\n","\"",{"text": "U$"},{"text": "U$"},{"text": "U$"},"\n"],{"text": "\n- x4 ","color": "gray"},{"translate": "crazy_adventure.uranium_ingot","color": "gray"},{"text": "\n- x1 ","color": "gray"},{"translate": "crazy_adventure.furnace","color": "gray"},{"text": "\n- x4 ","color": "gray"},{"translate": "crazy_adventure.copper_block","color": "gray"}]},"click_event": {"action": "show_dialog","dialog": "crazy_adventure:manual/page_56"}},
				{"text": "0##","hover_event": {"action": "show_text","value": [{"text": ""},[{"text": "","font": "crazy_adventure:manual","color": "white"},"\"F\n","\"",{"text": "$耡"},{"text": "$胰"},{"text": "$耡"},"\n","\"",{"text": "U$"},{"text": "U$"},{"text": "U$"},"\n","\"",{"text": "$耡"},{"text": "$肉"},{"text": "$耡"},"\"\"",{"text": "$$肋"},"\n","\"",{"text": "U$"},{"text": "U$"},{"text": "U$"},"\"\"",{"text": "U$"},"\n","\"",{"text": "$胲"},{"text": "$胲"},{"text": "$胲"},"\n","\"",{"text": "U$"},{"text": "U$"},{"text": "U$"},"\n"],{"text": "\n- x4 ","color": "gray"},{"translate": "crazy_adventure.uranium_ingot","color": "gray"},{"text": "\n- x1 ","color": "gray"},{"translate": "crazy_adventure.stone_pickaxe","color": "gray"},{"text": "\n- x1 ","color": "gray"},{"translate": "crazy_adventure.ore_extractor_1","color": "gray"},{"text": "\n- x3 ","color": "gray"},{"translate": "crazy_adventure.exposed_copper","color": "gray"}]},"click_event": {"action": "show_dialog","dialog": "crazy_adventure:manual/page_63"}},
				{"text": "0##","hover_event": {"action": "show_text","value": [{"text": ""},[{"text": "","font": "crazy_adventure:manual","color": "white"},"\"F\n","\"","U$",{"text": "$聱"},"U$","\n","\"","U$",{"text": "U$"},"U$","\n","\"",{"text": "$耡"},{"text": "$胬"},{"text": "$耡"},"\"\"",{"text": "$$肑"},"\n","\"",{"text": "U$"},{"text": "U$"},{"text": "U$"},"\"\"",{"text": "U$"},"\n","\"",{"text": "$胬"},{"text": "$胬"},{"text": "$胬"},"\n","\"",{"text": "U$"},{"text": "U$"},{"text": "U$"},"\n"],{"text": "\n- x1 ","color": "gray"},{"translate": "crazy_adventure.uranium_book","color": "gray"},{"text": "\n- x2 ","color": "gray"},{"translate": "crazy_adventure.uranium_ingot","color": "gray"},{"text": "\n- x4 ","color": "gray"},{"translate": "crazy_adventure.copper_block","color": "gray"}]},"click_event": {"action": "show_dialog","dialog": "crazy_adventure:manual/page_66"}},
				{"text": "0","hover_event": {"action": "show_text","value": [{"text": ""},[{"text": "","font": "crazy_adventure:manual","color": "white"},"\"F\n","\"",{"text": "$耡"},{"text": "$耡"},{"text": "$耡"},"\n","\"",{"text": "U$"},{"text": "U$"},{"text": "U$"},"\n","\"",{"text": "$耡"},{"text": "$肟"},{"text": "$耡"},"\"\"",{"text": "$$股"},"\n","\"",{"text": "U$"},{"text": "U$"},{"text": "U$"},"\"\"",{"text": "U$"},"\n","\"",{"text": "$耡"},{"text": "$耡"},{"text": "$耡"},"\n","\"",{"text": "U$"},{"text": "U$"},{"text": "U$"},"\n"],{"text": "\n- x8 ","color": "gray"},{"translate": "crazy_adventure.uranium_ingot","color": "gray"},{"text": "\n- x1 ","color": "gray"},{"translate": "crazy_adventure.banana","color": "gray"}]},"click_event": {"action": "show_dialog","dialog": "crazy_adventure:manual/page_74"}},
				"\n\n\n\n\n\n\n\n\n\n\n\n"
			],
			"width": 140
		}
	]
}
