{
	"type": "minecraft:notice",
	"title": [
		"",
		{
			"sprite": "crazy_adventure:item/dialog_sprite/anti_radiation_helmet",
			"shadow_color": [
				0,
				0,
				0,
				0
			],
			"atlas": "minecraft:items"
		},
		" ",
		{
			"translate": "crazy_adventure.anti_radiation_helmet",
			"underlined": true
		},
		" ",
		{
			"sprite": "crazy_adventure:item/dialog_sprite/anti_radiation_helmet",
			"shadow_color": [
				0,
				0,
				0,
				0
			],
			"atlas": "minecraft:items"
		}
	],
	"body": [
		{
			"type": "minecraft:plain_message",
			"contents": [
				{"text": "V   ","font": "crazy_adventure:manual","color": "white"},
				{"text": "\n   ","click_event": {"action": "show_dialog","dialog": "crazy_adventure:manual/page_38"},"hover_event": {"action": "show_text","value": [{"translate": "crazy_adventure.go_to_previous_page"}," (38)"]}},
				" ",
				{"text": "   ","click_event": {"action": "show_dialog","dialog": "crazy_adventure:manual/page_40"},"hover_event": {"action": "show_text","value": [{"translate": "crazy_adventure.go_to_next_page"}," (40)"]}},
				{"text": "\n   ","click_event": {"action": "show_dialog","dialog": "crazy_adventure:manual/page_38"},"hover_event": {"action": "show_text","value": [{"translate": "crazy_adventure.go_to_previous_page"}," (38)"]}},
				" ",
				{"text": "   ","click_event": {"action": "show_dialog","dialog": "crazy_adventure:manual/page_40"},"hover_event": {"action": "show_text","value": [{"translate": "crazy_adventure.go_to_next_page"}," (40)"]}}
			],
			"width": 400
		},
		{
			"type": "minecraft:plain_message",
			"contents": [
				{"text": "","font": "crazy_adventure:manual","color": "white","shadow_color": [0,0,0,0]},
				"\"$6\n\"",
				{"text": "$膠","hover_event": {"action": "show_item","id": "minecraft:yellow_wool","components": {}}},
				{"text": "$膟","hover_event": {"action": "show_item","id": "minecraft:blue_stained_glass_pane","components": {}}},
				{"text": "$膠","hover_event": {"action": "show_item","id": "minecraft:yellow_wool","components": {}}},
				"  \n\"",
				{"text": "U$","hover_event": {"action": "show_item","id": "minecraft:yellow_wool","components": {}}},
				{"text": "U$","hover_event": {"action": "show_item","id": "minecraft:blue_stained_glass_pane","components": {}}},
				{"text": "U$","hover_event": {"action": "show_item","id": "minecraft:yellow_wool","components": {}}},
				"  \n\"",
				{"text": "$膠","hover_event": {"action": "show_item","id": "minecraft:yellow_wool","components": {}}},
				{"text": "$耯","hover_event": {"action": "show_item","id": "command_block","components": {"custom_data": {"smithed": {"dict": {"nugget": {"californium": true}},"ignore": {"functionality": true,"crafting": true}},"crazy_adventure": {"californium_nugget": true}},"item_model": "crazy_adventure:californium_nugget","item_name": {"translate": "crazy_adventure.californium_nugget"},"lore": [["",{"text": "I","color": "white","italic": false,"font": "crazy_adventure:icons"},{"translate": "crazy_adventure.crazy","color": "green"},{"translate": "crazy_adventure.adventure","color": "gray"}]]}},"click_event": {"action": "show_dialog","dialog": "crazy_adventure:manual/page_17"}},
				{"text": "$膠","hover_event": {"action": "show_item","id": "minecraft:yellow_wool","components": {}}},
				"\"\"",
				{"text": "$$聛","hover_event": {"action": "show_item","id": "leather_helmet","components": {"custom_data": {"crazy_adventure": {"radiation": 80,"anti_radiation_helmet": true},"smithed": {"ignore": {"functionality": true,"crafting": true}}},"tooltip_display": {"hidden_components": ["minecraft:unbreakable"]},"item_model": "crazy_adventure:anti_radiation_helmet","item_name": {"translate": "crazy_adventure.anti_radiation_helmet"},"lore": [["",{"text": "I","color": "white","italic": false,"font": "crazy_adventure:icons"},{"translate": "crazy_adventure.crazy","color": "green"},{"translate": "crazy_adventure.adventure","color": "gray"}]]}}},
				"#$\n\"",
				{"text": "U$","hover_event": {"action": "show_item","id": "minecraft:yellow_wool","components": {}}},
				{"text": "U$","hover_event": {"action": "show_item","id": "command_block","components": {"custom_data": {"smithed": {"dict": {"nugget": {"californium": true}},"ignore": {"functionality": true,"crafting": true}},"crazy_adventure": {"californium_nugget": true}},"item_model": "crazy_adventure:californium_nugget","item_name": {"translate": "crazy_adventure.californium_nugget"},"lore": [["",{"text": "I","color": "white","italic": false,"font": "crazy_adventure:icons"},{"translate": "crazy_adventure.crazy","color": "green"},{"translate": "crazy_adventure.adventure","color": "gray"}]]}},"click_event": {"action": "show_dialog","dialog": "crazy_adventure:manual/page_17"}},
				{"text": "U$","hover_event": {"action": "show_item","id": "minecraft:yellow_wool","components": {}}},
				"\"\"",
				{"text": "U$","hover_event": {"action": "show_item","id": "leather_helmet","components": {"custom_data": {"crazy_adventure": {"radiation": 80,"anti_radiation_helmet": true},"smithed": {"ignore": {"functionality": true,"crafting": true}}},"tooltip_display": {"hidden_components": ["minecraft:unbreakable"]},"item_model": "crazy_adventure:anti_radiation_helmet","item_name": {"translate": "crazy_adventure.anti_radiation_helmet"},"lore": [["",{"text": "I","color": "white","italic": false,"font": "crazy_adventure:icons"},{"translate": "crazy_adventure.crazy","color": "green"},{"translate": "crazy_adventure.adventure","color": "gray"}]]}}},
				"#$\n\"U$U$U$  \n\"U$U$U$  \n\n",
				{"text": "1##","hover_event": {"action": "show_text","value": [{"translate": "crazy_adventure.anti_radiation_armor","color": "green"},{"translate": "crazy_adventure.allow_to_not_takes_damage_in_california_need_full_armor","color": "gray"}]}},
				{"text": "2\n","hover_event": {"action": "show_text","value": [{"text": ""},[{"text": "","font": "crazy_adventure:manual","color": "white"},"\"F\n","\"",{"text": "$膠"},{"text": "$膟"},{"text": "$膠"},"\n","\"",{"text": "U$"},{"text": "U$"},{"text": "U$"},"\n","\"",{"text": "$膠"},{"text": "$耯"},{"text": "$膠"},"\"\"",{"text": "$$聛"},"\n","\"",{"text": "U$"},{"text": "U$"},{"text": "U$"},"\"\"",{"text": "U$"},"\n","\"","U$","U$","U$","\n","\"","U$","U$","U$","\n"],{"text": "\n- x1 ","color": "gray"},{"translate": "crazy_adventure.californium_nugget","color": "gray"},{"text": "\n- x1 ","color": "gray"},{"translate": "crazy_adventure.blue_stained_glass_pane","color": "gray"},{"text": "\n- x4 ","color": "gray"},{"translate": "crazy_adventure.yellow_wool","color": "gray"}]}},
				{"text": "0##","hover_event": {"action": "show_text","value": [{"translate": "crazy_adventure.anti_radiation_armor","color": "green"},{"translate": "crazy_adventure.allow_to_not_takes_damage_in_california_need_full_armor","color": "gray"}]}},
				{"text": "0","hover_event": {"action": "show_text","value": [{"text": ""},[{"text": "","font": "crazy_adventure:manual","color": "white"},"\"F\n","\"",{"text": "$膠"},{"text": "$膟"},{"text": "$膠"},"\n","\"",{"text": "U$"},{"text": "U$"},{"text": "U$"},"\n","\"",{"text": "$膠"},{"text": "$耯"},{"text": "$膠"},"\"\"",{"text": "$$聛"},"\n","\"",{"text": "U$"},{"text": "U$"},{"text": "U$"},"\"\"",{"text": "U$"},"\n","\"","U$","U$","U$","\n","\"","U$","U$","U$","\n"],{"text": "\n- x1 ","color": "gray"},{"translate": "crazy_adventure.californium_nugget","color": "gray"},{"text": "\n- x1 ","color": "gray"},{"translate": "crazy_adventure.blue_stained_glass_pane","color": "gray"},{"text": "\n- x4 ","color": "gray"},{"translate": "crazy_adventure.yellow_wool","color": "gray"}]}},
				"\n\n\n\n\n\n\n\n\n\n\n\n\n\n\n\n"
			],
			"width": 140
		}
	]
}
