{
	"type": "minecraft:notice",
	"title": [
		"",
		{
			"sprite": "crazy_adventure:item/dialog_sprite/heavy_workbench",
			"shadow_color": [
				0,
				0,
				0,
				0
			],
			"atlas": "minecraft:items"
		},
		" ",
		{
			"translate": "crazy_adventure.heavy_workbench",
			"underlined": true
		},
		" ",
		{
			"sprite": "crazy_adventure:item/dialog_sprite/heavy_workbench",
			"shadow_color": [
				0,
				0,
				0,
				0
			],
			"atlas": "minecraft:items"
		}
	],
	"body": [
		{
			"type": "minecraft:plain_message",
			"contents": [
				{"text": "V   ","font": "crazy_adventure:manual","color": "white"},
				{"text": "\n   ","click_event": {"action": "show_dialog","dialog": "crazy_adventure:manual/page_1"},"hover_event": {"action": "show_text","value": [{"translate": "crazy_adventure.go_to_previous_page"}," (1)"]}},
				" ",
				{"text": "   ","click_event": {"action": "show_dialog","dialog": "crazy_adventure:manual/page_3"},"hover_event": {"action": "show_text","value": [{"translate": "crazy_adventure.go_to_next_page"}," (3)"]}},
				{"text": "\n   ","click_event": {"action": "show_dialog","dialog": "crazy_adventure:manual/page_1"},"hover_event": {"action": "show_text","value": [{"translate": "crazy_adventure.go_to_previous_page"}," (1)"]}},
				" ",
				{"text": "   ","click_event": {"action": "show_dialog","dialog": "crazy_adventure:manual/page_3"},"hover_event": {"action": "show_text","value": [{"translate": "crazy_adventure.go_to_next_page"}," (3)"]}}
			],
			"width": 400
		},
		{
			"type": "minecraft:plain_message",
			"contents": [
				{"text": "","font": "crazy_adventure:manual","color": "white","shadow_color": [0,0,0,0]},
				"\"$6\n\"",
				{"text": "$葁$葁$葁","hover_event": {"action": "show_item","id": "minecraft:oak_log","components": {}}},
				"  \n\"",
				{"translate": "crazy_adventure.uuu","hover_event": {"action": "show_item","id": "minecraft:oak_log","components": {}}},
				"  \n\"",
				{"text": "$葁","hover_event": {"action": "show_item","id": "minecraft:oak_log","components": {}}},
				{"text": "$葂","hover_event": {"action": "show_item","id": "minecraft:crafting_table","components": {}}},
				{"text": "$葁","hover_event": {"action": "show_item","id": "minecraft:oak_log","components": {}}},
				"\"\"",
				{"text": "$$葀","hover_event": {"action": "show_item","id": "furnace","components": {"item_name": "Heavy Workbench","item_model": "crazy_adventure:heavy_workbench"}}},
				"#$\n\"",
				{"text": "U$","hover_event": {"action": "show_item","id": "minecraft:oak_log","components": {}}},
				{"text": "U$","hover_event": {"action": "show_item","id": "minecraft:crafting_table","components": {}}},
				{"text": "U$","hover_event": {"action": "show_item","id": "minecraft:oak_log","components": {}}},
				"\"\"",
				{"text": "U$","hover_event": {"action": "show_item","id": "furnace","components": {"item_name": "Heavy Workbench","item_model": "crazy_adventure:heavy_workbench"}}},
				"#$\n\"",
				{"text": "$葃$葃$葃","hover_event": {"action": "show_item","id": "minecraft:smooth_stone","components": {}}},
				"  \n\"",
				{"translate": "crazy_adventure.uuu","hover_event": {"action": "show_item","id": "minecraft:smooth_stone","components": {}}},
				"  \n",
				[{"translate": "crazy_adventure.every_recipe_that_uses_custom_items","font": "minecraft:default","color": "black"},{"translate": "crazy_adventure.must","color": "red","underlined": true}," be crafted using the Heavy Workbench."],
				"\n\n\n\n\n\n\n\n\n\n\n\n\n\n\n\n\n"
			],
			"width": 140
		}
	]
}
