{
	"type": "minecraft:notice",
	"title": [
		"",
		{
			"sprite": "crazy_adventure:item/dialog_sprite/fertilizer_stick_charger",
			"shadow_color": [
				0,
				0,
				0,
				0
			],
			"atlas": "minecraft:items"
		},
		" ",
		{
			"translate": "crazy_adventure.fertilizer_stick_charger",
			"underlined": true
		},
		" ",
		{
			"sprite": "crazy_adventure:item/dialog_sprite/fertilizer_stick_charger",
			"shadow_color": [
				0,
				0,
				0,
				0
			],
			"atlas": "minecraft:items"
		}
	],
	"body": [
		{
			"type": "minecraft:plain_message",
			"contents": [
				{"text": "V   ","font": "crazy_adventure:manual","color": "white"},
				{"text": "\n   ","click_event": {"action": "show_dialog","dialog": "crazy_adventure:manual/page_68"},"hover_event": {"action": "show_text","value": [{"translate": "crazy_adventure.go_to_previous_page"}," (68)"]}},
				" ",
				{"text": "   ","click_event": {"action": "show_dialog","dialog": "crazy_adventure:manual/page_70"},"hover_event": {"action": "show_text","value": [{"translate": "crazy_adventure.go_to_next_page"}," (70)"]}},
				{"text": "\n   ","click_event": {"action": "show_dialog","dialog": "crazy_adventure:manual/page_68"},"hover_event": {"action": "show_text","value": [{"translate": "crazy_adventure.go_to_previous_page"}," (68)"]}},
				" ",
				{"text": "   ","click_event": {"action": "show_dialog","dialog": "crazy_adventure:manual/page_70"},"hover_event": {"action": "show_text","value": [{"translate": "crazy_adventure.go_to_next_page"}," (70)"]}}
			],
			"width": 400
		},
		{
			"type": "minecraft:plain_message",
			"contents": [
				{"text": "","font": "crazy_adventure:manual","color": "white","shadow_color": [0,0,0,0]},
				"\"$6\n\"U$",
				{"text": "$芧","hover_event": {"action": "show_item","id": "minecraft:bone_block","components": {}}},
				"U$  \n\"U$",
				{"text": "U$","hover_event": {"action": "show_item","id": "minecraft:bone_block","components": {}}},
				"U$  \n\"",
				{"text": "$聫","hover_event": {"action": "show_item","id": "furnace","components": {"item_model": "crazy_adventure:uranium_waste_barrel","item_name": {"translate": "crazy_adventure.uranium_waste_barrel"},"lore": [["",{"text": "I","color": "white","italic": false,"font": "crazy_adventure:icons"},{"translate": "crazy_adventure.crazy","color": "green"},{"translate": "crazy_adventure.adventure","color": "gray"}]],"custom_data": {"crazy_adventure": {"uranium_waste_barrel": true},"smithed": {"ignore": {"functionality": true,"crafting": true}}},"container": [{"slot": 0,"item": {"id": "minecraft:stone","count": 1,"components": {"minecraft:custom_data": {"smithed": {"block": {"id": "crazy_adventure:uranium_waste_barrel","from": "crazy_adventure"}}}}}}],"tooltip_display": {"hidden_components": ["minecraft:container"]}}},"click_event": {"action": "show_dialog","dialog": "crazy_adventure:manual/page_46"}},
				{"text": "$聧","hover_event": {"action": "show_item","id": "command_block","components": {"tooltip_display": {"hidden_components": ["minecraft:unbreakable"]},"item_model": "crazy_adventure:uranium_core","item_name": {"translate": "crazy_adventure.uranium_core"},"lore": [["",{"text": "I","color": "white","italic": false,"font": "crazy_adventure:icons"},{"translate": "crazy_adventure.crazy","color": "green"},{"translate": "crazy_adventure.adventure","color": "gray"}]],"custom_data": {"crazy_adventure": {"uranium_core": true},"smithed": {"ignore": {"functionality": true,"crafting": true}}}}},"click_event": {"action": "show_dialog","dialog": "crazy_adventure:manual/page_44"}},
				{"text": "$聫","hover_event": {"action": "show_item","id": "furnace","components": {"item_model": "crazy_adventure:uranium_waste_barrel","item_name": {"translate": "crazy_adventure.uranium_waste_barrel"},"lore": [["",{"text": "I","color": "white","italic": false,"font": "crazy_adventure:icons"},{"translate": "crazy_adventure.crazy","color": "green"},{"translate": "crazy_adventure.adventure","color": "gray"}]],"custom_data": {"crazy_adventure": {"uranium_waste_barrel": true},"smithed": {"ignore": {"functionality": true,"crafting": true}}},"container": [{"slot": 0,"item": {"id": "minecraft:stone","count": 1,"components": {"minecraft:custom_data": {"smithed": {"block": {"id": "crazy_adventure:uranium_waste_barrel","from": "crazy_adventure"}}}}}}],"tooltip_display": {"hidden_components": ["minecraft:container"]}}},"click_event": {"action": "show_dialog","dialog": "crazy_adventure:manual/page_46"}},
				"\"\"",
				{"text": "$$肙","hover_event": {"action": "show_item","id": "furnace","components": {"custom_data": {"energy": {"usage": 30,"max_storage": 3000},"crazy_adventure": {"fertilizer_stick_charger": true},"smithed": {"ignore": {"functionality": true,"crafting": true}}},"lore": [{"translate": "crazy_adventure.need_energy_and_chargeless_stick","italic": false,"color": "gray"},{"translate": "crazy_adventure.put_farmland_on_top_to_add_1_charges","italic": false,"color": "gray"},{"translate": "crazy_adventure.create_1_charge_every_10_seconds","italic": false,"color": "white"},["",{"text": "I","color": "white","italic": false,"font": "crazy_adventure:icons"},{"translate": "crazy_adventure.crazy","color": "green"},{"translate": "crazy_adventure.adventure","color": "gray"}]],"item_model": "crazy_adventure:fertilizer_stick_charger","item_name": {"translate": "crazy_adventure.fertilizer_stick_charger"},"container": [{"slot": 0,"item": {"id": "minecraft:stone","count": 1,"components": {"minecraft:custom_data": {"smithed": {"block": {"id": "crazy_adventure:fertilizer_stick_charger","from": "crazy_adventure"}}}}}}],"tooltip_display": {"hidden_components": ["minecraft:container"]}}}},
				"#$\n\"",
				{"text": "U$","hover_event": {"action": "show_item","id": "furnace","components": {"item_model": "crazy_adventure:uranium_waste_barrel","item_name": {"translate": "crazy_adventure.uranium_waste_barrel"},"lore": [["",{"text": "I","color": "white","italic": false,"font": "crazy_adventure:icons"},{"translate": "crazy_adventure.crazy","color": "green"},{"translate": "crazy_adventure.adventure","color": "gray"}]],"custom_data": {"crazy_adventure": {"uranium_waste_barrel": true},"smithed": {"ignore": {"functionality": true,"crafting": true}}},"container": [{"slot": 0,"item": {"id": "minecraft:stone","count": 1,"components": {"minecraft:custom_data": {"smithed": {"block": {"id": "crazy_adventure:uranium_waste_barrel","from": "crazy_adventure"}}}}}}],"tooltip_display": {"hidden_components": ["minecraft:container"]}}},"click_event": {"action": "show_dialog","dialog": "crazy_adventure:manual/page_46"}},
				{"text": "U$","hover_event": {"action": "show_item","id": "command_block","components": {"tooltip_display": {"hidden_components": ["minecraft:unbreakable"]},"item_model": "crazy_adventure:uranium_core","item_name": {"translate": "crazy_adventure.uranium_core"},"lore": [["",{"text": "I","color": "white","italic": false,"font": "crazy_adventure:icons"},{"translate": "crazy_adventure.crazy","color": "green"},{"translate": "crazy_adventure.adventure","color": "gray"}]],"custom_data": {"crazy_adventure": {"uranium_core": true},"smithed": {"ignore": {"functionality": true,"crafting": true}}}}},"click_event": {"action": "show_dialog","dialog": "crazy_adventure:manual/page_44"}},
				{"text": "U$","hover_event": {"action": "show_item","id": "furnace","components": {"item_model": "crazy_adventure:uranium_waste_barrel","item_name": {"translate": "crazy_adventure.uranium_waste_barrel"},"lore": [["",{"text": "I","color": "white","italic": false,"font": "crazy_adventure:icons"},{"translate": "crazy_adventure.crazy","color": "green"},{"translate": "crazy_adventure.adventure","color": "gray"}]],"custom_data": {"crazy_adventure": {"uranium_waste_barrel": true},"smithed": {"ignore": {"functionality": true,"crafting": true}}},"container": [{"slot": 0,"item": {"id": "minecraft:stone","count": 1,"components": {"minecraft:custom_data": {"smithed": {"block": {"id": "crazy_adventure:uranium_waste_barrel","from": "crazy_adventure"}}}}}}],"tooltip_display": {"hidden_components": ["minecraft:container"]}}},"click_event": {"action": "show_dialog","dialog": "crazy_adventure:manual/page_46"}},
				"\"\"",
				{"text": "U$","hover_event": {"action": "show_item","id": "furnace","components": {"custom_data": {"energy": {"usage": 30,"max_storage": 3000},"crazy_adventure": {"fertilizer_stick_charger": true},"smithed": {"ignore": {"functionality": true,"crafting": true}}},"lore": [{"translate": "crazy_adventure.need_energy_and_chargeless_stick","italic": false,"color": "gray"},{"translate": "crazy_adventure.put_farmland_on_top_to_add_1_charges","italic": false,"color": "gray"},{"translate": "crazy_adventure.create_1_charge_every_10_seconds","italic": false,"color": "white"},["",{"text": "I","color": "white","italic": false,"font": "crazy_adventure:icons"},{"translate": "crazy_adventure.crazy","color": "green"},{"translate": "crazy_adventure.adventure","color": "gray"}]],"item_model": "crazy_adventure:fertilizer_stick_charger","item_name": {"translate": "crazy_adventure.fertilizer_stick_charger"},"container": [{"slot": 0,"item": {"id": "minecraft:stone","count": 1,"components": {"minecraft:custom_data": {"smithed": {"block": {"id": "crazy_adventure:fertilizer_stick_charger","from": "crazy_adventure"}}}}}}],"tooltip_display": {"hidden_components": ["minecraft:container"]}}}},
				"#$\n\"",
				{"text": "$胡$胡$胡","hover_event": {"action": "show_item","id": "minecraft:iron_block","components": {}}},
				"  \n\"",
				{"translate": "crazy_adventure.uuu","hover_event": {"action": "show_item","id": "minecraft:iron_block","components": {}}},
				"  \n\n",
				{"text": "1##","hover_event": {"action": "show_text","value": [{"translate": "crazy_adventure.to_make_fertilizer_stick","color": "green"},{"text": "\nNeed energy and chargeless stick","color": "gray"}]}},
				{"text": "2##","hover_event": {"action": "show_text","value": [{"text": ""},[{"text": "","font": "crazy_adventure:manual","color": "white"},"\"F\n","\"","U$",{"text": "$芧"},"U$","\n","\"","U$",{"text": "U$"},"U$","\n","\"",{"text": "$聫"},{"text": "$聧"},{"text": "$聫"},"\"\"",{"text": "$$肙"},"\n","\"",{"text": "U$"},{"text": "U$"},{"text": "U$"},"\"\"",{"text": "U$"},"\n","\"",{"text": "$胡"},{"text": "$胡"},{"text": "$胡"},"\n","\"",{"text": "U$"},{"text": "U$"},{"text": "U$"},"\n"],{"text": "\n- x1 ","color": "gray"},{"translate": "crazy_adventure.bone_block","color": "gray"},{"text": "\n- x1 ","color": "gray"},{"translate": "crazy_adventure.uranium_core","color": "gray"},{"text": "\n- x2 ","color": "gray"},{"translate": "crazy_adventure.uranium_waste_barrel","color": "gray"},{"text": "\n- x3 ","color": "gray"},{"translate": "crazy_adventure.iron_block","color": "gray"}]}},
				{"text": "2\n","hover_event": {"action": "show_text","value": [{"text": ""},[{"text": "","font": "crazy_adventure:manual","color": "white"},"\"F\n","\"","U$",{"text": "$芧"},"U$","\n","\"","U$",{"text": "U$"},"U$","\n","\"",{"text": "$聫"},{"text": "$聧"},{"text": "$聫"},"\"\"",{"text": "$$肙"},"\n","\"",{"text": "U$"},{"text": "U$"},{"text": "U$"},"\"\"",{"text": "U$"},"\n","\"",{"text": "$胡"},{"text": "$菑"},{"text": "$胡"},"\n","\"",{"text": "U$"},{"text": "U$"},{"text": "U$"},"\n"],{"text": "\n- x1 ","color": "gray"},{"translate": "crazy_adventure.bone_block","color": "gray"},{"text": "\n- x1 ","color": "gray"},{"translate": "crazy_adventure.uranium_core","color": "gray"},{"text": "\n- x2 ","color": "gray"},{"translate": "crazy_adventure.uranium_waste_barrel","color": "gray"},{"text": "\n- x2 ","color": "gray"},{"translate": "crazy_adventure.iron_block","color": "gray"},{"text": "\n- x1 ","color": "gray"},{"translate": "crazy_adventure.redstone_block","color": "gray"}]}},
				{"text": "0##","hover_event": {"action": "show_text","value": [{"translate": "crazy_adventure.to_make_fertilizer_stick","color": "green"},{"text": "\nNeed energy and chargeless stick","color": "gray"}]}},
				{"text": "0##","hover_event": {"action": "show_text","value": [{"text": ""},[{"text": "","font": "crazy_adventure:manual","color": "white"},"\"F\n","\"","U$",{"text": "$芧"},"U$","\n","\"","U$",{"text": "U$"},"U$","\n","\"",{"text": "$聫"},{"text": "$聧"},{"text": "$聫"},"\"\"",{"text": "$$肙"},"\n","\"",{"text": "U$"},{"text": "U$"},{"text": "U$"},"\"\"",{"text": "U$"},"\n","\"",{"text": "$胡"},{"text": "$胡"},{"text": "$胡"},"\n","\"",{"text": "U$"},{"text": "U$"},{"text": "U$"},"\n"],{"text": "\n- x1 ","color": "gray"},{"translate": "crazy_adventure.bone_block","color": "gray"},{"text": "\n- x1 ","color": "gray"},{"translate": "crazy_adventure.uranium_core","color": "gray"},{"text": "\n- x2 ","color": "gray"},{"translate": "crazy_adventure.uranium_waste_barrel","color": "gray"},{"text": "\n- x3 ","color": "gray"},{"translate": "crazy_adventure.iron_block","color": "gray"}]}},
				{"text": "0","hover_event": {"action": "show_text","value": [{"text": ""},[{"text": "","font": "crazy_adventure:manual","color": "white"},"\"F\n","\"","U$",{"text": "$芧"},"U$","\n","\"","U$",{"text": "U$"},"U$","\n","\"",{"text": "$聫"},{"text": "$聧"},{"text": "$聫"},"\"\"",{"text": "$$肙"},"\n","\"",{"text": "U$"},{"text": "U$"},{"text": "U$"},"\"\"",{"text": "U$"},"\n","\"",{"text": "$胡"},{"text": "$菑"},{"text": "$胡"},"\n","\"",{"text": "U$"},{"text": "U$"},{"text": "U$"},"\n"],{"text": "\n- x1 ","color": "gray"},{"translate": "crazy_adventure.bone_block","color": "gray"},{"text": "\n- x1 ","color": "gray"},{"translate": "crazy_adventure.uranium_core","color": "gray"},{"text": "\n- x2 ","color": "gray"},{"translate": "crazy_adventure.uranium_waste_barrel","color": "gray"},{"text": "\n- x2 ","color": "gray"},{"translate": "crazy_adventure.iron_block","color": "gray"},{"text": "\n- x1 ","color": "gray"},{"translate": "crazy_adventure.redstone_block","color": "gray"}]}},
				"\n\n\n\n\n\n\n\n\n\n\n\n\n\n\n\n"
			],
			"width": 140
		}
	]
}
