{
	"type": "minecraft:notice",
	"title": [
		"",
		{
			"sprite": "crazy_adventure:item/dialog_sprite/californium_block",
			"shadow_color": [
				0,
				0,
				0,
				0
			],
			"atlas": "minecraft:items"
		},
		" ",
		{
			"translate": "crazy_adventure.californium_block",
			"underlined": true
		},
		" ",
		{
			"sprite": "crazy_adventure:item/dialog_sprite/californium_block",
			"shadow_color": [
				0,
				0,
				0,
				0
			],
			"atlas": "minecraft:items"
		}
	],
	"body": [
		{
			"type": "minecraft:plain_message",
			"contents": [
				{"text": "V   ","font": "crazy_adventure:manual","color": "white"},
				{"text": "\n   ","click_event": {"action": "show_dialog","dialog": "crazy_adventure:manual/page_18"},"hover_event": {"action": "show_text","value": [{"translate": "crazy_adventure.go_to_previous_page"}," (18)"]}},
				" ",
				{"text": "   ","click_event": {"action": "show_dialog","dialog": "crazy_adventure:manual/page_20"},"hover_event": {"action": "show_text","value": [{"translate": "crazy_adventure.go_to_next_page"}," (20)"]}},
				{"text": "\n   ","click_event": {"action": "show_dialog","dialog": "crazy_adventure:manual/page_18"},"hover_event": {"action": "show_text","value": [{"translate": "crazy_adventure.go_to_previous_page"}," (18)"]}},
				" ",
				{"text": "   ","click_event": {"action": "show_dialog","dialog": "crazy_adventure:manual/page_20"},"hover_event": {"action": "show_text","value": [{"translate": "crazy_adventure.go_to_next_page"}," (20)"]}}
			],
			"width": 400
		},
		{
			"type": "minecraft:plain_message",
			"contents": [
				{"text": "","font": "crazy_adventure:manual","color": "white","shadow_color": [0,0,0,0]},
				"\"$6\n\"",
				{"text": "$耭$耭$耭","hover_event": {"action": "show_item","id": "command_block","components": {"custom_data": {"smithed": {"dict": {"ingot": {"californium": true}},"ignore": {"functionality": true,"crafting": true}},"crazy_adventure": {"californium_ingot": true}},"item_model": "crazy_adventure:californium_ingot","item_name": {"translate": "crazy_adventure.californium_ingot"},"lore": [["",{"text": "I","color": "white","italic": false,"font": "crazy_adventure:icons"},{"translate": "crazy_adventure.crazy","color": "green"},{"translate": "crazy_adventure.adventure","color": "gray"}]]}},"click_event": {"action": "show_dialog","dialog": "crazy_adventure:manual/page_16"}},
				"  \n\"",
				{"translate": "crazy_adventure.uuu","hover_event": {"action": "show_item","id": "command_block","components": {"custom_data": {"smithed": {"dict": {"ingot": {"californium": true}},"ignore": {"functionality": true,"crafting": true}},"crazy_adventure": {"californium_ingot": true}},"item_model": "crazy_adventure:californium_ingot","item_name": {"translate": "crazy_adventure.californium_ingot"},"lore": [["",{"text": "I","color": "white","italic": false,"font": "crazy_adventure:icons"},{"translate": "crazy_adventure.crazy","color": "green"},{"translate": "crazy_adventure.adventure","color": "gray"}]]}},"click_event": {"action": "show_dialog","dialog": "crazy_adventure:manual/page_16"}},
				"  \n\"",
				{"text": "$耭$耭$耭","hover_event": {"action": "show_item","id": "command_block","components": {"custom_data": {"smithed": {"dict": {"ingot": {"californium": true}},"ignore": {"functionality": true,"crafting": true}},"crazy_adventure": {"californium_ingot": true}},"item_model": "crazy_adventure:californium_ingot","item_name": {"translate": "crazy_adventure.californium_ingot"},"lore": [["",{"text": "I","color": "white","italic": false,"font": "crazy_adventure:icons"},{"translate": "crazy_adventure.crazy","color": "green"},{"translate": "crazy_adventure.adventure","color": "gray"}]]}},"click_event": {"action": "show_dialog","dialog": "crazy_adventure:manual/page_16"}},
				"\"\"",
				{"text": "$$耳","hover_event": {"action": "show_item","id": "furnace","components": {"custom_data": {"smithed": {"dict": {"block": {"californium": true}},"ignore": {"functionality": true,"crafting": true}},"crazy_adventure": {"californium_block": true}},"item_model": "crazy_adventure:californium_block","item_name": {"translate": "crazy_adventure.californium_block"},"lore": [["",{"text": "I","color": "white","italic": false,"font": "crazy_adventure:icons"},{"translate": "crazy_adventure.crazy","color": "green"},{"translate": "crazy_adventure.adventure","color": "gray"}]],"container": [{"slot": 0,"item": {"id": "minecraft:stone","count": 1,"components": {"minecraft:custom_data": {"smithed": {"block": {"id": "crazy_adventure:californium_block","from": "crazy_adventure"}}}}}}],"tooltip_display": {"hidden_components": ["minecraft:container"]}}}},
				"#$\n\"",
				{"translate": "crazy_adventure.uuu","hover_event": {"action": "show_item","id": "command_block","components": {"custom_data": {"smithed": {"dict": {"ingot": {"californium": true}},"ignore": {"functionality": true,"crafting": true}},"crazy_adventure": {"californium_ingot": true}},"item_model": "crazy_adventure:californium_ingot","item_name": {"translate": "crazy_adventure.californium_ingot"},"lore": [["",{"text": "I","color": "white","italic": false,"font": "crazy_adventure:icons"},{"translate": "crazy_adventure.crazy","color": "green"},{"translate": "crazy_adventure.adventure","color": "gray"}]]}},"click_event": {"action": "show_dialog","dialog": "crazy_adventure:manual/page_16"}},
				"\"\"",
				{"text": "U$","hover_event": {"action": "show_item","id": "furnace","components": {"custom_data": {"smithed": {"dict": {"block": {"californium": true}},"ignore": {"functionality": true,"crafting": true}},"crazy_adventure": {"californium_block": true}},"item_model": "crazy_adventure:californium_block","item_name": {"translate": "crazy_adventure.californium_block"},"lore": [["",{"text": "I","color": "white","italic": false,"font": "crazy_adventure:icons"},{"translate": "crazy_adventure.crazy","color": "green"},{"translate": "crazy_adventure.adventure","color": "gray"}]],"container": [{"slot": 0,"item": {"id": "minecraft:stone","count": 1,"components": {"minecraft:custom_data": {"smithed": {"block": {"id": "crazy_adventure:californium_block","from": "crazy_adventure"}}}}}}],"tooltip_display": {"hidden_components": ["minecraft:container"]}}}},
				"#$\n\"",
				{"text": "$耭$耭$耭","hover_event": {"action": "show_item","id": "command_block","components": {"custom_data": {"smithed": {"dict": {"ingot": {"californium": true}},"ignore": {"functionality": true,"crafting": true}},"crazy_adventure": {"californium_ingot": true}},"item_model": "crazy_adventure:californium_ingot","item_name": {"translate": "crazy_adventure.californium_ingot"},"lore": [["",{"text": "I","color": "white","italic": false,"font": "crazy_adventure:icons"},{"translate": "crazy_adventure.crazy","color": "green"},{"translate": "crazy_adventure.adventure","color": "gray"}]]}},"click_event": {"action": "show_dialog","dialog": "crazy_adventure:manual/page_16"}},
				"  \n\"",
				{"translate": "crazy_adventure.uuu","hover_event": {"action": "show_item","id": "command_block","components": {"custom_data": {"smithed": {"dict": {"ingot": {"californium": true}},"ignore": {"functionality": true,"crafting": true}},"crazy_adventure": {"californium_ingot": true}},"item_model": "crazy_adventure:californium_ingot","item_name": {"translate": "crazy_adventure.californium_ingot"},"lore": [["",{"text": "I","color": "white","italic": false,"font": "crazy_adventure:icons"},{"translate": "crazy_adventure.crazy","color": "green"},{"translate": "crazy_adventure.adventure","color": "gray"}]]}},"click_event": {"action": "show_dialog","dialog": "crazy_adventure:manual/page_16"}},
				"  \n\n",
				{"text": "2##","hover_event": {"action": "show_text","value": [{"text": ""},[{"text": "","font": "crazy_adventure:manual","color": "white"},"\"F\n","\"",{"text": "$耭"},{"text": "$耭"},{"text": "$耭"},"\n","\"",{"text": "U$"},{"text": "U$"},{"text": "U$"},"\n","\"",{"text": "$耭"},{"text": "$耭"},{"text": "$耭"},"\"\"",{"text": "$$耳"},"\n","\"",{"text": "U$"},{"text": "U$"},{"text": "U$"},"\"\"",{"text": "U$"},"\n","\"",{"text": "$耭"},{"text": "$耭"},{"text": "$耭"},"\n","\"",{"text": "U$"},{"text": "U$"},{"text": "U$"},"\n"],{"text": "\n- x9 ","color": "gray"},{"translate": "crazy_adventure.californium_ingot","color": "gray"}]},"click_event": {"action": "show_dialog","dialog": "crazy_adventure:manual/page_16"}},
				{"text": "膰##","hover_event": {"action": "show_text","value": [{"text": ""},[{"text": "","font": "crazy_adventure:manual","color": "white"},"\"E\n","\"",{"text": "$耳"},"\n","\"",{"text": "U$"},"U$U$",{"text": "$$腂"},"\n\"","U$U$U$",{"text": "U$"},"\n","\n"],{"text": "\n- x1 ","color": "gray"},{"translate": "crazy_adventure.californium_block","color": "gray"}]},"click_event": {"action": "show_dialog","dialog": "crazy_adventure:manual/page_16"}},
				{"text": "膵\n","hover_event": {"action": "show_text","value": [{"text": ""},[{"text": "","font": "crazy_adventure:manual","color": "white"},"\"F\n","\"",{"text": "$職"},{"text": "$職"},{"text": "$職"},"\n","\"",{"text": "U$"},{"text": "U$"},{"text": "U$"},"\n","\"",{"text": "$職"},{"text": "$肅"},{"text": "$職"},"\"\"",{"text": "$$肇"},"\n","\"",{"text": "U$"},{"text": "U$"},{"text": "U$"},"\"\"",{"text": "U$"},"\n","\"",{"text": "$耳"},{"text": "$耳"},{"text": "$耳"},"\n","\"",{"text": "U$"},{"text": "U$"},{"text": "U$"},"\n"],{"text": "\n- x5 ","color": "gray"},{"translate": "crazy_adventure.californium_waste_barrel","color": "gray"},{"text": "\n- x1 ","color": "gray"},{"translate": "crazy_adventure.uranium_battery","color": "gray"},{"text": "\n- x3 ","color": "gray"},{"translate": "crazy_adventure.californium_block","color": "gray"}]},"click_event": {"action": "show_dialog","dialog": "crazy_adventure:manual/page_61"}},
				{"text": "0##","hover_event": {"action": "show_text","value": [{"text": ""},[{"text": "","font": "crazy_adventure:manual","color": "white"},"\"F\n","\"",{"text": "$耭"},{"text": "$耭"},{"text": "$耭"},"\n","\"",{"text": "U$"},{"text": "U$"},{"text": "U$"},"\n","\"",{"text": "$耭"},{"text": "$耭"},{"text": "$耭"},"\"\"",{"text": "$$耳"},"\n","\"",{"text": "U$"},{"text": "U$"},{"text": "U$"},"\"\"",{"text": "U$"},"\n","\"",{"text": "$耭"},{"text": "$耭"},{"text": "$耭"},"\n","\"",{"text": "U$"},{"text": "U$"},{"text": "U$"},"\n"],{"text": "\n- x9 ","color": "gray"},{"translate": "crazy_adventure.californium_ingot","color": "gray"}]},"click_event": {"action": "show_dialog","dialog": "crazy_adventure:manual/page_16"}},
				{"text": "0##","hover_event": {"action": "show_text","value": [{"text": ""},[{"text": "","font": "crazy_adventure:manual","color": "white"},"\"E\n","\"",{"text": "$耳"},"\n","\"",{"text": "U$"},"U$U$",{"text": "$$腂"},"\n\"","U$U$U$",{"text": "U$"},"\n","\n"],{"text": "\n- x1 ","color": "gray"},{"translate": "crazy_adventure.californium_block","color": "gray"}]},"click_event": {"action": "show_dialog","dialog": "crazy_adventure:manual/page_16"}},
				{"text": "0","hover_event": {"action": "show_text","value": [{"text": ""},[{"text": "","font": "crazy_adventure:manual","color": "white"},"\"F\n","\"",{"text": "$職"},{"text": "$職"},{"text": "$職"},"\n","\"",{"text": "U$"},{"text": "U$"},{"text": "U$"},"\n","\"",{"text": "$職"},{"text": "$肅"},{"text": "$職"},"\"\"",{"text": "$$肇"},"\n","\"",{"text": "U$"},{"text": "U$"},{"text": "U$"},"\"\"",{"text": "U$"},"\n","\"",{"text": "$耳"},{"text": "$耳"},{"text": "$耳"},"\n","\"",{"text": "U$"},{"text": "U$"},{"text": "U$"},"\n"],{"text": "\n- x5 ","color": "gray"},{"translate": "crazy_adventure.californium_waste_barrel","color": "gray"},{"text": "\n- x1 ","color": "gray"},{"translate": "crazy_adventure.uranium_battery","color": "gray"},{"text": "\n- x3 ","color": "gray"},{"translate": "crazy_adventure.californium_block","color": "gray"}]},"click_event": {"action": "show_dialog","dialog": "crazy_adventure:manual/page_61"}},
				"\n\n\n\n\n\n\n\n\n\n\n\n\n\n\n\n"
			],
			"width": 140
		}
	]
}
