{
	"type": "minecraft:notice",
	"title": [
		"",
		{
			"sprite": "crazy_adventure:item/dialog_sprite/chargeless_stick",
			"shadow_color": [
				0,
				0,
				0,
				0
			],
			"atlas": "minecraft:items"
		},
		" ",
		{
			"translate": "crazy_adventure.chargeless_stick",
			"underlined": true
		},
		" ",
		{
			"sprite": "crazy_adventure:item/dialog_sprite/chargeless_stick",
			"shadow_color": [
				0,
				0,
				0,
				0
			],
			"atlas": "minecraft:items"
		}
	],
	"body": [
		{
			"type": "minecraft:plain_message",
			"contents": [
				{"text": "V   ","font": "crazy_adventure:manual","color": "white"},
				{"text": "\n   ","click_event": {"action": "show_dialog","dialog": "crazy_adventure:manual/page_72"},"hover_event": {"action": "show_text","value": [{"translate": "crazy_adventure.go_to_previous_page"}," (72)"]}},
				" ",
				{"text": "   ","click_event": {"action": "show_dialog","dialog": "crazy_adventure:manual/page_74"},"hover_event": {"action": "show_text","value": [{"translate": "crazy_adventure.go_to_next_page"}," (74)"]}},
				{"text": "\n   ","click_event": {"action": "show_dialog","dialog": "crazy_adventure:manual/page_72"},"hover_event": {"action": "show_text","value": [{"translate": "crazy_adventure.go_to_previous_page"}," (72)"]}},
				" ",
				{"text": "   ","click_event": {"action": "show_dialog","dialog": "crazy_adventure:manual/page_74"},"hover_event": {"action": "show_text","value": [{"translate": "crazy_adventure.go_to_next_page"}," (74)"]}}
			],
			"width": 400
		},
		{
			"type": "minecraft:plain_message",
			"contents": [
				{"text": "","font": "crazy_adventure:manual","color": "white","shadow_color": [0,0,0,0]},
				"\"$6\n\"U$",
				{"text": "$聩","hover_event": {"action": "show_item","id": "command_block","components": {"tooltip_display": {"hidden_components": ["minecraft:unbreakable"]},"item_model": "crazy_adventure:uranium_waste","item_name": {"translate": "crazy_adventure.uranium_waste"},"lore": [["",{"text": "I","color": "white","italic": false,"font": "crazy_adventure:icons"},{"translate": "crazy_adventure.crazy","color": "green"},{"translate": "crazy_adventure.adventure","color": "gray"}]],"custom_data": {"crazy_adventure": {"uranium_waste": true},"smithed": {"ignore": {"functionality": true,"crafting": true}}}}},"click_event": {"action": "show_dialog","dialog": "crazy_adventure:manual/page_45"}},
				{"text": "$聧","hover_event": {"action": "show_item","id": "command_block","components": {"tooltip_display": {"hidden_components": ["minecraft:unbreakable"]},"item_model": "crazy_adventure:uranium_core","item_name": {"translate": "crazy_adventure.uranium_core"},"lore": [["",{"text": "I","color": "white","italic": false,"font": "crazy_adventure:icons"},{"translate": "crazy_adventure.crazy","color": "green"},{"translate": "crazy_adventure.adventure","color": "gray"}]],"custom_data": {"crazy_adventure": {"uranium_core": true},"smithed": {"ignore": {"functionality": true,"crafting": true}}}}},"click_event": {"action": "show_dialog","dialog": "crazy_adventure:manual/page_44"}},
				"  \n\"U$",
				{"text": "U$","hover_event": {"action": "show_item","id": "command_block","components": {"tooltip_display": {"hidden_components": ["minecraft:unbreakable"]},"item_model": "crazy_adventure:uranium_waste","item_name": {"translate": "crazy_adventure.uranium_waste"},"lore": [["",{"text": "I","color": "white","italic": false,"font": "crazy_adventure:icons"},{"translate": "crazy_adventure.crazy","color": "green"},{"translate": "crazy_adventure.adventure","color": "gray"}]],"custom_data": {"crazy_adventure": {"uranium_waste": true},"smithed": {"ignore": {"functionality": true,"crafting": true}}}}},"click_event": {"action": "show_dialog","dialog": "crazy_adventure:manual/page_45"}},
				{"text": "U$","hover_event": {"action": "show_item","id": "command_block","components": {"tooltip_display": {"hidden_components": ["minecraft:unbreakable"]},"item_model": "crazy_adventure:uranium_core","item_name": {"translate": "crazy_adventure.uranium_core"},"lore": [["",{"text": "I","color": "white","italic": false,"font": "crazy_adventure:icons"},{"translate": "crazy_adventure.crazy","color": "green"},{"translate": "crazy_adventure.adventure","color": "gray"}]],"custom_data": {"crazy_adventure": {"uranium_core": true},"smithed": {"ignore": {"functionality": true,"crafting": true}}}}},"click_event": {"action": "show_dialog","dialog": "crazy_adventure:manual/page_44"}},
				"  \n\"U$",
				{"text": "$芸","hover_event": {"action": "show_item","id": "minecraft:blaze_rod","components": {}}},
				{"text": "$聩","hover_event": {"action": "show_item","id": "command_block","components": {"tooltip_display": {"hidden_components": ["minecraft:unbreakable"]},"item_model": "crazy_adventure:uranium_waste","item_name": {"translate": "crazy_adventure.uranium_waste"},"lore": [["",{"text": "I","color": "white","italic": false,"font": "crazy_adventure:icons"},{"translate": "crazy_adventure.crazy","color": "green"},{"translate": "crazy_adventure.adventure","color": "gray"}]],"custom_data": {"crazy_adventure": {"uranium_waste": true},"smithed": {"ignore": {"functionality": true,"crafting": true}}}}},"click_event": {"action": "show_dialog","dialog": "crazy_adventure:manual/page_45"}},
				"\"\"",
				{"text": "$$股","hover_event": {"action": "show_item","id": "command_block","components": {"lore": [{"translate": "crazy_adventure.no_effect_need_a_stick_charger","italic": false,"color": "gray"},["",{"text": "I","color": "white","italic": false,"font": "crazy_adventure:icons"},{"translate": "crazy_adventure.crazy","color": "green"},{"translate": "crazy_adventure.adventure","color": "gray"}]],"item_model": "crazy_adventure:chargeless_stick","item_name": {"translate": "crazy_adventure.chargeless_stick"},"custom_data": {"crazy_adventure": {"chargeless_stick": true},"smithed": {"ignore": {"functionality": true,"crafting": true}}}}}},
				"#$\n\"U$",
				{"text": "U$","hover_event": {"action": "show_item","id": "minecraft:blaze_rod","components": {}}},
				{"text": "U$","hover_event": {"action": "show_item","id": "command_block","components": {"tooltip_display": {"hidden_components": ["minecraft:unbreakable"]},"item_model": "crazy_adventure:uranium_waste","item_name": {"translate": "crazy_adventure.uranium_waste"},"lore": [["",{"text": "I","color": "white","italic": false,"font": "crazy_adventure:icons"},{"translate": "crazy_adventure.crazy","color": "green"},{"translate": "crazy_adventure.adventure","color": "gray"}]],"custom_data": {"crazy_adventure": {"uranium_waste": true},"smithed": {"ignore": {"functionality": true,"crafting": true}}}}},"click_event": {"action": "show_dialog","dialog": "crazy_adventure:manual/page_45"}},
				"\"\"",
				{"text": "U$","hover_event": {"action": "show_item","id": "command_block","components": {"lore": [{"translate": "crazy_adventure.no_effect_need_a_stick_charger","italic": false,"color": "gray"},["",{"text": "I","color": "white","italic": false,"font": "crazy_adventure:icons"},{"translate": "crazy_adventure.crazy","color": "green"},{"translate": "crazy_adventure.adventure","color": "gray"}]],"item_model": "crazy_adventure:chargeless_stick","item_name": {"translate": "crazy_adventure.chargeless_stick"},"custom_data": {"crazy_adventure": {"chargeless_stick": true},"smithed": {"ignore": {"functionality": true,"crafting": true}}}}}},
				"#$\n\"",
				{"text": "$芸","hover_event": {"action": "show_item","id": "minecraft:blaze_rod","components": {}}},
				"U$U$  \n\"",
				{"text": "U$","hover_event": {"action": "show_item","id": "minecraft:blaze_rod","components": {}}},
				"U$U$  \n\n",
				{"text": "1##","hover_event": {"action": "show_text","value": [{"translate": "crazy_adventure.stick_with_no_charges","color": "green"},{"translate": "crazy_adventure.put_it_in_a_stick_charger","color": "gray"}]}},
				{"text": "2##","hover_event": {"action": "show_text","value": [{"text": ""},[{"text": "","font": "crazy_adventure:manual","color": "white"},"\"F\n","\"","U$",{"text": "$聩"},{"text": "$聧"},"\n","\"","U$",{"text": "U$"},{"text": "U$"},"\n","\"","U$",{"text": "$芸"},{"text": "$聩"},"\"\"",{"text": "$$股"},"\n","\"","U$",{"text": "U$"},{"text": "U$"},"\"\"",{"text": "U$"},"\n","\"",{"text": "$芸"},"U$","U$","\n","\"",{"text": "U$"},"U$","U$","\n"],{"text": "\n- x1 ","color": "gray"},{"translate": "crazy_adventure.uranium_core","color": "gray"},{"text": "\n- x2 ","color": "gray"},{"translate": "crazy_adventure.uranium_waste","color": "gray"},{"text": "\n- x2 ","color": "gray"},{"translate": "crazy_adventure.blaze_rod","color": "gray"}]}},
				{"text": "2\n","hover_event": {"action": "show_text","value": [{"text": ""},[{"text": "","font": "crazy_adventure:manual","color": "white"},"\"F\n","\"","U$",{"text": "$聩"},{"text": "$聧"},"\n","\"","U$",{"text": "U$"},{"text": "U$"},"\n","\"","U$",{"text": "$萞"},{"text": "$聩"},"\"\"",{"text": "$$股"},"\n","\"","U$",{"text": "U$"},{"text": "U$"},"\"\"",{"text": "U$"},"\n","\"",{"text": "$萞"},"U$","U$","\n","\"",{"text": "U$"},"U$","U$","\n"],{"text": "\n- x1 ","color": "gray"},{"translate": "crazy_adventure.uranium_core","color": "gray"},{"text": "\n- x2 ","color": "gray"},{"translate": "crazy_adventure.uranium_waste","color": "gray"},{"text": "\n- x2 ","color": "gray"},{"translate": "crazy_adventure.breeze_rod","color": "gray"}]}},
				{"text": "0##","hover_event": {"action": "show_text","value": [{"translate": "crazy_adventure.stick_with_no_charges","color": "green"},{"translate": "crazy_adventure.put_it_in_a_stick_charger","color": "gray"}]}},
				{"text": "0##","hover_event": {"action": "show_text","value": [{"text": ""},[{"text": "","font": "crazy_adventure:manual","color": "white"},"\"F\n","\"","U$",{"text": "$聩"},{"text": "$聧"},"\n","\"","U$",{"text": "U$"},{"text": "U$"},"\n","\"","U$",{"text": "$芸"},{"text": "$聩"},"\"\"",{"text": "$$股"},"\n","\"","U$",{"text": "U$"},{"text": "U$"},"\"\"",{"text": "U$"},"\n","\"",{"text": "$芸"},"U$","U$","\n","\"",{"text": "U$"},"U$","U$","\n"],{"text": "\n- x1 ","color": "gray"},{"translate": "crazy_adventure.uranium_core","color": "gray"},{"text": "\n- x2 ","color": "gray"},{"translate": "crazy_adventure.uranium_waste","color": "gray"},{"text": "\n- x2 ","color": "gray"},{"translate": "crazy_adventure.blaze_rod","color": "gray"}]}},
				{"text": "0","hover_event": {"action": "show_text","value": [{"text": ""},[{"text": "","font": "crazy_adventure:manual","color": "white"},"\"F\n","\"","U$",{"text": "$聩"},{"text": "$聧"},"\n","\"","U$",{"text": "U$"},{"text": "U$"},"\n","\"","U$",{"text": "$萞"},{"text": "$聩"},"\"\"",{"text": "$$股"},"\n","\"","U$",{"text": "U$"},{"text": "U$"},"\"\"",{"text": "U$"},"\n","\"",{"text": "$萞"},"U$","U$","\n","\"",{"text": "U$"},"U$","U$","\n"],{"text": "\n- x1 ","color": "gray"},{"translate": "crazy_adventure.uranium_core","color": "gray"},{"text": "\n- x2 ","color": "gray"},{"translate": "crazy_adventure.uranium_waste","color": "gray"},{"text": "\n- x2 ","color": "gray"},{"translate": "crazy_adventure.breeze_rod","color": "gray"}]}},
				"\n\n\n\n\n\n\n\n\n\n\n\n\n\n\n\n"
			],
			"width": 140
		}
	]
}
