{
	"type": "minecraft:notice",
	"title": [
		"",
		{
			"sprite": "crazy_adventure:item/dialog_sprite/anti_radiation_chestplate",
			"shadow_color": [
				0,
				0,
				0,
				0
			],
			"atlas": "minecraft:items"
		},
		" ",
		{
			"translate": "crazy_adventure.anti_radiation_chestplate",
			"underlined": true
		},
		" ",
		{
			"sprite": "crazy_adventure:item/dialog_sprite/anti_radiation_chestplate",
			"shadow_color": [
				0,
				0,
				0,
				0
			],
			"atlas": "minecraft:items"
		}
	],
	"body": [
		{
			"type": "minecraft:plain_message",
			"contents": [
				{"text": "V   ","font": "crazy_adventure:manual","color": "white"},
				{"text": "\n   ","click_event": {"action": "show_dialog","dialog": "crazy_adventure:manual/page_37"},"hover_event": {"action": "show_text","value": [{"translate": "crazy_adventure.go_to_previous_page"}," (37)"]}},
				" ",
				{"text": "   ","click_event": {"action": "show_dialog","dialog": "crazy_adventure:manual/page_39"},"hover_event": {"action": "show_text","value": [{"translate": "crazy_adventure.go_to_next_page"}," (39)"]}},
				{"text": "\n   ","click_event": {"action": "show_dialog","dialog": "crazy_adventure:manual/page_37"},"hover_event": {"action": "show_text","value": [{"translate": "crazy_adventure.go_to_previous_page"}," (37)"]}},
				" ",
				{"text": "   ","click_event": {"action": "show_dialog","dialog": "crazy_adventure:manual/page_39"},"hover_event": {"action": "show_text","value": [{"translate": "crazy_adventure.go_to_next_page"}," (39)"]}}
			],
			"width": 400
		},
		{
			"type": "minecraft:plain_message",
			"contents": [
				{"text": "","font": "crazy_adventure:manual","color": "white","shadow_color": [0,0,0,0]},
				"\"$6\n\"",
				{"text": "$膏","hover_event": {"action": "show_item","id": "minecraft:yellow_wool","components": {}}},
				"U$",
				{"text": "$膏","hover_event": {"action": "show_item","id": "minecraft:yellow_wool","components": {}}},
				"  \n\"",
				{"text": "U$","hover_event": {"action": "show_item","id": "minecraft:yellow_wool","components": {}}},
				"U$",
				{"text": "U$","hover_event": {"action": "show_item","id": "minecraft:yellow_wool","components": {}}},
				"  \n\"",
				{"text": "$膏","hover_event": {"action": "show_item","id": "minecraft:yellow_wool","components": {}}},
				{"text": "$聧","hover_event": {"action": "show_item","id": "command_block","components": {"tooltip_display": {"hidden_components": ["minecraft:unbreakable"]},"item_model": "crazy_adventure:uranium_core","item_name": {"translate": "crazy_adventure.uranium_core"},"lore": [["",{"text": "I","color": "white","italic": false,"font": "crazy_adventure:icons"},{"translate": "crazy_adventure.crazy","color": "green"},{"translate": "crazy_adventure.adventure","color": "gray"}]],"custom_data": {"crazy_adventure": {"uranium_core": true},"smithed": {"ignore": {"functionality": true,"crafting": true}}}}},"click_event": {"action": "show_dialog","dialog": "crazy_adventure:manual/page_44"}},
				{"text": "$膏","hover_event": {"action": "show_item","id": "minecraft:yellow_wool","components": {}}},
				"\"\"",
				{"text": "$$聛","hover_event": {"action": "show_item","id": "leather_chestplate","components": {"custom_data": {"crazy_adventure": {"radiation": 130,"anti_radiation_chestplate": true},"smithed": {"ignore": {"functionality": true,"crafting": true}}},"tooltip_display": {"hidden_components": ["minecraft:unbreakable"]},"item_model": "crazy_adventure:anti_radiation_chestplate","item_name": {"translate": "crazy_adventure.anti_radiation_chestplate"},"lore": [["",{"text": "I","color": "white","italic": false,"font": "crazy_adventure:icons"},{"translate": "crazy_adventure.crazy","color": "green"},{"translate": "crazy_adventure.adventure","color": "gray"}]]}}},
				"#$\n\"",
				{"text": "U$","hover_event": {"action": "show_item","id": "minecraft:yellow_wool","components": {}}},
				{"text": "U$","hover_event": {"action": "show_item","id": "command_block","components": {"tooltip_display": {"hidden_components": ["minecraft:unbreakable"]},"item_model": "crazy_adventure:uranium_core","item_name": {"translate": "crazy_adventure.uranium_core"},"lore": [["",{"text": "I","color": "white","italic": false,"font": "crazy_adventure:icons"},{"translate": "crazy_adventure.crazy","color": "green"},{"translate": "crazy_adventure.adventure","color": "gray"}]],"custom_data": {"crazy_adventure": {"uranium_core": true},"smithed": {"ignore": {"functionality": true,"crafting": true}}}}},"click_event": {"action": "show_dialog","dialog": "crazy_adventure:manual/page_44"}},
				{"text": "U$","hover_event": {"action": "show_item","id": "minecraft:yellow_wool","components": {}}},
				"\"\"",
				{"text": "U$","hover_event": {"action": "show_item","id": "leather_chestplate","components": {"custom_data": {"crazy_adventure": {"radiation": 130,"anti_radiation_chestplate": true},"smithed": {"ignore": {"functionality": true,"crafting": true}}},"tooltip_display": {"hidden_components": ["minecraft:unbreakable"]},"item_model": "crazy_adventure:anti_radiation_chestplate","item_name": {"translate": "crazy_adventure.anti_radiation_chestplate"},"lore": [["",{"text": "I","color": "white","italic": false,"font": "crazy_adventure:icons"},{"translate": "crazy_adventure.crazy","color": "green"},{"translate": "crazy_adventure.adventure","color": "gray"}]]}}},
				"#$\n\"",
				{"text": "$膏$膏$膏","hover_event": {"action": "show_item","id": "minecraft:yellow_wool","components": {}}},
				"  \n\"",
				{"translate": "crazy_adventure.uuu","hover_event": {"action": "show_item","id": "minecraft:yellow_wool","components": {}}},
				"  \n\n",
				{"text": "1##","hover_event": {"action": "show_text","value": [{"translate": "crazy_adventure.anti_radiation_armor","color": "green"},{"translate": "crazy_adventure.allow_to_not_takes_damage_in_california_need_full_armor","color": "gray"}]}},
				{"text": "2\n","hover_event": {"action": "show_text","value": [{"text": ""},[{"text": "","font": "crazy_adventure:manual","color": "white"},"\"F\n","\"",{"text": "$膏"},"U$",{"text": "$膏"},"\n","\"",{"text": "U$"},"U$",{"text": "U$"},"\n","\"",{"text": "$膏"},{"text": "$聧"},{"text": "$膏"},"\"\"",{"text": "$$聛"},"\n","\"",{"text": "U$"},{"text": "U$"},{"text": "U$"},"\"\"",{"text": "U$"},"\n","\"",{"text": "$膏"},{"text": "$膏"},{"text": "$膏"},"\n","\"",{"text": "U$"},{"text": "U$"},{"text": "U$"},"\n"],{"text": "\n- x1 ","color": "gray"},{"translate": "crazy_adventure.uranium_core","color": "gray"},{"text": "\n- x7 ","color": "gray"},{"translate": "crazy_adventure.yellow_wool","color": "gray"}]}},
				{"text": "0##","hover_event": {"action": "show_text","value": [{"translate": "crazy_adventure.anti_radiation_armor","color": "green"},{"translate": "crazy_adventure.allow_to_not_takes_damage_in_california_need_full_armor","color": "gray"}]}},
				{"text": "0","hover_event": {"action": "show_text","value": [{"text": ""},[{"text": "","font": "crazy_adventure:manual","color": "white"},"\"F\n","\"",{"text": "$膏"},"U$",{"text": "$膏"},"\n","\"",{"text": "U$"},"U$",{"text": "U$"},"\n","\"",{"text": "$膏"},{"text": "$聧"},{"text": "$膏"},"\"\"",{"text": "$$聛"},"\n","\"",{"text": "U$"},{"text": "U$"},{"text": "U$"},"\"\"",{"text": "U$"},"\n","\"",{"text": "$膏"},{"text": "$膏"},{"text": "$膏"},"\n","\"",{"text": "U$"},{"text": "U$"},{"text": "U$"},"\n"],{"text": "\n- x1 ","color": "gray"},{"translate": "crazy_adventure.uranium_core","color": "gray"},{"text": "\n- x7 ","color": "gray"},{"translate": "crazy_adventure.yellow_wool","color": "gray"}]}},
				"\n\n\n\n\n\n\n\n\n\n\n\n\n\n\n\n"
			],
			"width": 140
		}
	]
}
