{
	"type": "minecraft:notice",
	"title": [
		"",
		{
			"sprite": "crazy_adventure:item/dialog_sprite/californium_waste_barrel",
			"shadow_color": [
				0,
				0,
				0,
				0
			],
			"atlas": "minecraft:items"
		},
		" ",
		{
			"translate": "crazy_adventure.californium_waste_barrel",
			"underlined": true
		},
		" ",
		{
			"sprite": "crazy_adventure:item/dialog_sprite/californium_waste_barrel",
			"shadow_color": [
				0,
				0,
				0,
				0
			],
			"atlas": "minecraft:items"
		}
	],
	"body": [
		{
			"type": "minecraft:plain_message",
			"contents": [
				{"text": "V   ","font": "crazy_adventure:manual","color": "white"},
				{"text": "\n   ","click_event": {"action": "show_dialog","dialog": "crazy_adventure:manual/page_52"},"hover_event": {"action": "show_text","value": [{"translate": "crazy_adventure.go_to_previous_page"}," (52)"]}},
				" ",
				{"text": "   ","click_event": {"action": "show_dialog","dialog": "crazy_adventure:manual/page_54"},"hover_event": {"action": "show_text","value": [{"translate": "crazy_adventure.go_to_next_page"}," (54)"]}},
				{"text": "\n   ","click_event": {"action": "show_dialog","dialog": "crazy_adventure:manual/page_52"},"hover_event": {"action": "show_text","value": [{"translate": "crazy_adventure.go_to_previous_page"}," (52)"]}},
				" ",
				{"text": "   ","click_event": {"action": "show_dialog","dialog": "crazy_adventure:manual/page_54"},"hover_event": {"action": "show_text","value": [{"translate": "crazy_adventure.go_to_next_page"}," (54)"]}}
			],
			"width": 400
		},
		{
			"type": "minecraft:plain_message",
			"contents": [
				{"text": "","font": "crazy_adventure:manual","color": "white","shadow_color": [0,0,0,0]},
				"\"$6\n\"",
				{"text": "$聵$聵$聵","hover_event": {"action": "show_item","id": "command_block","components": {"tooltip_display": {"hidden_components": ["minecraft:unbreakable"]},"item_model": "crazy_adventure:californium_waste","item_name": {"translate": "crazy_adventure.californium_waste"},"lore": [["",{"text": "I","color": "white","italic": false,"font": "crazy_adventure:icons"},{"translate": "crazy_adventure.crazy","color": "green"},{"translate": "crazy_adventure.adventure","color": "gray"}]],"custom_data": {"crazy_adventure": {"californium_waste": true},"smithed": {"ignore": {"functionality": true,"crafting": true}}}}},"click_event": {"action": "show_dialog","dialog": "crazy_adventure:manual/page_52"}},
				"  \n\"",
				{"translate": "crazy_adventure.uuu","hover_event": {"action": "show_item","id": "command_block","components": {"tooltip_display": {"hidden_components": ["minecraft:unbreakable"]},"item_model": "crazy_adventure:californium_waste","item_name": {"translate": "crazy_adventure.californium_waste"},"lore": [["",{"text": "I","color": "white","italic": false,"font": "crazy_adventure:icons"},{"translate": "crazy_adventure.crazy","color": "green"},{"translate": "crazy_adventure.adventure","color": "gray"}]],"custom_data": {"crazy_adventure": {"californium_waste": true},"smithed": {"ignore": {"functionality": true,"crafting": true}}}}},"click_event": {"action": "show_dialog","dialog": "crazy_adventure:manual/page_52"}},
				"  \n\"",
				{"text": "$聵","hover_event": {"action": "show_item","id": "command_block","components": {"tooltip_display": {"hidden_components": ["minecraft:unbreakable"]},"item_model": "crazy_adventure:californium_waste","item_name": {"translate": "crazy_adventure.californium_waste"},"lore": [["",{"text": "I","color": "white","italic": false,"font": "crazy_adventure:icons"},{"translate": "crazy_adventure.crazy","color": "green"},{"translate": "crazy_adventure.adventure","color": "gray"}]],"custom_data": {"crazy_adventure": {"californium_waste": true},"smithed": {"ignore": {"functionality": true,"crafting": true}}}}},"click_event": {"action": "show_dialog","dialog": "crazy_adventure:manual/page_52"}},
				{"text": "$苅","hover_event": {"action": "show_item","id": "minecraft:barrel","components": {}}},
				{"text": "$聵","hover_event": {"action": "show_item","id": "command_block","components": {"tooltip_display": {"hidden_components": ["minecraft:unbreakable"]},"item_model": "crazy_adventure:californium_waste","item_name": {"translate": "crazy_adventure.californium_waste"},"lore": [["",{"text": "I","color": "white","italic": false,"font": "crazy_adventure:icons"},{"translate": "crazy_adventure.crazy","color": "green"},{"translate": "crazy_adventure.adventure","color": "gray"}]],"custom_data": {"crazy_adventure": {"californium_waste": true},"smithed": {"ignore": {"functionality": true,"crafting": true}}}}},"click_event": {"action": "show_dialog","dialog": "crazy_adventure:manual/page_52"}},
				"\"\"",
				{"text": "$$職","hover_event": {"action": "show_item","id": "furnace","components": {"item_model": "crazy_adventure:californium_waste_barrel","item_name": {"translate": "crazy_adventure.californium_waste_barrel"},"lore": [["",{"text": "I","color": "white","italic": false,"font": "crazy_adventure:icons"},{"translate": "crazy_adventure.crazy","color": "green"},{"translate": "crazy_adventure.adventure","color": "gray"}]],"custom_data": {"crazy_adventure": {"californium_waste_barrel": true},"smithed": {"ignore": {"functionality": true,"crafting": true}}},"container": [{"slot": 0,"item": {"id": "minecraft:stone","count": 1,"components": {"minecraft:custom_data": {"smithed": {"block": {"id": "crazy_adventure:californium_waste_barrel","from": "crazy_adventure"}}}}}}],"tooltip_display": {"hidden_components": ["minecraft:container"]}}}},
				"#$\n\"",
				{"text": "U$","hover_event": {"action": "show_item","id": "command_block","components": {"tooltip_display": {"hidden_components": ["minecraft:unbreakable"]},"item_model": "crazy_adventure:californium_waste","item_name": {"translate": "crazy_adventure.californium_waste"},"lore": [["",{"text": "I","color": "white","italic": false,"font": "crazy_adventure:icons"},{"translate": "crazy_adventure.crazy","color": "green"},{"translate": "crazy_adventure.adventure","color": "gray"}]],"custom_data": {"crazy_adventure": {"californium_waste": true},"smithed": {"ignore": {"functionality": true,"crafting": true}}}}},"click_event": {"action": "show_dialog","dialog": "crazy_adventure:manual/page_52"}},
				{"text": "U$","hover_event": {"action": "show_item","id": "minecraft:barrel","components": {}}},
				{"text": "U$","hover_event": {"action": "show_item","id": "command_block","components": {"tooltip_display": {"hidden_components": ["minecraft:unbreakable"]},"item_model": "crazy_adventure:californium_waste","item_name": {"translate": "crazy_adventure.californium_waste"},"lore": [["",{"text": "I","color": "white","italic": false,"font": "crazy_adventure:icons"},{"translate": "crazy_adventure.crazy","color": "green"},{"translate": "crazy_adventure.adventure","color": "gray"}]],"custom_data": {"crazy_adventure": {"californium_waste": true},"smithed": {"ignore": {"functionality": true,"crafting": true}}}}},"click_event": {"action": "show_dialog","dialog": "crazy_adventure:manual/page_52"}},
				"\"\"",
				{"text": "U$","hover_event": {"action": "show_item","id": "furnace","components": {"item_model": "crazy_adventure:californium_waste_barrel","item_name": {"translate": "crazy_adventure.californium_waste_barrel"},"lore": [["",{"text": "I","color": "white","italic": false,"font": "crazy_adventure:icons"},{"translate": "crazy_adventure.crazy","color": "green"},{"translate": "crazy_adventure.adventure","color": "gray"}]],"custom_data": {"crazy_adventure": {"californium_waste_barrel": true},"smithed": {"ignore": {"functionality": true,"crafting": true}}},"container": [{"slot": 0,"item": {"id": "minecraft:stone","count": 1,"components": {"minecraft:custom_data": {"smithed": {"block": {"id": "crazy_adventure:californium_waste_barrel","from": "crazy_adventure"}}}}}}],"tooltip_display": {"hidden_components": ["minecraft:container"]}}}},
				"#$\n\"",
				{"text": "$聵$聵$聵","hover_event": {"action": "show_item","id": "command_block","components": {"tooltip_display": {"hidden_components": ["minecraft:unbreakable"]},"item_model": "crazy_adventure:californium_waste","item_name": {"translate": "crazy_adventure.californium_waste"},"lore": [["",{"text": "I","color": "white","italic": false,"font": "crazy_adventure:icons"},{"translate": "crazy_adventure.crazy","color": "green"},{"translate": "crazy_adventure.adventure","color": "gray"}]],"custom_data": {"crazy_adventure": {"californium_waste": true},"smithed": {"ignore": {"functionality": true,"crafting": true}}}}},"click_event": {"action": "show_dialog","dialog": "crazy_adventure:manual/page_52"}},
				"  \n\"",
				{"translate": "crazy_adventure.uuu","hover_event": {"action": "show_item","id": "command_block","components": {"tooltip_display": {"hidden_components": ["minecraft:unbreakable"]},"item_model": "crazy_adventure:californium_waste","item_name": {"translate": "crazy_adventure.californium_waste"},"lore": [["",{"text": "I","color": "white","italic": false,"font": "crazy_adventure:icons"},{"translate": "crazy_adventure.crazy","color": "green"},{"translate": "crazy_adventure.adventure","color": "gray"}]],"custom_data": {"crazy_adventure": {"californium_waste": true},"smithed": {"ignore": {"functionality": true,"crafting": true}}}}},"click_event": {"action": "show_dialog","dialog": "crazy_adventure:manual/page_52"}},
				"  \n\n",
				{"text": "1##","hover_event": {"action": "show_text","value": [{"translate": "crazy_adventure.safe_storage_of_radioactive_waste","color": "green"},{"translate": "crazy_adventure.made_with_californium_waste","color": "gray"}]}},
				{"text": "2##","hover_event": {"action": "show_text","value": [{"text": ""},[{"text": "","font": "crazy_adventure:manual","color": "white"},"\"F\n","\"",{"text": "$聵"},{"text": "$聵"},{"text": "$聵"},"\n","\"",{"text": "U$"},{"text": "U$"},{"text": "U$"},"\n","\"",{"text": "$聵"},{"text": "$苅"},{"text": "$聵"},"\"\"",{"text": "$$職"},"\n","\"",{"text": "U$"},{"text": "U$"},{"text": "U$"},"\"\"",{"text": "U$"},"\n","\"",{"text": "$聵"},{"text": "$聵"},{"text": "$聵"},"\n","\"",{"text": "U$"},{"text": "U$"},{"text": "U$"},"\n"],{"text": "\n- x8 ","color": "gray"},{"translate": "crazy_adventure.californium_waste","color": "gray"},{"text": "\n- x1 ","color": "gray"},{"translate": "crazy_adventure.barrel","color": "gray"}]}},
				{"text": "茟\n","hover_event": {"action": "show_text","value": [{"text": ""},[{"text": "","font": "crazy_adventure:manual","color": "white"},"\"F\n","\"",{"text": "$職"},{"text": "$職"},{"text": "$職"},"\n","\"",{"text": "U$"},{"text": "U$"},{"text": "U$"},"\n","\"",{"text": "$職"},{"text": "$肅"},{"text": "$職"},"\"\"",{"text": "$$肇"},"\n","\"",{"text": "U$"},{"text": "U$"},{"text": "U$"},"\"\"",{"text": "U$"},"\n","\"",{"text": "$耳"},{"text": "$耳"},{"text": "$耳"},"\n","\"",{"text": "U$"},{"text": "U$"},{"text": "U$"},"\n"],{"text": "\n- x5 ","color": "gray"},{"translate": "crazy_adventure.californium_waste_barrel","color": "gray"},{"text": "\n- x1 ","color": "gray"},{"translate": "crazy_adventure.uranium_battery","color": "gray"},{"text": "\n- x3 ","color": "gray"},{"translate": "crazy_adventure.californium_block","color": "gray"}]},"click_event": {"action": "show_dialog","dialog": "crazy_adventure:manual/page_61"}},
				{"text": "0##","hover_event": {"action": "show_text","value": [{"translate": "crazy_adventure.safe_storage_of_radioactive_waste","color": "green"},{"translate": "crazy_adventure.made_with_californium_waste","color": "gray"}]}},
				{"text": "0##","hover_event": {"action": "show_text","value": [{"text": ""},[{"text": "","font": "crazy_adventure:manual","color": "white"},"\"F\n","\"",{"text": "$聵"},{"text": "$聵"},{"text": "$聵"},"\n","\"",{"text": "U$"},{"text": "U$"},{"text": "U$"},"\n","\"",{"text": "$聵"},{"text": "$苅"},{"text": "$聵"},"\"\"",{"text": "$$職"},"\n","\"",{"text": "U$"},{"text": "U$"},{"text": "U$"},"\"\"",{"text": "U$"},"\n","\"",{"text": "$聵"},{"text": "$聵"},{"text": "$聵"},"\n","\"",{"text": "U$"},{"text": "U$"},{"text": "U$"},"\n"],{"text": "\n- x8 ","color": "gray"},{"translate": "crazy_adventure.californium_waste","color": "gray"},{"text": "\n- x1 ","color": "gray"},{"translate": "crazy_adventure.barrel","color": "gray"}]}},
				{"text": "0","hover_event": {"action": "show_text","value": [{"text": ""},[{"text": "","font": "crazy_adventure:manual","color": "white"},"\"F\n","\"",{"text": "$職"},{"text": "$職"},{"text": "$職"},"\n","\"",{"text": "U$"},{"text": "U$"},{"text": "U$"},"\n","\"",{"text": "$職"},{"text": "$肅"},{"text": "$職"},"\"\"",{"text": "$$肇"},"\n","\"",{"text": "U$"},{"text": "U$"},{"text": "U$"},"\"\"",{"text": "U$"},"\n","\"",{"text": "$耳"},{"text": "$耳"},{"text": "$耳"},"\n","\"",{"text": "U$"},{"text": "U$"},{"text": "U$"},"\n"],{"text": "\n- x5 ","color": "gray"},{"translate": "crazy_adventure.californium_waste_barrel","color": "gray"},{"text": "\n- x1 ","color": "gray"},{"translate": "crazy_adventure.uranium_battery","color": "gray"},{"text": "\n- x3 ","color": "gray"},{"translate": "crazy_adventure.californium_block","color": "gray"}]},"click_event": {"action": "show_dialog","dialog": "crazy_adventure:manual/page_61"}},
				"\n\n\n\n\n\n\n\n\n\n\n\n\n\n\n\n"
			],
			"width": 140
		}
	]
}
