{
	"type": "minecraft:notice",
	"title": [
		"",
		{
			"sprite": "crazy_adventure:item/dialog_sprite/anti_radiation_leggings",
			"shadow_color": [
				0,
				0,
				0,
				0
			],
			"atlas": "minecraft:items"
		},
		" ",
		{
			"translate": "crazy_adventure.anti_radiation_leggings",
			"underlined": true
		},
		" ",
		{
			"sprite": "crazy_adventure:item/dialog_sprite/anti_radiation_leggings",
			"shadow_color": [
				0,
				0,
				0,
				0
			],
			"atlas": "minecraft:items"
		}
	],
	"body": [
		{
			"type": "minecraft:plain_message",
			"contents": [
				{"text": "V   ","font": "crazy_adventure:manual","color": "white"},
				{"text": "\n   ","click_event": {"action": "show_dialog","dialog": "crazy_adventure:manual/page_41"},"hover_event": {"action": "show_text","value": [{"translate": "crazy_adventure.go_to_previous_page"}," (41)"]}},
				" ",
				{"text": "   ","click_event": {"action": "show_dialog","dialog": "crazy_adventure:manual/page_43"},"hover_event": {"action": "show_text","value": [{"translate": "crazy_adventure.go_to_next_page"}," (43)"]}},
				{"text": "\n   ","click_event": {"action": "show_dialog","dialog": "crazy_adventure:manual/page_41"},"hover_event": {"action": "show_text","value": [{"translate": "crazy_adventure.go_to_previous_page"}," (41)"]}},
				" ",
				{"text": "   ","click_event": {"action": "show_dialog","dialog": "crazy_adventure:manual/page_43"},"hover_event": {"action": "show_text","value": [{"translate": "crazy_adventure.go_to_next_page"}," (43)"]}}
			],
			"width": 400
		},
		{
			"type": "minecraft:plain_message",
			"contents": [
				{"text": "","font": "crazy_adventure:manual","color": "white","shadow_color": [0,0,0,0]},
				"\"$6\n\"",
				{"text": "$膠$膠$膠","hover_event": {"action": "show_item","id": "minecraft:yellow_wool","components": {}}},
				"  \n\"",
				{"translate": "crazy_adventure.uuu","hover_event": {"action": "show_item","id": "minecraft:yellow_wool","components": {}}},
				"  \n\"",
				{"text": "$膠","hover_event": {"action": "show_item","id": "minecraft:yellow_wool","components": {}}},
				"U$",
				{"text": "$膠","hover_event": {"action": "show_item","id": "minecraft:yellow_wool","components": {}}},
				"\"\"",
				{"text": "$$聡","hover_event": {"action": "show_item","id": "leather_leggings","components": {"custom_data": {"crazy_adventure": {"radiation": 70,"anti_radiation_leggings": true},"smithed": {"ignore": {"functionality": true,"crafting": true}}},"tooltip_display": {"hidden_components": ["minecraft:unbreakable"]},"item_model": "crazy_adventure:anti_radiation_leggings","item_name": {"translate": "crazy_adventure.anti_radiation_leggings"},"lore": [["",{"text": "I","color": "white","italic": false,"font": "crazy_adventure:icons"},{"translate": "crazy_adventure.crazy","color": "green"},{"translate": "crazy_adventure.adventure","color": "gray"}]]}}},
				"#$\n\"",
				{"text": "U$","hover_event": {"action": "show_item","id": "minecraft:yellow_wool","components": {}}},
				"U$",
				{"text": "U$","hover_event": {"action": "show_item","id": "minecraft:yellow_wool","components": {}}},
				"\"\"",
				{"text": "U$","hover_event": {"action": "show_item","id": "leather_leggings","components": {"custom_data": {"crazy_adventure": {"radiation": 70,"anti_radiation_leggings": true},"smithed": {"ignore": {"functionality": true,"crafting": true}}},"tooltip_display": {"hidden_components": ["minecraft:unbreakable"]},"item_model": "crazy_adventure:anti_radiation_leggings","item_name": {"translate": "crazy_adventure.anti_radiation_leggings"},"lore": [["",{"text": "I","color": "white","italic": false,"font": "crazy_adventure:icons"},{"translate": "crazy_adventure.crazy","color": "green"},{"translate": "crazy_adventure.adventure","color": "gray"}]]}}},
				"#$\n\"",
				{"text": "$膠","hover_event": {"action": "show_item","id": "minecraft:yellow_wool","components": {}}},
				"U$",
				{"text": "$膠","hover_event": {"action": "show_item","id": "minecraft:yellow_wool","components": {}}},
				"  \n\"",
				{"text": "U$","hover_event": {"action": "show_item","id": "minecraft:yellow_wool","components": {}}},
				"U$",
				{"text": "U$","hover_event": {"action": "show_item","id": "minecraft:yellow_wool","components": {}}},
				"  \n\n",
				{"text": "1##","hover_event": {"action": "show_text","value": [{"translate": "crazy_adventure.anti_radiation_armor","color": "green"},{"translate": "crazy_adventure.allow_to_not_takes_damage_in_california_need_full_armor","color": "gray"}]}},
				{"text": "2\n","hover_event": {"action": "show_text","value": [{"text": ""},[{"text": "","font": "crazy_adventure:manual","color": "white"},"\"F\n","\"",{"text": "$膠"},{"text": "$膠"},{"text": "$膠"},"\n","\"",{"text": "U$"},{"text": "U$"},{"text": "U$"},"\n","\"",{"text": "$膠"},"U$",{"text": "$膠"},"\"\"",{"text": "$$聡"},"\n","\"",{"text": "U$"},"U$",{"text": "U$"},"\"\"",{"text": "U$"},"\n","\"",{"text": "$膠"},"U$",{"text": "$膠"},"\n","\"",{"text": "U$"},"U$",{"text": "U$"},"\n"],{"text": "\n- x7 ","color": "gray"},{"translate": "crazy_adventure.yellow_wool","color": "gray"}]}},
				{"text": "0##","hover_event": {"action": "show_text","value": [{"translate": "crazy_adventure.anti_radiation_armor","color": "green"},{"translate": "crazy_adventure.allow_to_not_takes_damage_in_california_need_full_armor","color": "gray"}]}},
				{"text": "0","hover_event": {"action": "show_text","value": [{"text": ""},[{"text": "","font": "crazy_adventure:manual","color": "white"},"\"F\n","\"",{"text": "$膠"},{"text": "$膠"},{"text": "$膠"},"\n","\"",{"text": "U$"},{"text": "U$"},{"text": "U$"},"\n","\"",{"text": "$膠"},"U$",{"text": "$膠"},"\"\"",{"text": "$$聡"},"\n","\"",{"text": "U$"},"U$",{"text": "U$"},"\"\"",{"text": "U$"},"\n","\"",{"text": "$膠"},"U$",{"text": "$膠"},"\n","\"",{"text": "U$"},"U$",{"text": "U$"},"\n"],{"text": "\n- x7 ","color": "gray"},{"translate": "crazy_adventure.yellow_wool","color": "gray"}]}},
				"\n\n\n\n\n\n\n\n\n\n\n\n\n\n\n\n"
			],
			"width": 140
		}
	]
}
