{
	"type": "minecraft:notice",
	"title": [
		"",
		{
			"sprite": "crazy_adventure:item/dialog_sprite/californium_chestplate",
			"shadow_color": [
				0,
				0,
				0,
				0
			],
			"atlas": "minecraft:items"
		},
		" ",
		{
			"translate": "crazy_adventure.californium_chestplate",
			"underlined": true
		},
		" ",
		{
			"sprite": "crazy_adventure:item/dialog_sprite/californium_chestplate",
			"shadow_color": [
				0,
				0,
				0,
				0
			],
			"atlas": "minecraft:items"
		}
	],
	"body": [
		{
			"type": "minecraft:plain_message",
			"contents": [
				{"text": "V   ","font": "crazy_adventure:manual","color": "white"},
				{"text": "\n   ","click_event": {"action": "show_dialog","dialog": "crazy_adventure:manual/page_28"},"hover_event": {"action": "show_text","value": [{"translate": "crazy_adventure.go_to_previous_page"}," (28)"]}},
				" ",
				{"text": "   ","click_event": {"action": "show_dialog","dialog": "crazy_adventure:manual/page_30"},"hover_event": {"action": "show_text","value": [{"translate": "crazy_adventure.go_to_next_page"}," (30)"]}},
				{"text": "\n   ","click_event": {"action": "show_dialog","dialog": "crazy_adventure:manual/page_28"},"hover_event": {"action": "show_text","value": [{"translate": "crazy_adventure.go_to_previous_page"}," (28)"]}},
				" ",
				{"text": "   ","click_event": {"action": "show_dialog","dialog": "crazy_adventure:manual/page_30"},"hover_event": {"action": "show_text","value": [{"translate": "crazy_adventure.go_to_next_page"}," (30)"]}}
			],
			"width": 400
		},
		{
			"type": "minecraft:plain_message",
			"contents": [
				{"text": "","font": "crazy_adventure:manual","color": "white","shadow_color": [0,0,0,0]},
				"\"$6\n\"",
				{"text": "$耫","hover_event": {"action": "show_item","id": "command_block","components": {"custom_data": {"smithed": {"dict": {"ingot": {"californium": true}},"ignore": {"functionality": true,"crafting": true}},"crazy_adventure": {"californium_ingot": true}},"item_model": "crazy_adventure:californium_ingot","item_name": {"translate": "crazy_adventure.californium_ingot"},"lore": [["",{"text": "I","color": "white","italic": false,"font": "crazy_adventure:icons"},{"translate": "crazy_adventure.crazy","color": "green"},{"translate": "crazy_adventure.adventure","color": "gray"}]]}},"click_event": {"action": "show_dialog","dialog": "crazy_adventure:manual/page_14"}},
				"U$",
				{"text": "$耫","hover_event": {"action": "show_item","id": "command_block","components": {"custom_data": {"smithed": {"dict": {"ingot": {"californium": true}},"ignore": {"functionality": true,"crafting": true}},"crazy_adventure": {"californium_ingot": true}},"item_model": "crazy_adventure:californium_ingot","item_name": {"translate": "crazy_adventure.californium_ingot"},"lore": [["",{"text": "I","color": "white","italic": false,"font": "crazy_adventure:icons"},{"translate": "crazy_adventure.crazy","color": "green"},{"translate": "crazy_adventure.adventure","color": "gray"}]]}},"click_event": {"action": "show_dialog","dialog": "crazy_adventure:manual/page_14"}},
				"  \n\"",
				{"text": "U$","hover_event": {"action": "show_item","id": "command_block","components": {"custom_data": {"smithed": {"dict": {"ingot": {"californium": true}},"ignore": {"functionality": true,"crafting": true}},"crazy_adventure": {"californium_ingot": true}},"item_model": "crazy_adventure:californium_ingot","item_name": {"translate": "crazy_adventure.californium_ingot"},"lore": [["",{"text": "I","color": "white","italic": false,"font": "crazy_adventure:icons"},{"translate": "crazy_adventure.crazy","color": "green"},{"translate": "crazy_adventure.adventure","color": "gray"}]]}},"click_event": {"action": "show_dialog","dialog": "crazy_adventure:manual/page_14"}},
				"U$",
				{"text": "U$","hover_event": {"action": "show_item","id": "command_block","components": {"custom_data": {"smithed": {"dict": {"ingot": {"californium": true}},"ignore": {"functionality": true,"crafting": true}},"crazy_adventure": {"californium_ingot": true}},"item_model": "crazy_adventure:californium_ingot","item_name": {"translate": "crazy_adventure.californium_ingot"},"lore": [["",{"text": "I","color": "white","italic": false,"font": "crazy_adventure:icons"},{"translate": "crazy_adventure.crazy","color": "green"},{"translate": "crazy_adventure.adventure","color": "gray"}]]}},"click_event": {"action": "show_dialog","dialog": "crazy_adventure:manual/page_14"}},
				"  \n\"",
				{"text": "$耫$耫$耫","hover_event": {"action": "show_item","id": "command_block","components": {"custom_data": {"smithed": {"dict": {"ingot": {"californium": true}},"ignore": {"functionality": true,"crafting": true}},"crazy_adventure": {"californium_ingot": true}},"item_model": "crazy_adventure:californium_ingot","item_name": {"translate": "crazy_adventure.californium_ingot"},"lore": [["",{"text": "I","color": "white","italic": false,"font": "crazy_adventure:icons"},{"translate": "crazy_adventure.crazy","color": "green"},{"translate": "crazy_adventure.adventure","color": "gray"}]]}},"click_event": {"action": "show_dialog","dialog": "crazy_adventure:manual/page_14"}},
				"\"\"",
				{"text": "$$聉","hover_event": {"action": "show_item","id": "netherite_chestplate","components": {"custom_data": {"crazy_adventure": {"radiation": 600,"californium_chestplate": true},"smithed": {"ignore": {"functionality": true,"crafting": true}}},"max_damage": 1184,"attribute_modifiers": [{"type": "armor","amount": 11.0,"operation": "add_value","slot": "chest","id": "crazy_adventure:armor.chest"},{"type": "armor_toughness","amount": 3,"operation": "add_value","slot": "chest","id": "crazy_adventure:armor_toughness.chest"},{"type": "knockback_resistance","amount": 0.1,"operation": "add_value","slot": "chest","id": "crazy_adventure:knockback_resistance.chest"}],"item_model": "crazy_adventure:californium_chestplate","item_name": {"translate": "crazy_adventure.californium_chestplate"},"lore": [["",{"text": "I","color": "white","italic": false,"font": "crazy_adventure:icons"},{"translate": "crazy_adventure.crazy","color": "green"},{"translate": "crazy_adventure.adventure","color": "gray"}]]}}},
				"#$\n\"",
				{"translate": "crazy_adventure.uuu","hover_event": {"action": "show_item","id": "command_block","components": {"custom_data": {"smithed": {"dict": {"ingot": {"californium": true}},"ignore": {"functionality": true,"crafting": true}},"crazy_adventure": {"californium_ingot": true}},"item_model": "crazy_adventure:californium_ingot","item_name": {"translate": "crazy_adventure.californium_ingot"},"lore": [["",{"text": "I","color": "white","italic": false,"font": "crazy_adventure:icons"},{"translate": "crazy_adventure.crazy","color": "green"},{"translate": "crazy_adventure.adventure","color": "gray"}]]}},"click_event": {"action": "show_dialog","dialog": "crazy_adventure:manual/page_14"}},
				"\"\"",
				{"text": "U$","hover_event": {"action": "show_item","id": "netherite_chestplate","components": {"custom_data": {"crazy_adventure": {"radiation": 600,"californium_chestplate": true},"smithed": {"ignore": {"functionality": true,"crafting": true}}},"max_damage": 1184,"attribute_modifiers": [{"type": "armor","amount": 11.0,"operation": "add_value","slot": "chest","id": "crazy_adventure:armor.chest"},{"type": "armor_toughness","amount": 3,"operation": "add_value","slot": "chest","id": "crazy_adventure:armor_toughness.chest"},{"type": "knockback_resistance","amount": 0.1,"operation": "add_value","slot": "chest","id": "crazy_adventure:knockback_resistance.chest"}],"item_model": "crazy_adventure:californium_chestplate","item_name": {"translate": "crazy_adventure.californium_chestplate"},"lore": [["",{"text": "I","color": "white","italic": false,"font": "crazy_adventure:icons"},{"translate": "crazy_adventure.crazy","color": "green"},{"translate": "crazy_adventure.adventure","color": "gray"}]]}}},
				"#$\n\"",
				{"text": "$耫$耫$耫","hover_event": {"action": "show_item","id": "command_block","components": {"custom_data": {"smithed": {"dict": {"ingot": {"californium": true}},"ignore": {"functionality": true,"crafting": true}},"crazy_adventure": {"californium_ingot": true}},"item_model": "crazy_adventure:californium_ingot","item_name": {"translate": "crazy_adventure.californium_ingot"},"lore": [["",{"text": "I","color": "white","italic": false,"font": "crazy_adventure:icons"},{"translate": "crazy_adventure.crazy","color": "green"},{"translate": "crazy_adventure.adventure","color": "gray"}]]}},"click_event": {"action": "show_dialog","dialog": "crazy_adventure:manual/page_14"}},
				"  \n\"",
				{"translate": "crazy_adventure.uuu","hover_event": {"action": "show_item","id": "command_block","components": {"custom_data": {"smithed": {"dict": {"ingot": {"californium": true}},"ignore": {"functionality": true,"crafting": true}},"crazy_adventure": {"californium_ingot": true}},"item_model": "crazy_adventure:californium_ingot","item_name": {"translate": "crazy_adventure.californium_ingot"},"lore": [["",{"text": "I","color": "white","italic": false,"font": "crazy_adventure:icons"},{"translate": "crazy_adventure.crazy","color": "green"},{"translate": "crazy_adventure.adventure","color": "gray"}]]}},"click_event": {"action": "show_dialog","dialog": "crazy_adventure:manual/page_14"}},
				"  \n\n",
				{"text": "1##","hover_event": {"action": "show_text","value": [{"translate": "crazy_adventure.extremely_cool_chestplate","color": "green"},{"translate": "crazy_adventure.use_radioactive_items_and_food_to_generate_radioactivity","color": "gray"},{"translate": "crazy_adventure.add_600bq_to_your_radiation_limit","color": "gray"}]}},
				{"text": "2##","hover_event": {"action": "show_text","value": [{"text": ""},[{"text": "","font": "crazy_adventure:manual","color": "white"},"\"F\n","\"",{"text": "$耫"},"U$",{"text": "$耫"},"\n","\"",{"text": "U$"},"U$",{"text": "U$"},"\n","\"",{"text": "$耫"},{"text": "$耫"},{"text": "$耫"},"\"\"",{"text": "$$聉"},"\n","\"",{"text": "U$"},{"text": "U$"},{"text": "U$"},"\"\"",{"text": "U$"},"\n","\"",{"text": "$耫"},{"text": "$耫"},{"text": "$耫"},"\n","\"",{"text": "U$"},{"text": "U$"},{"text": "U$"},"\n"],{"text": "\n- x8 ","color": "gray"},{"translate": "crazy_adventure.californium_ingot","color": "gray"}]},"priority": 0,"click_event": {"action": "show_dialog","dialog": "crazy_adventure:manual/page_14"}},
				{"text": "舃\n","hover_event": {"action": "show_text","value": [{"text": ""},[{"text": "","font": "crazy_adventure:manual","color": "white"},"\"G\n","\"",{"text": "$聉"},"\n","\"",{"text": "U$"},"\n","\"\"\"\"U$U$",{"text": "$$耭"},"\n","\"\"\"\"U$U$",{"text": "U$"},"\n","\n\n"],{"translate": "crazy_adventure.smelting","color": "yellow"},{"text": "\n- x1 ","color": "gray"},{"translate": "crazy_adventure.californium_chestplate","color": "gray"}]},"click_event": {"action": "show_dialog","dialog": "crazy_adventure:manual/page_15"}},
				{"text": "0##","hover_event": {"action": "show_text","value": [{"translate": "crazy_adventure.extremely_cool_chestplate","color": "green"},{"translate": "crazy_adventure.use_radioactive_items_and_food_to_generate_radioactivity","color": "gray"},{"translate": "crazy_adventure.add_600bq_to_your_radiation_limit","color": "gray"}]}},
				{"text": "0##","hover_event": {"action": "show_text","value": [{"text": ""},[{"text": "","font": "crazy_adventure:manual","color": "white"},"\"F\n","\"",{"text": "$耫"},"U$",{"text": "$耫"},"\n","\"",{"text": "U$"},"U$",{"text": "U$"},"\n","\"",{"text": "$耫"},{"text": "$耫"},{"text": "$耫"},"\"\"",{"text": "$$聉"},"\n","\"",{"text": "U$"},{"text": "U$"},{"text": "U$"},"\"\"",{"text": "U$"},"\n","\"",{"text": "$耫"},{"text": "$耫"},{"text": "$耫"},"\n","\"",{"text": "U$"},{"text": "U$"},{"text": "U$"},"\n"],{"text": "\n- x8 ","color": "gray"},{"translate": "crazy_adventure.californium_ingot","color": "gray"}]},"priority": 0,"click_event": {"action": "show_dialog","dialog": "crazy_adventure:manual/page_14"}},
				{"text": "0","hover_event": {"action": "show_text","value": [{"text": ""},[{"text": "","font": "crazy_adventure:manual","color": "white"},"\"G\n","\"",{"text": "$聉"},"\n","\"",{"text": "U$"},"\n","\"\"\"\"U$U$",{"text": "$$耭"},"\n","\"\"\"\"U$U$",{"text": "U$"},"\n","\n\n"],{"translate": "crazy_adventure.smelting","color": "yellow"},{"text": "\n- x1 ","color": "gray"},{"translate": "crazy_adventure.californium_chestplate","color": "gray"}]},"click_event": {"action": "show_dialog","dialog": "crazy_adventure:manual/page_15"}},
				"\n\n\n\n\n\n\n\n\n\n\n\n\n\n\n\n"
			],
			"width": 140
		}
	]
}
