{
	"type": "minecraft:notice",
	"title": [
		"",
		{
			"sprite": "crazy_adventure:item/dialog_sprite/californium_core",
			"shadow_color": [
				0,
				0,
				0,
				0
			],
			"atlas": "minecraft:items"
		},
		" ",
		{
			"translate": "crazy_adventure.californium_core",
			"underlined": true
		},
		" ",
		{
			"sprite": "crazy_adventure:item/dialog_sprite/californium_core",
			"shadow_color": [
				0,
				0,
				0,
				0
			],
			"atlas": "minecraft:items"
		}
	],
	"body": [
		{
			"type": "minecraft:plain_message",
			"contents": [
				{"text": "V   ","font": "crazy_adventure:manual","color": "white"},
				{"text": "\n   ","click_event": {"action": "show_dialog","dialog": "crazy_adventure:manual/page_22"},"hover_event": {"action": "show_text","value": [{"translate": "crazy_adventure.go_to_previous_page"}," (22)"]}},
				" ",
				{"text": "   ","click_event": {"action": "show_dialog","dialog": "crazy_adventure:manual/page_24"},"hover_event": {"action": "show_text","value": [{"translate": "crazy_adventure.go_to_next_page"}," (24)"]}},
				{"text": "\n   ","click_event": {"action": "show_dialog","dialog": "crazy_adventure:manual/page_22"},"hover_event": {"action": "show_text","value": [{"translate": "crazy_adventure.go_to_previous_page"}," (22)"]}},
				" ",
				{"text": "   ","click_event": {"action": "show_dialog","dialog": "crazy_adventure:manual/page_24"},"hover_event": {"action": "show_text","value": [{"translate": "crazy_adventure.go_to_next_page"}," (24)"]}}
			],
			"width": 400
		},
		{
			"type": "minecraft:plain_message",
			"contents": [
				{"text": "","font": "crazy_adventure:manual","color": "white","shadow_color": [0,0,0,0]},
				"\"$6\n\"U$",
				{"text": "$耫","hover_event": {"action": "show_item","id": "command_block","components": {"custom_data": {"smithed": {"dict": {"ingot": {"californium": true}},"ignore": {"functionality": true,"crafting": true}},"crazy_adventure": {"californium_ingot": true}},"item_model": "crazy_adventure:californium_ingot","item_name": {"translate": "crazy_adventure.californium_ingot"},"lore": [["",{"text": "I","color": "white","italic": false,"font": "crazy_adventure:icons"},{"translate": "crazy_adventure.crazy","color": "green"},{"translate": "crazy_adventure.adventure","color": "gray"}]]}},"click_event": {"action": "show_dialog","dialog": "crazy_adventure:manual/page_13"}},
				"U$  \n\"U$",
				{"text": "U$","hover_event": {"action": "show_item","id": "command_block","components": {"custom_data": {"smithed": {"dict": {"ingot": {"californium": true}},"ignore": {"functionality": true,"crafting": true}},"crazy_adventure": {"californium_ingot": true}},"item_model": "crazy_adventure:californium_ingot","item_name": {"translate": "crazy_adventure.californium_ingot"},"lore": [["",{"text": "I","color": "white","italic": false,"font": "crazy_adventure:icons"},{"translate": "crazy_adventure.crazy","color": "green"},{"translate": "crazy_adventure.adventure","color": "gray"}]]}},"click_event": {"action": "show_dialog","dialog": "crazy_adventure:manual/page_13"}},
				"U$  \n\"",
				{"text": "$耫","hover_event": {"action": "show_item","id": "command_block","components": {"custom_data": {"smithed": {"dict": {"ingot": {"californium": true}},"ignore": {"functionality": true,"crafting": true}},"crazy_adventure": {"californium_ingot": true}},"item_model": "crazy_adventure:californium_ingot","item_name": {"translate": "crazy_adventure.californium_ingot"},"lore": [["",{"text": "I","color": "white","italic": false,"font": "crazy_adventure:icons"},{"translate": "crazy_adventure.crazy","color": "green"},{"translate": "crazy_adventure.adventure","color": "gray"}]]}},"click_event": {"action": "show_dialog","dialog": "crazy_adventure:manual/page_13"}},
				{"text": "$耵","hover_event": {"action": "show_item","id": "command_block","components": {"tooltip_display": {"hidden_components": ["minecraft:unbreakable"]},"item_model": "crazy_adventure:uranium_core","item_name": {"translate": "crazy_adventure.uranium_core"},"lore": [["",{"text": "I","color": "white","italic": false,"font": "crazy_adventure:icons"},{"translate": "crazy_adventure.crazy","color": "green"},{"translate": "crazy_adventure.adventure","color": "gray"}]],"custom_data": {"crazy_adventure": {"uranium_core": true},"smithed": {"ignore": {"functionality": true,"crafting": true}}}}},"click_event": {"action": "show_dialog","dialog": "crazy_adventure:manual/page_18"}},
				{"text": "$耫","hover_event": {"action": "show_item","id": "command_block","components": {"custom_data": {"smithed": {"dict": {"ingot": {"californium": true}},"ignore": {"functionality": true,"crafting": true}},"crazy_adventure": {"californium_ingot": true}},"item_model": "crazy_adventure:californium_ingot","item_name": {"translate": "crazy_adventure.californium_ingot"},"lore": [["",{"text": "I","color": "white","italic": false,"font": "crazy_adventure:icons"},{"translate": "crazy_adventure.crazy","color": "green"},{"translate": "crazy_adventure.adventure","color": "gray"}]]}},"click_event": {"action": "show_dialog","dialog": "crazy_adventure:manual/page_13"}},
				"\"\"",
				{"text": "$$耿","hover_event": {"action": "show_item","id": "command_block","components": {"tooltip_display": {"hidden_components": ["minecraft:unbreakable"]},"item_model": "crazy_adventure:californium_core","item_name": {"translate": "crazy_adventure.californium_core"},"lore": [["",{"text": "I","color": "white","italic": false,"font": "crazy_adventure:icons"},{"translate": "crazy_adventure.crazy","color": "green"},{"translate": "crazy_adventure.adventure","color": "gray"}]],"custom_data": {"crazy_adventure": {"californium_core": true},"smithed": {"ignore": {"functionality": true,"crafting": true}}}}}},
				"#$\n\"",
				{"text": "U$","hover_event": {"action": "show_item","id": "command_block","components": {"custom_data": {"smithed": {"dict": {"ingot": {"californium": true}},"ignore": {"functionality": true,"crafting": true}},"crazy_adventure": {"californium_ingot": true}},"item_model": "crazy_adventure:californium_ingot","item_name": {"translate": "crazy_adventure.californium_ingot"},"lore": [["",{"text": "I","color": "white","italic": false,"font": "crazy_adventure:icons"},{"translate": "crazy_adventure.crazy","color": "green"},{"translate": "crazy_adventure.adventure","color": "gray"}]]}},"click_event": {"action": "show_dialog","dialog": "crazy_adventure:manual/page_13"}},
				{"text": "U$","hover_event": {"action": "show_item","id": "command_block","components": {"tooltip_display": {"hidden_components": ["minecraft:unbreakable"]},"item_model": "crazy_adventure:uranium_core","item_name": {"translate": "crazy_adventure.uranium_core"},"lore": [["",{"text": "I","color": "white","italic": false,"font": "crazy_adventure:icons"},{"translate": "crazy_adventure.crazy","color": "green"},{"translate": "crazy_adventure.adventure","color": "gray"}]],"custom_data": {"crazy_adventure": {"uranium_core": true},"smithed": {"ignore": {"functionality": true,"crafting": true}}}}},"click_event": {"action": "show_dialog","dialog": "crazy_adventure:manual/page_18"}},
				{"text": "U$","hover_event": {"action": "show_item","id": "command_block","components": {"custom_data": {"smithed": {"dict": {"ingot": {"californium": true}},"ignore": {"functionality": true,"crafting": true}},"crazy_adventure": {"californium_ingot": true}},"item_model": "crazy_adventure:californium_ingot","item_name": {"translate": "crazy_adventure.californium_ingot"},"lore": [["",{"text": "I","color": "white","italic": false,"font": "crazy_adventure:icons"},{"translate": "crazy_adventure.crazy","color": "green"},{"translate": "crazy_adventure.adventure","color": "gray"}]]}},"click_event": {"action": "show_dialog","dialog": "crazy_adventure:manual/page_13"}},
				"\"\"",
				{"text": "U$","hover_event": {"action": "show_item","id": "command_block","components": {"tooltip_display": {"hidden_components": ["minecraft:unbreakable"]},"item_model": "crazy_adventure:californium_core","item_name": {"translate": "crazy_adventure.californium_core"},"lore": [["",{"text": "I","color": "white","italic": false,"font": "crazy_adventure:icons"},{"translate": "crazy_adventure.crazy","color": "green"},{"translate": "crazy_adventure.adventure","color": "gray"}]],"custom_data": {"crazy_adventure": {"californium_core": true},"smithed": {"ignore": {"functionality": true,"crafting": true}}}}}},
				"#$\n\"U$",
				{"text": "$耫","hover_event": {"action": "show_item","id": "command_block","components": {"custom_data": {"smithed": {"dict": {"ingot": {"californium": true}},"ignore": {"functionality": true,"crafting": true}},"crazy_adventure": {"californium_ingot": true}},"item_model": "crazy_adventure:californium_ingot","item_name": {"translate": "crazy_adventure.californium_ingot"},"lore": [["",{"text": "I","color": "white","italic": false,"font": "crazy_adventure:icons"},{"translate": "crazy_adventure.crazy","color": "green"},{"translate": "crazy_adventure.adventure","color": "gray"}]]}},"click_event": {"action": "show_dialog","dialog": "crazy_adventure:manual/page_13"}},
				"U$  \n\"U$",
				{"text": "U$","hover_event": {"action": "show_item","id": "command_block","components": {"custom_data": {"smithed": {"dict": {"ingot": {"californium": true}},"ignore": {"functionality": true,"crafting": true}},"crazy_adventure": {"californium_ingot": true}},"item_model": "crazy_adventure:californium_ingot","item_name": {"translate": "crazy_adventure.californium_ingot"},"lore": [["",{"text": "I","color": "white","italic": false,"font": "crazy_adventure:icons"},{"translate": "crazy_adventure.crazy","color": "green"},{"translate": "crazy_adventure.adventure","color": "gray"}]]}},"click_event": {"action": "show_dialog","dialog": "crazy_adventure:manual/page_13"}},
				"U$  \n\n",
				{"text": "1##","hover_event": {"action": "show_text","value": [{"translate": "crazy_adventure.extremely_interesting_right","color": "green"},{"translate": "crazy_adventure.used_to_craft_a_lot_of_things_well_not_really_atm","color": "gray"}]}},
				{"text": "2##","hover_event": {"action": "show_text","value": [{"text": ""},[{"text": "","font": "crazy_adventure:manual","color": "white"},"\"F\n","\"","U$",{"text": "$耫"},"U$","\n","\"","U$",{"text": "U$"},"U$","\n","\"",{"text": "$耫"},{"text": "$耵"},{"text": "$耫"},"\"\"",{"text": "$$耿"},"\n","\"",{"text": "U$"},{"text": "U$"},{"text": "U$"},"\"\"",{"text": "U$"},"\n","\"","U$",{"text": "$耫"},"U$","\n","\"","U$",{"text": "U$"},"U$","\n"],{"text": "\n- x4 ","color": "gray"},{"translate": "crazy_adventure.californium_ingot","color": "gray"},{"text": "\n- x1 ","color": "gray"},{"translate": "crazy_adventure.uranium_core","color": "gray"}]}},
				{"text": "膴##","hover_event": {"action": "show_text","value": [{"text": ""},[{"text": "","font": "crazy_adventure:manual","color": "white"},"\"F\n","\"",{"text": "$胷"},{"text": "$耿"},{"text": "$胷"},"\n","\"",{"text": "U$"},{"text": "U$"},{"text": "U$"},"\n","\"",{"text": "$耿"},{"text": "$聱"},{"text": "$耿"},"\"\"",{"text": "$$聳"},"\n","\"",{"text": "U$"},{"text": "U$"},{"text": "U$"},"\"\"",{"text": "U$"},"\n","\"",{"text": "$胷"},{"text": "$耿"},{"text": "$胷"},"\n","\"",{"text": "U$"},{"text": "U$"},{"text": "U$"},"\n"],{"text": "\n- x4 ","color": "gray"},{"translate": "crazy_adventure.californium_core","color": "gray"},{"text": "\n- x1 ","color": "gray"},{"translate": "crazy_adventure.amazing_nuclear_reactor","color": "gray"},{"text": "\n- x4 ","color": "gray"},{"translate": "crazy_adventure.oxidized_copper","color": "gray"}]},"click_event": {"action": "show_dialog","dialog": "crazy_adventure:manual/page_49"}},
				{"text": "膺\n","hover_event": {"action": "show_text","value": [{"text": ""},[{"text": "","font": "crazy_adventure:manual","color": "white"},"\"F\n","\"",{"text": "$聃"},{"text": "$耿"},{"text": "$聃"},"\n","\"",{"text": "U$"},{"text": "U$"},{"text": "U$"},"\n","\"",{"text": "$聃"},{"text": "$聵"},{"text": "$聃"},"\"\"",{"text": "$$職"},"\n","\"",{"text": "U$"},{"text": "U$"},{"text": "U$"},"\"\"",{"text": "U$"},"\n","\"",{"text": "$耱"},{"text": "$耱"},{"text": "$耱"},"\n","\"",{"text": "U$"},{"text": "U$"},{"text": "U$"},"\n"],{"text": "\n- x4 ","color": "gray"},{"translate": "crazy_adventure.californium_waste_barrel","color": "gray"},{"text": "\n- x1 ","color": "gray"},{"translate": "crazy_adventure.californium_core","color": "gray"},{"text": "\n- x1 ","color": "gray"},{"translate": "crazy_adventure.uranium_battery","color": "gray"},{"text": "\n- x3 ","color": "gray"},{"translate": "crazy_adventure.californium_block","color": "gray"}]},"click_event": {"action": "show_dialog","dialog": "crazy_adventure:manual/page_51"}},
				{"text": "0##","hover_event": {"action": "show_text","value": [{"translate": "crazy_adventure.extremely_interesting_right","color": "green"},{"translate": "crazy_adventure.used_to_craft_a_lot_of_things_well_not_really_atm","color": "gray"}]}},
				{"text": "0##","hover_event": {"action": "show_text","value": [{"text": ""},[{"text": "","font": "crazy_adventure:manual","color": "white"},"\"F\n","\"","U$",{"text": "$耫"},"U$","\n","\"","U$",{"text": "U$"},"U$","\n","\"",{"text": "$耫"},{"text": "$耵"},{"text": "$耫"},"\"\"",{"text": "$$耿"},"\n","\"",{"text": "U$"},{"text": "U$"},{"text": "U$"},"\"\"",{"text": "U$"},"\n","\"","U$",{"text": "$耫"},"U$","\n","\"","U$",{"text": "U$"},"U$","\n"],{"text": "\n- x4 ","color": "gray"},{"translate": "crazy_adventure.californium_ingot","color": "gray"},{"text": "\n- x1 ","color": "gray"},{"translate": "crazy_adventure.uranium_core","color": "gray"}]}},
				{"text": "0##","hover_event": {"action": "show_text","value": [{"text": ""},[{"text": "","font": "crazy_adventure:manual","color": "white"},"\"F\n","\"",{"text": "$胷"},{"text": "$耿"},{"text": "$胷"},"\n","\"",{"text": "U$"},{"text": "U$"},{"text": "U$"},"\n","\"",{"text": "$耿"},{"text": "$聱"},{"text": "$耿"},"\"\"",{"text": "$$聳"},"\n","\"",{"text": "U$"},{"text": "U$"},{"text": "U$"},"\"\"",{"text": "U$"},"\n","\"",{"text": "$胷"},{"text": "$耿"},{"text": "$胷"},"\n","\"",{"text": "U$"},{"text": "U$"},{"text": "U$"},"\n"],{"text": "\n- x4 ","color": "gray"},{"translate": "crazy_adventure.californium_core","color": "gray"},{"text": "\n- x1 ","color": "gray"},{"translate": "crazy_adventure.amazing_nuclear_reactor","color": "gray"},{"text": "\n- x4 ","color": "gray"},{"translate": "crazy_adventure.oxidized_copper","color": "gray"}]},"click_event": {"action": "show_dialog","dialog": "crazy_adventure:manual/page_49"}},
				{"text": "0","hover_event": {"action": "show_text","value": [{"text": ""},[{"text": "","font": "crazy_adventure:manual","color": "white"},"\"F\n","\"",{"text": "$聃"},{"text": "$耿"},{"text": "$聃"},"\n","\"",{"text": "U$"},{"text": "U$"},{"text": "U$"},"\n","\"",{"text": "$聃"},{"text": "$聵"},{"text": "$聃"},"\"\"",{"text": "$$職"},"\n","\"",{"text": "U$"},{"text": "U$"},{"text": "U$"},"\"\"",{"text": "U$"},"\n","\"",{"text": "$耱"},{"text": "$耱"},{"text": "$耱"},"\n","\"",{"text": "U$"},{"text": "U$"},{"text": "U$"},"\n"],{"text": "\n- x4 ","color": "gray"},{"translate": "crazy_adventure.californium_waste_barrel","color": "gray"},{"text": "\n- x1 ","color": "gray"},{"translate": "crazy_adventure.californium_core","color": "gray"},{"text": "\n- x1 ","color": "gray"},{"translate": "crazy_adventure.uranium_battery","color": "gray"},{"text": "\n- x3 ","color": "gray"},{"translate": "crazy_adventure.californium_block","color": "gray"}]},"click_event": {"action": "show_dialog","dialog": "crazy_adventure:manual/page_51"}},
				"\n\n\n\n\n\n\n\n\n\n\n\n\n\n\n\n"
			],
			"width": 140
		}
	]
}
