{
	"type": "minecraft:notice",
	"title": [
		"",
		{
			"sprite": "crazy_adventure:item/dialog_sprite/nuclear_reactor",
			"shadow_color": [
				0,
				0,
				0,
				0
			],
			"atlas": "minecraft:items"
		},
		" ",
		{
			"translate": "crazy_adventure.nuclear_reactor",
			"underlined": true
		},
		" ",
		{
			"sprite": "crazy_adventure:item/dialog_sprite/nuclear_reactor",
			"shadow_color": [
				0,
				0,
				0,
				0
			],
			"atlas": "minecraft:items"
		}
	],
	"body": [
		{
			"type": "minecraft:plain_message",
			"contents": [
				{"text": "V   ","font": "crazy_adventure:manual","color": "white"},
				{"text": "\n   ","click_event": {"action": "show_dialog","dialog": "crazy_adventure:manual/page_40"},"hover_event": {"action": "show_text","value": [{"translate": "crazy_adventure.go_to_previous_page"}," (40)"]}},
				" ",
				{"text": "   ","click_event": {"action": "show_dialog","dialog": "crazy_adventure:manual/page_42"},"hover_event": {"action": "show_text","value": [{"translate": "crazy_adventure.go_to_next_page"}," (42)"]}},
				{"text": "\n   ","click_event": {"action": "show_dialog","dialog": "crazy_adventure:manual/page_40"},"hover_event": {"action": "show_text","value": [{"translate": "crazy_adventure.go_to_previous_page"}," (40)"]}},
				" ",
				{"text": "   ","click_event": {"action": "show_dialog","dialog": "crazy_adventure:manual/page_42"},"hover_event": {"action": "show_text","value": [{"translate": "crazy_adventure.go_to_next_page"}," (42)"]}}
			],
			"width": 400
		},
		{
			"type": "minecraft:plain_message",
			"contents": [
				{"text": "","font": "crazy_adventure:manual","color": "white","shadow_color": [0,0,0,0]},
				"\"$6\n\"",
				{"text": "$肬","hover_event": {"action": "show_item","id": "minecraft:copper_block","components": {}}},
				{"text": "$耡","hover_event": {"action": "show_item","id": "command_block","components": {"custom_data": {"smithed": {"dict": {"ingot": {"uranium": true}},"ignore": {"functionality": true,"crafting": true}},"crazy_adventure": {"uranium_ingot": true}},"item_model": "crazy_adventure:uranium_ingot","item_name": {"translate": "crazy_adventure.uranium_ingot"},"lore": [["",{"text": "I","color": "white","italic": false,"font": "crazy_adventure:icons"},{"translate": "crazy_adventure.crazy","color": "green"},{"translate": "crazy_adventure.adventure","color": "gray"}]]}},"click_event": {"action": "show_dialog","dialog": "crazy_adventure:manual/page_9"}},
				{"text": "$肬","hover_event": {"action": "show_item","id": "minecraft:copper_block","components": {}}},
				"  \n\"",
				{"text": "U$","hover_event": {"action": "show_item","id": "minecraft:copper_block","components": {}}},
				{"text": "U$","hover_event": {"action": "show_item","id": "command_block","components": {"custom_data": {"smithed": {"dict": {"ingot": {"uranium": true}},"ignore": {"functionality": true,"crafting": true}},"crazy_adventure": {"uranium_ingot": true}},"item_model": "crazy_adventure:uranium_ingot","item_name": {"translate": "crazy_adventure.uranium_ingot"},"lore": [["",{"text": "I","color": "white","italic": false,"font": "crazy_adventure:icons"},{"translate": "crazy_adventure.crazy","color": "green"},{"translate": "crazy_adventure.adventure","color": "gray"}]]}},"click_event": {"action": "show_dialog","dialog": "crazy_adventure:manual/page_9"}},
				{"text": "U$","hover_event": {"action": "show_item","id": "minecraft:copper_block","components": {}}},
				"  \n\"",
				{"text": "$耡","hover_event": {"action": "show_item","id": "command_block","components": {"custom_data": {"smithed": {"dict": {"ingot": {"uranium": true}},"ignore": {"functionality": true,"crafting": true}},"crazy_adventure": {"uranium_ingot": true}},"item_model": "crazy_adventure:uranium_ingot","item_name": {"translate": "crazy_adventure.uranium_ingot"},"lore": [["",{"text": "I","color": "white","italic": false,"font": "crazy_adventure:icons"},{"translate": "crazy_adventure.crazy","color": "green"},{"translate": "crazy_adventure.adventure","color": "gray"}]]}},"click_event": {"action": "show_dialog","dialog": "crazy_adventure:manual/page_9"}},
				{"text": "$肫","hover_event": {"action": "show_item","id": "minecraft:furnace","components": {}}},
				{"text": "$耡","hover_event": {"action": "show_item","id": "command_block","components": {"custom_data": {"smithed": {"dict": {"ingot": {"uranium": true}},"ignore": {"functionality": true,"crafting": true}},"crazy_adventure": {"uranium_ingot": true}},"item_model": "crazy_adventure:uranium_ingot","item_name": {"translate": "crazy_adventure.uranium_ingot"},"lore": [["",{"text": "I","color": "white","italic": false,"font": "crazy_adventure:icons"},{"translate": "crazy_adventure.crazy","color": "green"},{"translate": "crazy_adventure.adventure","color": "gray"}]]}},"click_event": {"action": "show_dialog","dialog": "crazy_adventure:manual/page_9"}},
				"\"\"",
				{"text": "$$聡","hover_event": {"action": "show_item","id": "furnace","components": {"custom_data": {"energy": {"generation": 150,"max_storage": 30000},"crazy_adventure": {"nuclear_reactor": true},"smithed": {"ignore": {"functionality": true,"crafting": true}}},"item_model": "crazy_adventure:nuclear_reactor","item_name": {"translate": "crazy_adventure.nuclear_reactor"},"lore": [["",{"text": "I","color": "white","italic": false,"font": "crazy_adventure:icons"},{"translate": "crazy_adventure.crazy","color": "green"},{"translate": "crazy_adventure.adventure","color": "gray"}]],"container": [{"slot": 0,"item": {"id": "minecraft:stone","count": 1,"components": {"minecraft:custom_data": {"smithed": {"block": {"id": "crazy_adventure:nuclear_reactor","from": "crazy_adventure"}}}}}}],"tooltip_display": {"hidden_components": ["minecraft:container"]}}}},
				"#$\n\"",
				{"text": "U$","hover_event": {"action": "show_item","id": "command_block","components": {"custom_data": {"smithed": {"dict": {"ingot": {"uranium": true}},"ignore": {"functionality": true,"crafting": true}},"crazy_adventure": {"uranium_ingot": true}},"item_model": "crazy_adventure:uranium_ingot","item_name": {"translate": "crazy_adventure.uranium_ingot"},"lore": [["",{"text": "I","color": "white","italic": false,"font": "crazy_adventure:icons"},{"translate": "crazy_adventure.crazy","color": "green"},{"translate": "crazy_adventure.adventure","color": "gray"}]]}},"click_event": {"action": "show_dialog","dialog": "crazy_adventure:manual/page_9"}},
				{"text": "U$","hover_event": {"action": "show_item","id": "minecraft:furnace","components": {}}},
				{"text": "U$","hover_event": {"action": "show_item","id": "command_block","components": {"custom_data": {"smithed": {"dict": {"ingot": {"uranium": true}},"ignore": {"functionality": true,"crafting": true}},"crazy_adventure": {"uranium_ingot": true}},"item_model": "crazy_adventure:uranium_ingot","item_name": {"translate": "crazy_adventure.uranium_ingot"},"lore": [["",{"text": "I","color": "white","italic": false,"font": "crazy_adventure:icons"},{"translate": "crazy_adventure.crazy","color": "green"},{"translate": "crazy_adventure.adventure","color": "gray"}]]}},"click_event": {"action": "show_dialog","dialog": "crazy_adventure:manual/page_9"}},
				"\"\"",
				{"text": "U$","hover_event": {"action": "show_item","id": "furnace","components": {"custom_data": {"energy": {"generation": 150,"max_storage": 30000},"crazy_adventure": {"nuclear_reactor": true},"smithed": {"ignore": {"functionality": true,"crafting": true}}},"item_model": "crazy_adventure:nuclear_reactor","item_name": {"translate": "crazy_adventure.nuclear_reactor"},"lore": [["",{"text": "I","color": "white","italic": false,"font": "crazy_adventure:icons"},{"translate": "crazy_adventure.crazy","color": "green"},{"translate": "crazy_adventure.adventure","color": "gray"}]],"container": [{"slot": 0,"item": {"id": "minecraft:stone","count": 1,"components": {"minecraft:custom_data": {"smithed": {"block": {"id": "crazy_adventure:nuclear_reactor","from": "crazy_adventure"}}}}}}],"tooltip_display": {"hidden_components": ["minecraft:container"]}}}},
				"#$\n\"",
				{"text": "$肬","hover_event": {"action": "show_item","id": "minecraft:copper_block","components": {}}},
				{"text": "$耡","hover_event": {"action": "show_item","id": "command_block","components": {"custom_data": {"smithed": {"dict": {"ingot": {"uranium": true}},"ignore": {"functionality": true,"crafting": true}},"crazy_adventure": {"uranium_ingot": true}},"item_model": "crazy_adventure:uranium_ingot","item_name": {"translate": "crazy_adventure.uranium_ingot"},"lore": [["",{"text": "I","color": "white","italic": false,"font": "crazy_adventure:icons"},{"translate": "crazy_adventure.crazy","color": "green"},{"translate": "crazy_adventure.adventure","color": "gray"}]]}},"click_event": {"action": "show_dialog","dialog": "crazy_adventure:manual/page_9"}},
				{"text": "$肬","hover_event": {"action": "show_item","id": "minecraft:copper_block","components": {}}},
				"  \n\"",
				{"text": "U$","hover_event": {"action": "show_item","id": "minecraft:copper_block","components": {}}},
				{"text": "U$","hover_event": {"action": "show_item","id": "command_block","components": {"custom_data": {"smithed": {"dict": {"ingot": {"uranium": true}},"ignore": {"functionality": true,"crafting": true}},"crazy_adventure": {"uranium_ingot": true}},"item_model": "crazy_adventure:uranium_ingot","item_name": {"translate": "crazy_adventure.uranium_ingot"},"lore": [["",{"text": "I","color": "white","italic": false,"font": "crazy_adventure:icons"},{"translate": "crazy_adventure.crazy","color": "green"},{"translate": "crazy_adventure.adventure","color": "gray"}]]}},"click_event": {"action": "show_dialog","dialog": "crazy_adventure:manual/page_9"}},
				{"text": "U$","hover_event": {"action": "show_item","id": "minecraft:copper_block","components": {}}},
				"  \n\n",
				{"text": "1##","hover_event": {"action": "show_text","value": [{"translate": "crazy_adventure.pretty_nuclear_reactor","color": "green"},{"translate": "crazy_adventure.consume_the_item_seen_on_the_texture","color": "gray"}]}},
				{"text": "2##","hover_event": {"action": "show_text","value": [{"text": ""},[{"text": "","font": "crazy_adventure:manual","color": "white"},"\"F\n","\"",{"text": "$肬"},{"text": "$耡"},{"text": "$肬"},"\n","\"",{"text": "U$"},{"text": "U$"},{"text": "U$"},"\n","\"",{"text": "$耡"},{"text": "$肫"},{"text": "$耡"},"\"\"",{"text": "$$聡"},"\n","\"",{"text": "U$"},{"text": "U$"},{"text": "U$"},"\"\"",{"text": "U$"},"\n","\"",{"text": "$肬"},{"text": "$耡"},{"text": "$肬"},"\n","\"",{"text": "U$"},{"text": "U$"},{"text": "U$"},"\n"],{"text": "\n- x4 ","color": "gray"},{"translate": "crazy_adventure.uranium_ingot","color": "gray"},{"text": "\n- x1 ","color": "gray"},{"translate": "crazy_adventure.furnace","color": "gray"},{"text": "\n- x4 ","color": "gray"},{"translate": "crazy_adventure.copper_block","color": "gray"}]}},
				{"text": "舡\n","hover_event": {"action": "show_text","value": [{"text": ""},[{"text": "","font": "crazy_adventure:manual","color": "white"},"\"F\n","\"",{"text": "$育"},{"text": "$聝"},{"text": "$育"},"\n","\"",{"text": "U$"},{"text": "U$"},{"text": "U$"},"\n","\"",{"text": "$聝"},{"text": "$聡"},{"text": "$聝"},"\"\"",{"text": "$$聣"},"\n","\"",{"text": "U$"},{"text": "U$"},{"text": "U$"},"\"\"",{"text": "U$"},"\n","\"",{"text": "$育"},{"text": "$聝"},{"text": "$育"},"\n","\"",{"text": "U$"},{"text": "U$"},{"text": "U$"},"\n"],{"text": "\n- x4 ","color": "gray"},{"translate": "crazy_adventure.uranium_core","color": "gray"},{"text": "\n- x1 ","color": "gray"},{"translate": "crazy_adventure.nuclear_reactor","color": "gray"},{"text": "\n- x4 ","color": "gray"},{"translate": "crazy_adventure.exposed_copper","color": "gray"}]},"click_event": {"action": "show_dialog","dialog": "crazy_adventure:manual/page_42"}},
				{"text": "0##","hover_event": {"action": "show_text","value": [{"translate": "crazy_adventure.pretty_nuclear_reactor","color": "green"},{"translate": "crazy_adventure.consume_the_item_seen_on_the_texture","color": "gray"}]}},
				{"text": "0##","hover_event": {"action": "show_text","value": [{"text": ""},[{"text": "","font": "crazy_adventure:manual","color": "white"},"\"F\n","\"",{"text": "$肬"},{"text": "$耡"},{"text": "$肬"},"\n","\"",{"text": "U$"},{"text": "U$"},{"text": "U$"},"\n","\"",{"text": "$耡"},{"text": "$肫"},{"text": "$耡"},"\"\"",{"text": "$$聡"},"\n","\"",{"text": "U$"},{"text": "U$"},{"text": "U$"},"\"\"",{"text": "U$"},"\n","\"",{"text": "$肬"},{"text": "$耡"},{"text": "$肬"},"\n","\"",{"text": "U$"},{"text": "U$"},{"text": "U$"},"\n"],{"text": "\n- x4 ","color": "gray"},{"translate": "crazy_adventure.uranium_ingot","color": "gray"},{"text": "\n- x1 ","color": "gray"},{"translate": "crazy_adventure.furnace","color": "gray"},{"text": "\n- x4 ","color": "gray"},{"translate": "crazy_adventure.copper_block","color": "gray"}]}},
				{"text": "0","hover_event": {"action": "show_text","value": [{"text": ""},[{"text": "","font": "crazy_adventure:manual","color": "white"},"\"F\n","\"",{"text": "$育"},{"text": "$聝"},{"text": "$育"},"\n","\"",{"text": "U$"},{"text": "U$"},{"text": "U$"},"\n","\"",{"text": "$聝"},{"text": "$聡"},{"text": "$聝"},"\"\"",{"text": "$$聣"},"\n","\"",{"text": "U$"},{"text": "U$"},{"text": "U$"},"\"\"",{"text": "U$"},"\n","\"",{"text": "$育"},{"text": "$聝"},{"text": "$育"},"\n","\"",{"text": "U$"},{"text": "U$"},{"text": "U$"},"\n"],{"text": "\n- x4 ","color": "gray"},{"translate": "crazy_adventure.uranium_core","color": "gray"},{"text": "\n- x1 ","color": "gray"},{"translate": "crazy_adventure.nuclear_reactor","color": "gray"},{"text": "\n- x4 ","color": "gray"},{"translate": "crazy_adventure.exposed_copper","color": "gray"}]},"click_event": {"action": "show_dialog","dialog": "crazy_adventure:manual/page_42"}},
				"\n\n\n\n\n\n\n\n\n\n\n\n\n\n\n\n"
			],
			"width": 140
		}
	]
}
