{
	"type": "minecraft:notice",
	"title": {
		"translate": "crazy_adventure.equipment",
		"underlined": true
	},
	"body": [
		{
			"type": "minecraft:plain_message",
			"contents": [
				{"text": "V   ","font": "crazy_adventure:manual","color": "white"},
				{"text": "\n   ","click_event": {"action": "show_dialog","dialog": "crazy_adventure:manual/page_4"},"hover_event": {"action": "show_text","value": [{"translate": "crazy_adventure.go_to_previous_page"}," (4)"]}},
				" ",
				{"text": "   ","click_event": {"action": "show_dialog","dialog": "crazy_adventure:manual/page_6"},"hover_event": {"action": "show_text","value": [{"translate": "crazy_adventure.go_to_next_page"}," (6)"]}},
				{"text": "\n   ","click_event": {"action": "show_dialog","dialog": "crazy_adventure:manual/page_4"},"hover_event": {"action": "show_text","value": [{"translate": "crazy_adventure.go_to_previous_page"}," (4)"]}},
				" ",
				{"text": "   ","click_event": {"action": "show_dialog","dialog": "crazy_adventure:manual/page_6"},"hover_event": {"action": "show_text","value": [{"translate": "crazy_adventure.go_to_next_page"}," (6)"]}}
			],
			"width": 400
		},
		{
			"type": "minecraft:plain_message",
			"contents": [
				{"text": "","font": "crazy_adventure:manual","color": "white","shadow_color": [0,0,0,0]},
				"\"ဤ\n\"",
				{"text": "$耷","hover_event": {"action": "show_item","id": "diamond_helmet","components": {"custom_data": {"smithed": {"dict": {"armor": {"uranium": true,"helmet": true}},"ignore": {"functionality": true,"crafting": true}},"crazy_adventure": {"radiation": 150,"uranium_helmet": true}},"max_damage": 544,"attribute_modifiers": [{"type": "armor","amount": 3.5,"operation": "add_value","slot": "head","id": "crazy_adventure:armor.head"},{"type": "armor_toughness","amount": 2,"operation": "add_value","slot": "head","id": "crazy_adventure:armor_toughness.head"}],"item_model": "crazy_adventure:uranium_helmet","item_name": {"translate": "crazy_adventure.uranium_helmet"},"lore": [["",{"text": "I","color": "white","italic": false,"font": "crazy_adventure:icons"},{"translate": "crazy_adventure.crazy","color": "green"},{"translate": "crazy_adventure.adventure","color": "gray"}]]}},"click_event": {"action": "show_dialog","dialog": "crazy_adventure:manual/page_21"}},
				{"text": "$耹","hover_event": {"action": "show_item","id": "diamond_chestplate","components": {"custom_data": {"smithed": {"dict": {"armor": {"uranium": true,"chestplate": true}},"ignore": {"functionality": true,"crafting": true}},"crazy_adventure": {"radiation": 240,"uranium_chestplate": true}},"max_damage": 791,"attribute_modifiers": [{"type": "armor","amount": 8.5,"operation": "add_value","slot": "chest","id": "crazy_adventure:armor.chest"},{"type": "armor_toughness","amount": 2,"operation": "add_value","slot": "chest","id": "crazy_adventure:armor_toughness.chest"}],"item_model": "crazy_adventure:uranium_chestplate","item_name": {"translate": "crazy_adventure.uranium_chestplate"},"lore": [["",{"text": "I","color": "white","italic": false,"font": "crazy_adventure:icons"},{"translate": "crazy_adventure.crazy","color": "green"},{"translate": "crazy_adventure.adventure","color": "gray"}]]}},"click_event": {"action": "show_dialog","dialog": "crazy_adventure:manual/page_22"}},
				{"text": "$耻","hover_event": {"action": "show_item","id": "diamond_leggings","components": {"custom_data": {"smithed": {"dict": {"armor": {"uranium": true,"leggings": true}},"ignore": {"functionality": true,"crafting": true}},"crazy_adventure": {"radiation": 210,"uranium_leggings": true}},"max_damage": 742,"attribute_modifiers": [{"type": "armor","amount": 6.5,"operation": "add_value","slot": "legs","id": "crazy_adventure:armor.legs"},{"type": "armor_toughness","amount": 2,"operation": "add_value","slot": "legs","id": "crazy_adventure:armor_toughness.legs"}],"item_model": "crazy_adventure:uranium_leggings","item_name": {"translate": "crazy_adventure.uranium_leggings"},"lore": [["",{"text": "I","color": "white","italic": false,"font": "crazy_adventure:icons"},{"translate": "crazy_adventure.crazy","color": "green"},{"translate": "crazy_adventure.adventure","color": "gray"}]]}},"click_event": {"action": "show_dialog","dialog": "crazy_adventure:manual/page_23"}},
				{"text": "$耽","hover_event": {"action": "show_item","id": "diamond_boots","components": {"custom_data": {"smithed": {"dict": {"armor": {"uranium": true,"boots": true}},"ignore": {"functionality": true,"crafting": true}},"crazy_adventure": {"radiation": 120,"uranium_boots": true}},"max_damage": 643,"attribute_modifiers": [{"type": "armor","amount": 3.5,"operation": "add_value","slot": "feet","id": "crazy_adventure:armor.feet"},{"type": "armor_toughness","amount": 2,"operation": "add_value","slot": "feet","id": "crazy_adventure:armor_toughness.feet"}],"item_model": "crazy_adventure:uranium_boots","item_name": {"translate": "crazy_adventure.uranium_boots"},"lore": [["",{"text": "I","color": "white","italic": false,"font": "crazy_adventure:icons"},{"translate": "crazy_adventure.crazy","color": "green"},{"translate": "crazy_adventure.adventure","color": "gray"}]]}},"click_event": {"action": "show_dialog","dialog": "crazy_adventure:manual/page_24"}},
				{"text": "$耿","hover_event": {"action": "show_item","id": "diamond_sword","components": {"custom_data": {"smithed": {"dict": {"tools": {"uranium": true,"sword": true}},"ignore": {"functionality": true,"crafting": true}},"crazy_adventure": {"uranium_sword": true}},"max_damage": 2341,"attribute_modifiers": [{"type": "attack_damage","amount": 7,"operation": "add_value","slot": "mainhand","id": "minecraft:base_attack_damage"},{"type": "attack_speed","amount": -2.4,"operation": "add_value","slot": "mainhand","id": "minecraft:base_attack_speed"}],"item_model": "crazy_adventure:uranium_sword","item_name": {"translate": "crazy_adventure.uranium_sword"},"lore": [["",{"text": "I","color": "white","italic": false,"font": "crazy_adventure:icons"},{"translate": "crazy_adventure.crazy","color": "green"},{"translate": "crazy_adventure.adventure","color": "gray"}]]}},"click_event": {"action": "show_dialog","dialog": "crazy_adventure:manual/page_25"}},
				"#\n\"",
				{"text": "!","hover_event": {"action": "show_item","id": "diamond_helmet","components": {"custom_data": {"smithed": {"dict": {"armor": {"uranium": true,"helmet": true}},"ignore": {"functionality": true,"crafting": true}},"crazy_adventure": {"radiation": 150,"uranium_helmet": true}},"max_damage": 544,"attribute_modifiers": [{"type": "armor","amount": 3.5,"operation": "add_value","slot": "head","id": "crazy_adventure:armor.head"},{"type": "armor_toughness","amount": 2,"operation": "add_value","slot": "head","id": "crazy_adventure:armor_toughness.head"}],"item_model": "crazy_adventure:uranium_helmet","item_name": {"translate": "crazy_adventure.uranium_helmet"},"lore": [["",{"text": "I","color": "white","italic": false,"font": "crazy_adventure:icons"},{"translate": "crazy_adventure.crazy","color": "green"},{"translate": "crazy_adventure.adventure","color": "gray"}]]}},"click_event": {"action": "show_dialog","dialog": "crazy_adventure:manual/page_21"}},
				{"text": "!","hover_event": {"action": "show_item","id": "diamond_chestplate","components": {"custom_data": {"smithed": {"dict": {"armor": {"uranium": true,"chestplate": true}},"ignore": {"functionality": true,"crafting": true}},"crazy_adventure": {"radiation": 240,"uranium_chestplate": true}},"max_damage": 791,"attribute_modifiers": [{"type": "armor","amount": 8.5,"operation": "add_value","slot": "chest","id": "crazy_adventure:armor.chest"},{"type": "armor_toughness","amount": 2,"operation": "add_value","slot": "chest","id": "crazy_adventure:armor_toughness.chest"}],"item_model": "crazy_adventure:uranium_chestplate","item_name": {"translate": "crazy_adventure.uranium_chestplate"},"lore": [["",{"text": "I","color": "white","italic": false,"font": "crazy_adventure:icons"},{"translate": "crazy_adventure.crazy","color": "green"},{"translate": "crazy_adventure.adventure","color": "gray"}]]}},"click_event": {"action": "show_dialog","dialog": "crazy_adventure:manual/page_22"}},
				{"text": "!","hover_event": {"action": "show_item","id": "diamond_leggings","components": {"custom_data": {"smithed": {"dict": {"armor": {"uranium": true,"leggings": true}},"ignore": {"functionality": true,"crafting": true}},"crazy_adventure": {"radiation": 210,"uranium_leggings": true}},"max_damage": 742,"attribute_modifiers": [{"type": "armor","amount": 6.5,"operation": "add_value","slot": "legs","id": "crazy_adventure:armor.legs"},{"type": "armor_toughness","amount": 2,"operation": "add_value","slot": "legs","id": "crazy_adventure:armor_toughness.legs"}],"item_model": "crazy_adventure:uranium_leggings","item_name": {"translate": "crazy_adventure.uranium_leggings"},"lore": [["",{"text": "I","color": "white","italic": false,"font": "crazy_adventure:icons"},{"translate": "crazy_adventure.crazy","color": "green"},{"translate": "crazy_adventure.adventure","color": "gray"}]]}},"click_event": {"action": "show_dialog","dialog": "crazy_adventure:manual/page_23"}},
				{"text": "!","hover_event": {"action": "show_item","id": "diamond_boots","components": {"custom_data": {"smithed": {"dict": {"armor": {"uranium": true,"boots": true}},"ignore": {"functionality": true,"crafting": true}},"crazy_adventure": {"radiation": 120,"uranium_boots": true}},"max_damage": 643,"attribute_modifiers": [{"type": "armor","amount": 3.5,"operation": "add_value","slot": "feet","id": "crazy_adventure:armor.feet"},{"type": "armor_toughness","amount": 2,"operation": "add_value","slot": "feet","id": "crazy_adventure:armor_toughness.feet"}],"item_model": "crazy_adventure:uranium_boots","item_name": {"translate": "crazy_adventure.uranium_boots"},"lore": [["",{"text": "I","color": "white","italic": false,"font": "crazy_adventure:icons"},{"translate": "crazy_adventure.crazy","color": "green"},{"translate": "crazy_adventure.adventure","color": "gray"}]]}},"click_event": {"action": "show_dialog","dialog": "crazy_adventure:manual/page_24"}},
				{"text": "!","hover_event": {"action": "show_item","id": "diamond_sword","components": {"custom_data": {"smithed": {"dict": {"tools": {"uranium": true,"sword": true}},"ignore": {"functionality": true,"crafting": true}},"crazy_adventure": {"uranium_sword": true}},"max_damage": 2341,"attribute_modifiers": [{"type": "attack_damage","amount": 7,"operation": "add_value","slot": "mainhand","id": "minecraft:base_attack_damage"},{"type": "attack_speed","amount": -2.4,"operation": "add_value","slot": "mainhand","id": "minecraft:base_attack_speed"}],"item_model": "crazy_adventure:uranium_sword","item_name": {"translate": "crazy_adventure.uranium_sword"},"lore": [["",{"text": "I","color": "white","italic": false,"font": "crazy_adventure:icons"},{"translate": "crazy_adventure.crazy","color": "green"},{"translate": "crazy_adventure.adventure","color": "gray"}]]}},"click_event": {"action": "show_dialog","dialog": "crazy_adventure:manual/page_25"}},
				"#\n\"",
				{"text": "$聁","hover_event": {"action": "show_item","id": "diamond_pickaxe","components": {"custom_data": {"smithed": {"dict": {"tools": {"uranium": true,"pickaxe": true}},"ignore": {"functionality": true,"crafting": true}},"crazy_adventure": {"uranium_pickaxe": true}},"max_damage": 2341,"attribute_modifiers": [{"type": "attack_damage","amount": 5,"operation": "add_value","slot": "mainhand","id": "minecraft:base_attack_damage"},{"type": "attack_speed","amount": -2.8,"operation": "add_value","slot": "mainhand","id": "minecraft:base_attack_speed"},{"type": "mining_efficiency","amount": 3,"operation": "add_value","slot": "mainhand","id": "crazy_adventure:mining_efficiency.mainhand"}],"item_model": "crazy_adventure:uranium_pickaxe","item_name": {"translate": "crazy_adventure.uranium_pickaxe"},"lore": [["",{"text": "I","color": "white","italic": false,"font": "crazy_adventure:icons"},{"translate": "crazy_adventure.crazy","color": "green"},{"translate": "crazy_adventure.adventure","color": "gray"}]]}},"click_event": {"action": "show_dialog","dialog": "crazy_adventure:manual/page_26"}},
				{"text": "$聃","hover_event": {"action": "show_item","id": "diamond_axe","components": {"custom_data": {"smithed": {"dict": {"tools": {"uranium": true,"axe": true}},"ignore": {"functionality": true,"crafting": true}},"crazy_adventure": {"uranium_axe": true}},"max_damage": 2341,"attribute_modifiers": [{"type": "attack_damage","amount": 9,"operation": "add_value","slot": "mainhand","id": "minecraft:base_attack_damage"},{"type": "attack_speed","amount": -3.0,"operation": "add_value","slot": "mainhand","id": "minecraft:base_attack_speed"},{"type": "mining_efficiency","amount": 3,"operation": "add_value","slot": "mainhand","id": "crazy_adventure:mining_efficiency.mainhand"}],"item_model": "crazy_adventure:uranium_axe","item_name": {"translate": "crazy_adventure.uranium_axe"},"lore": [["",{"text": "I","color": "white","italic": false,"font": "crazy_adventure:icons"},{"translate": "crazy_adventure.crazy","color": "green"},{"translate": "crazy_adventure.adventure","color": "gray"}]]}},"click_event": {"action": "show_dialog","dialog": "crazy_adventure:manual/page_27"}},
				{"text": "$聅","hover_event": {"action": "show_item","id": "diamond_shovel","components": {"custom_data": {"smithed": {"dict": {"tools": {"uranium": true,"shovel": true}},"ignore": {"functionality": true,"crafting": true}},"crazy_adventure": {"uranium_shovel": true}},"max_damage": 2341,"attribute_modifiers": [{"type": "attack_damage","amount": 5.5,"operation": "add_value","slot": "mainhand","id": "minecraft:base_attack_damage"},{"type": "attack_speed","amount": -3.0,"operation": "add_value","slot": "mainhand","id": "minecraft:base_attack_speed"},{"type": "mining_efficiency","amount": 3,"operation": "add_value","slot": "mainhand","id": "crazy_adventure:mining_efficiency.mainhand"}],"item_model": "crazy_adventure:uranium_shovel","item_name": {"translate": "crazy_adventure.uranium_shovel"},"lore": [["",{"text": "I","color": "white","italic": false,"font": "crazy_adventure:icons"},{"translate": "crazy_adventure.crazy","color": "green"},{"translate": "crazy_adventure.adventure","color": "gray"}]]}},"click_event": {"action": "show_dialog","dialog": "crazy_adventure:manual/page_28"}},
				{"text": "$聇","hover_event": {"action": "show_item","id": "diamond_hoe","components": {"custom_data": {"smithed": {"dict": {"tools": {"uranium": true,"hoe": true}},"ignore": {"functionality": true,"crafting": true}},"crazy_adventure": {"uranium_hoe": true}},"max_damage": 2341,"attribute_modifiers": [{"type": "attack_damage","amount": 1,"operation": "add_value","slot": "mainhand","id": "minecraft:base_attack_damage"},{"type": "attack_speed","amount": 0.0,"operation": "add_value","slot": "mainhand","id": "minecraft:base_attack_speed"},{"type": "mining_efficiency","amount": 3,"operation": "add_value","slot": "mainhand","id": "crazy_adventure:mining_efficiency.mainhand"}],"item_model": "crazy_adventure:uranium_hoe","item_name": {"translate": "crazy_adventure.uranium_hoe"},"lore": [["",{"text": "I","color": "white","italic": false,"font": "crazy_adventure:icons"},{"translate": "crazy_adventure.crazy","color": "green"},{"translate": "crazy_adventure.adventure","color": "gray"}]]}},"click_event": {"action": "show_dialog","dialog": "crazy_adventure:manual/page_29"}},
				{"text": "$聉","hover_event": {"action": "show_item","id": "netherite_helmet","components": {"custom_data": {"smithed": {"dict": {"armor": {"californium": true,"helmet": true}},"ignore": {"functionality": true,"crafting": true}},"crazy_adventure": {"radiation": 375,"californium_helmet": true}},"max_damage": 814,"attribute_modifiers": [{"type": "armor","amount": 6.0,"operation": "add_value","slot": "head","id": "crazy_adventure:armor.head"},{"type": "armor_toughness","amount": 3,"operation": "add_value","slot": "head","id": "crazy_adventure:armor_toughness.head"},{"type": "knockback_resistance","amount": 0.1,"operation": "add_value","slot": "head","id": "crazy_adventure:knockback_resistance.head"}],"item_model": "crazy_adventure:californium_helmet","item_name": {"translate": "crazy_adventure.californium_helmet"},"lore": [["",{"text": "I","color": "white","italic": false,"font": "crazy_adventure:icons"},{"translate": "crazy_adventure.crazy","color": "green"},{"translate": "crazy_adventure.adventure","color": "gray"}]]}},"click_event": {"action": "show_dialog","dialog": "crazy_adventure:manual/page_30"}},
				"#\n\"",
				{"text": "!","hover_event": {"action": "show_item","id": "diamond_pickaxe","components": {"custom_data": {"smithed": {"dict": {"tools": {"uranium": true,"pickaxe": true}},"ignore": {"functionality": true,"crafting": true}},"crazy_adventure": {"uranium_pickaxe": true}},"max_damage": 2341,"attribute_modifiers": [{"type": "attack_damage","amount": 5,"operation": "add_value","slot": "mainhand","id": "minecraft:base_attack_damage"},{"type": "attack_speed","amount": -2.8,"operation": "add_value","slot": "mainhand","id": "minecraft:base_attack_speed"},{"type": "mining_efficiency","amount": 3,"operation": "add_value","slot": "mainhand","id": "crazy_adventure:mining_efficiency.mainhand"}],"item_model": "crazy_adventure:uranium_pickaxe","item_name": {"translate": "crazy_adventure.uranium_pickaxe"},"lore": [["",{"text": "I","color": "white","italic": false,"font": "crazy_adventure:icons"},{"translate": "crazy_adventure.crazy","color": "green"},{"translate": "crazy_adventure.adventure","color": "gray"}]]}},"click_event": {"action": "show_dialog","dialog": "crazy_adventure:manual/page_26"}},
				{"text": "!","hover_event": {"action": "show_item","id": "diamond_axe","components": {"custom_data": {"smithed": {"dict": {"tools": {"uranium": true,"axe": true}},"ignore": {"functionality": true,"crafting": true}},"crazy_adventure": {"uranium_axe": true}},"max_damage": 2341,"attribute_modifiers": [{"type": "attack_damage","amount": 9,"operation": "add_value","slot": "mainhand","id": "minecraft:base_attack_damage"},{"type": "attack_speed","amount": -3.0,"operation": "add_value","slot": "mainhand","id": "minecraft:base_attack_speed"},{"type": "mining_efficiency","amount": 3,"operation": "add_value","slot": "mainhand","id": "crazy_adventure:mining_efficiency.mainhand"}],"item_model": "crazy_adventure:uranium_axe","item_name": {"translate": "crazy_adventure.uranium_axe"},"lore": [["",{"text": "I","color": "white","italic": false,"font": "crazy_adventure:icons"},{"translate": "crazy_adventure.crazy","color": "green"},{"translate": "crazy_adventure.adventure","color": "gray"}]]}},"click_event": {"action": "show_dialog","dialog": "crazy_adventure:manual/page_27"}},
				{"text": "!","hover_event": {"action": "show_item","id": "diamond_shovel","components": {"custom_data": {"smithed": {"dict": {"tools": {"uranium": true,"shovel": true}},"ignore": {"functionality": true,"crafting": true}},"crazy_adventure": {"uranium_shovel": true}},"max_damage": 2341,"attribute_modifiers": [{"type": "attack_damage","amount": 5.5,"operation": "add_value","slot": "mainhand","id": "minecraft:base_attack_damage"},{"type": "attack_speed","amount": -3.0,"operation": "add_value","slot": "mainhand","id": "minecraft:base_attack_speed"},{"type": "mining_efficiency","amount": 3,"operation": "add_value","slot": "mainhand","id": "crazy_adventure:mining_efficiency.mainhand"}],"item_model": "crazy_adventure:uranium_shovel","item_name": {"translate": "crazy_adventure.uranium_shovel"},"lore": [["",{"text": "I","color": "white","italic": false,"font": "crazy_adventure:icons"},{"translate": "crazy_adventure.crazy","color": "green"},{"translate": "crazy_adventure.adventure","color": "gray"}]]}},"click_event": {"action": "show_dialog","dialog": "crazy_adventure:manual/page_28"}},
				{"text": "!","hover_event": {"action": "show_item","id": "diamond_hoe","components": {"custom_data": {"smithed": {"dict": {"tools": {"uranium": true,"hoe": true}},"ignore": {"functionality": true,"crafting": true}},"crazy_adventure": {"uranium_hoe": true}},"max_damage": 2341,"attribute_modifiers": [{"type": "attack_damage","amount": 1,"operation": "add_value","slot": "mainhand","id": "minecraft:base_attack_damage"},{"type": "attack_speed","amount": 0.0,"operation": "add_value","slot": "mainhand","id": "minecraft:base_attack_speed"},{"type": "mining_efficiency","amount": 3,"operation": "add_value","slot": "mainhand","id": "crazy_adventure:mining_efficiency.mainhand"}],"item_model": "crazy_adventure:uranium_hoe","item_name": {"translate": "crazy_adventure.uranium_hoe"},"lore": [["",{"text": "I","color": "white","italic": false,"font": "crazy_adventure:icons"},{"translate": "crazy_adventure.crazy","color": "green"},{"translate": "crazy_adventure.adventure","color": "gray"}]]}},"click_event": {"action": "show_dialog","dialog": "crazy_adventure:manual/page_29"}},
				{"text": "!","hover_event": {"action": "show_item","id": "netherite_helmet","components": {"custom_data": {"smithed": {"dict": {"armor": {"californium": true,"helmet": true}},"ignore": {"functionality": true,"crafting": true}},"crazy_adventure": {"radiation": 375,"californium_helmet": true}},"max_damage": 814,"attribute_modifiers": [{"type": "armor","amount": 6.0,"operation": "add_value","slot": "head","id": "crazy_adventure:armor.head"},{"type": "armor_toughness","amount": 3,"operation": "add_value","slot": "head","id": "crazy_adventure:armor_toughness.head"},{"type": "knockback_resistance","amount": 0.1,"operation": "add_value","slot": "head","id": "crazy_adventure:knockback_resistance.head"}],"item_model": "crazy_adventure:californium_helmet","item_name": {"translate": "crazy_adventure.californium_helmet"},"lore": [["",{"text": "I","color": "white","italic": false,"font": "crazy_adventure:icons"},{"translate": "crazy_adventure.crazy","color": "green"},{"translate": "crazy_adventure.adventure","color": "gray"}]]}},"click_event": {"action": "show_dialog","dialog": "crazy_adventure:manual/page_30"}},
				"#\n\"",
				{"text": "$聋","hover_event": {"action": "show_item","id": "netherite_chestplate","components": {"custom_data": {"smithed": {"dict": {"armor": {"californium": true,"chestplate": true}},"ignore": {"functionality": true,"crafting": true}},"crazy_adventure": {"radiation": 600,"californium_chestplate": true}},"max_damage": 1184,"attribute_modifiers": [{"type": "armor","amount": 11.0,"operation": "add_value","slot": "chest","id": "crazy_adventure:armor.chest"},{"type": "armor_toughness","amount": 3,"operation": "add_value","slot": "chest","id": "crazy_adventure:armor_toughness.chest"},{"type": "knockback_resistance","amount": 0.1,"operation": "add_value","slot": "chest","id": "crazy_adventure:knockback_resistance.chest"}],"item_model": "crazy_adventure:californium_chestplate","item_name": {"translate": "crazy_adventure.californium_chestplate"},"lore": [["",{"text": "I","color": "white","italic": false,"font": "crazy_adventure:icons"},{"translate": "crazy_adventure.crazy","color": "green"},{"translate": "crazy_adventure.adventure","color": "gray"}]]}},"click_event": {"action": "show_dialog","dialog": "crazy_adventure:manual/page_31"}},
				{"text": "$聍","hover_event": {"action": "show_item","id": "netherite_leggings","components": {"custom_data": {"smithed": {"dict": {"armor": {"californium": true,"leggings": true}},"ignore": {"functionality": true,"crafting": true}},"crazy_adventure": {"radiation": 525,"californium_leggings": true}},"max_damage": 1110,"attribute_modifiers": [{"type": "armor","amount": 9.0,"operation": "add_value","slot": "legs","id": "crazy_adventure:armor.legs"},{"type": "armor_toughness","amount": 3,"operation": "add_value","slot": "legs","id": "crazy_adventure:armor_toughness.legs"},{"type": "knockback_resistance","amount": 0.1,"operation": "add_value","slot": "legs","id": "crazy_adventure:knockback_resistance.legs"}],"item_model": "crazy_adventure:californium_leggings","item_name": {"translate": "crazy_adventure.californium_leggings"},"lore": [["",{"text": "I","color": "white","italic": false,"font": "crazy_adventure:icons"},{"translate": "crazy_adventure.crazy","color": "green"},{"translate": "crazy_adventure.adventure","color": "gray"}]]}},"click_event": {"action": "show_dialog","dialog": "crazy_adventure:manual/page_32"}},
				{"text": "$聏","hover_event": {"action": "show_item","id": "netherite_boots","components": {"custom_data": {"smithed": {"dict": {"armor": {"californium": true,"boots": true}},"ignore": {"functionality": true,"crafting": true}},"crazy_adventure": {"radiation": 300,"californium_boots": true}},"max_damage": 962,"attribute_modifiers": [{"type": "armor","amount": 6.0,"operation": "add_value","slot": "feet","id": "crazy_adventure:armor.feet"},{"type": "armor_toughness","amount": 3,"operation": "add_value","slot": "feet","id": "crazy_adventure:armor_toughness.feet"},{"type": "knockback_resistance","amount": 0.1,"operation": "add_value","slot": "feet","id": "crazy_adventure:knockback_resistance.feet"}],"item_model": "crazy_adventure:californium_boots","item_name": {"translate": "crazy_adventure.californium_boots"},"lore": [["",{"text": "I","color": "white","italic": false,"font": "crazy_adventure:icons"},{"translate": "crazy_adventure.crazy","color": "green"},{"translate": "crazy_adventure.adventure","color": "gray"}]]}},"click_event": {"action": "show_dialog","dialog": "crazy_adventure:manual/page_33"}},
				{"text": "$聑","hover_event": {"action": "show_item","id": "netherite_sword","components": {"custom_data": {"smithed": {"dict": {"tools": {"californium": true,"sword": true}},"ignore": {"functionality": true,"crafting": true}},"crazy_adventure": {"californium_sword": true}},"max_damage": 4062,"attribute_modifiers": [{"type": "attack_damage","amount": 9,"operation": "add_value","slot": "mainhand","id": "minecraft:base_attack_damage"},{"type": "attack_speed","amount": -2.4,"operation": "add_value","slot": "mainhand","id": "minecraft:base_attack_speed"}],"item_model": "crazy_adventure:californium_sword","item_name": {"translate": "crazy_adventure.californium_sword"},"lore": [["",{"text": "I","color": "white","italic": false,"font": "crazy_adventure:icons"},{"translate": "crazy_adventure.crazy","color": "green"},{"translate": "crazy_adventure.adventure","color": "gray"}]]}},"click_event": {"action": "show_dialog","dialog": "crazy_adventure:manual/page_34"}},
				{"text": "$聓","hover_event": {"action": "show_item","id": "netherite_pickaxe","components": {"custom_data": {"smithed": {"dict": {"tools": {"californium": true,"pickaxe": true}},"ignore": {"functionality": true,"crafting": true}},"crazy_adventure": {"californium_pickaxe": true}},"max_damage": 4062,"attribute_modifiers": [{"type": "attack_damage","amount": 7,"operation": "add_value","slot": "mainhand","id": "minecraft:base_attack_damage"},{"type": "attack_speed","amount": -2.8,"operation": "add_value","slot": "mainhand","id": "minecraft:base_attack_speed"},{"type": "mining_efficiency","amount": 3,"operation": "add_value","slot": "mainhand","id": "crazy_adventure:mining_efficiency.mainhand"}],"item_model": "crazy_adventure:californium_pickaxe","item_name": {"translate": "crazy_adventure.californium_pickaxe"},"lore": [["",{"text": "I","color": "white","italic": false,"font": "crazy_adventure:icons"},{"translate": "crazy_adventure.crazy","color": "green"},{"translate": "crazy_adventure.adventure","color": "gray"}]]}},"click_event": {"action": "show_dialog","dialog": "crazy_adventure:manual/page_35"}},
				"#\n\"",
				{"text": "!","hover_event": {"action": "show_item","id": "netherite_chestplate","components": {"custom_data": {"smithed": {"dict": {"armor": {"californium": true,"chestplate": true}},"ignore": {"functionality": true,"crafting": true}},"crazy_adventure": {"radiation": 600,"californium_chestplate": true}},"max_damage": 1184,"attribute_modifiers": [{"type": "armor","amount": 11.0,"operation": "add_value","slot": "chest","id": "crazy_adventure:armor.chest"},{"type": "armor_toughness","amount": 3,"operation": "add_value","slot": "chest","id": "crazy_adventure:armor_toughness.chest"},{"type": "knockback_resistance","amount": 0.1,"operation": "add_value","slot": "chest","id": "crazy_adventure:knockback_resistance.chest"}],"item_model": "crazy_adventure:californium_chestplate","item_name": {"translate": "crazy_adventure.californium_chestplate"},"lore": [["",{"text": "I","color": "white","italic": false,"font": "crazy_adventure:icons"},{"translate": "crazy_adventure.crazy","color": "green"},{"translate": "crazy_adventure.adventure","color": "gray"}]]}},"click_event": {"action": "show_dialog","dialog": "crazy_adventure:manual/page_31"}},
				{"text": "!","hover_event": {"action": "show_item","id": "netherite_leggings","components": {"custom_data": {"smithed": {"dict": {"armor": {"californium": true,"leggings": true}},"ignore": {"functionality": true,"crafting": true}},"crazy_adventure": {"radiation": 525,"californium_leggings": true}},"max_damage": 1110,"attribute_modifiers": [{"type": "armor","amount": 9.0,"operation": "add_value","slot": "legs","id": "crazy_adventure:armor.legs"},{"type": "armor_toughness","amount": 3,"operation": "add_value","slot": "legs","id": "crazy_adventure:armor_toughness.legs"},{"type": "knockback_resistance","amount": 0.1,"operation": "add_value","slot": "legs","id": "crazy_adventure:knockback_resistance.legs"}],"item_model": "crazy_adventure:californium_leggings","item_name": {"translate": "crazy_adventure.californium_leggings"},"lore": [["",{"text": "I","color": "white","italic": false,"font": "crazy_adventure:icons"},{"translate": "crazy_adventure.crazy","color": "green"},{"translate": "crazy_adventure.adventure","color": "gray"}]]}},"click_event": {"action": "show_dialog","dialog": "crazy_adventure:manual/page_32"}},
				{"text": "!","hover_event": {"action": "show_item","id": "netherite_boots","components": {"custom_data": {"smithed": {"dict": {"armor": {"californium": true,"boots": true}},"ignore": {"functionality": true,"crafting": true}},"crazy_adventure": {"radiation": 300,"californium_boots": true}},"max_damage": 962,"attribute_modifiers": [{"type": "armor","amount": 6.0,"operation": "add_value","slot": "feet","id": "crazy_adventure:armor.feet"},{"type": "armor_toughness","amount": 3,"operation": "add_value","slot": "feet","id": "crazy_adventure:armor_toughness.feet"},{"type": "knockback_resistance","amount": 0.1,"operation": "add_value","slot": "feet","id": "crazy_adventure:knockback_resistance.feet"}],"item_model": "crazy_adventure:californium_boots","item_name": {"translate": "crazy_adventure.californium_boots"},"lore": [["",{"text": "I","color": "white","italic": false,"font": "crazy_adventure:icons"},{"translate": "crazy_adventure.crazy","color": "green"},{"translate": "crazy_adventure.adventure","color": "gray"}]]}},"click_event": {"action": "show_dialog","dialog": "crazy_adventure:manual/page_33"}},
				{"text": "!","hover_event": {"action": "show_item","id": "netherite_sword","components": {"custom_data": {"smithed": {"dict": {"tools": {"californium": true,"sword": true}},"ignore": {"functionality": true,"crafting": true}},"crazy_adventure": {"californium_sword": true}},"max_damage": 4062,"attribute_modifiers": [{"type": "attack_damage","amount": 9,"operation": "add_value","slot": "mainhand","id": "minecraft:base_attack_damage"},{"type": "attack_speed","amount": -2.4,"operation": "add_value","slot": "mainhand","id": "minecraft:base_attack_speed"}],"item_model": "crazy_adventure:californium_sword","item_name": {"translate": "crazy_adventure.californium_sword"},"lore": [["",{"text": "I","color": "white","italic": false,"font": "crazy_adventure:icons"},{"translate": "crazy_adventure.crazy","color": "green"},{"translate": "crazy_adventure.adventure","color": "gray"}]]}},"click_event": {"action": "show_dialog","dialog": "crazy_adventure:manual/page_34"}},
				{"text": "!","hover_event": {"action": "show_item","id": "netherite_pickaxe","components": {"custom_data": {"smithed": {"dict": {"tools": {"californium": true,"pickaxe": true}},"ignore": {"functionality": true,"crafting": true}},"crazy_adventure": {"californium_pickaxe": true}},"max_damage": 4062,"attribute_modifiers": [{"type": "attack_damage","amount": 7,"operation": "add_value","slot": "mainhand","id": "minecraft:base_attack_damage"},{"type": "attack_speed","amount": -2.8,"operation": "add_value","slot": "mainhand","id": "minecraft:base_attack_speed"},{"type": "mining_efficiency","amount": 3,"operation": "add_value","slot": "mainhand","id": "crazy_adventure:mining_efficiency.mainhand"}],"item_model": "crazy_adventure:californium_pickaxe","item_name": {"translate": "crazy_adventure.californium_pickaxe"},"lore": [["",{"text": "I","color": "white","italic": false,"font": "crazy_adventure:icons"},{"translate": "crazy_adventure.crazy","color": "green"},{"translate": "crazy_adventure.adventure","color": "gray"}]]}},"click_event": {"action": "show_dialog","dialog": "crazy_adventure:manual/page_35"}},
				"#\n\"",
				{"text": "$聕","hover_event": {"action": "show_item","id": "netherite_axe","components": {"custom_data": {"smithed": {"dict": {"tools": {"californium": true,"axe": true}},"ignore": {"functionality": true,"crafting": true}},"crazy_adventure": {"californium_axe": true}},"max_damage": 4062,"attribute_modifiers": [{"type": "attack_damage","amount": 11,"operation": "add_value","slot": "mainhand","id": "minecraft:base_attack_damage"},{"type": "attack_speed","amount": -3.0,"operation": "add_value","slot": "mainhand","id": "minecraft:base_attack_speed"},{"type": "mining_efficiency","amount": 3,"operation": "add_value","slot": "mainhand","id": "crazy_adventure:mining_efficiency.mainhand"}],"item_model": "crazy_adventure:californium_axe","item_name": {"translate": "crazy_adventure.californium_axe"},"lore": [["",{"text": "I","color": "white","italic": false,"font": "crazy_adventure:icons"},{"translate": "crazy_adventure.crazy","color": "green"},{"translate": "crazy_adventure.adventure","color": "gray"}]]}},"click_event": {"action": "show_dialog","dialog": "crazy_adventure:manual/page_36"}},
				{"text": "$聗","hover_event": {"action": "show_item","id": "netherite_shovel","components": {"custom_data": {"smithed": {"dict": {"tools": {"californium": true,"shovel": true}},"ignore": {"functionality": true,"crafting": true}},"crazy_adventure": {"californium_shovel": true}},"max_damage": 4062,"attribute_modifiers": [{"type": "attack_damage","amount": 7.5,"operation": "add_value","slot": "mainhand","id": "minecraft:base_attack_damage"},{"type": "attack_speed","amount": -3.0,"operation": "add_value","slot": "mainhand","id": "minecraft:base_attack_speed"},{"type": "mining_efficiency","amount": 3,"operation": "add_value","slot": "mainhand","id": "crazy_adventure:mining_efficiency.mainhand"}],"item_model": "crazy_adventure:californium_shovel","item_name": {"translate": "crazy_adventure.californium_shovel"},"lore": [["",{"text": "I","color": "white","italic": false,"font": "crazy_adventure:icons"},{"translate": "crazy_adventure.crazy","color": "green"},{"translate": "crazy_adventure.adventure","color": "gray"}]]}},"click_event": {"action": "show_dialog","dialog": "crazy_adventure:manual/page_37"}},
				{"text": "$聙","hover_event": {"action": "show_item","id": "netherite_hoe","components": {"custom_data": {"smithed": {"dict": {"tools": {"californium": true,"hoe": true}},"ignore": {"functionality": true,"crafting": true}},"crazy_adventure": {"californium_hoe": true}},"max_damage": 4062,"attribute_modifiers": [{"type": "attack_damage","amount": 2,"operation": "add_value","slot": "mainhand","id": "minecraft:base_attack_damage"},{"type": "attack_speed","amount": 0.0,"operation": "add_value","slot": "mainhand","id": "minecraft:base_attack_speed"},{"type": "mining_efficiency","amount": 3,"operation": "add_value","slot": "mainhand","id": "crazy_adventure:mining_efficiency.mainhand"}],"item_model": "crazy_adventure:californium_hoe","item_name": {"translate": "crazy_adventure.californium_hoe"},"lore": [["",{"text": "I","color": "white","italic": false,"font": "crazy_adventure:icons"},{"translate": "crazy_adventure.crazy","color": "green"},{"translate": "crazy_adventure.adventure","color": "gray"}]]}},"click_event": {"action": "show_dialog","dialog": "crazy_adventure:manual/page_38"}},
				{"text": "$聛","hover_event": {"action": "show_item","id": "iron_helmet","components": {"custom_data": {"smithed": {"dict": {"armor": {"cave": true,"helmet": true}},"ignore": {"functionality": true,"crafting": true}},"crazy_adventure": {"radiation": -50,"cave_helmet": true}},"max_damage": 165,"attribute_modifiers": [{"type": "armor","amount": 1.0,"operation": "add_value","slot": "head","id": "crazy_adventure:armor.head"}],"item_model": "crazy_adventure:cave_helmet","item_name": {"translate": "crazy_adventure.cave_helmet"},"lore": [["",{"text": "I","color": "white","italic": false,"font": "crazy_adventure:icons"},{"translate": "crazy_adventure.crazy","color": "green"},{"translate": "crazy_adventure.adventure","color": "gray"}]]}},"click_event": {"action": "show_dialog","dialog": "crazy_adventure:manual/page_39"}},
				{"text": "$聝","hover_event": {"action": "show_item","id": "leather_helmet","components": {"custom_data": {"crazy_adventure": {"radiation": 80,"anti_radiation_helmet": true},"smithed": {"ignore": {"functionality": true,"crafting": true}}},"tooltip_display": {"hidden_components": ["minecraft:unbreakable"]},"item_model": "crazy_adventure:anti_radiation_helmet","item_name": {"translate": "crazy_adventure.anti_radiation_helmet"},"lore": [["",{"text": "I","color": "white","italic": false,"font": "crazy_adventure:icons"},{"translate": "crazy_adventure.crazy","color": "green"},{"translate": "crazy_adventure.adventure","color": "gray"}]]}},"click_event": {"action": "show_dialog","dialog": "crazy_adventure:manual/page_40"}},
				"#\n\"",
				{"text": "!","hover_event": {"action": "show_item","id": "netherite_axe","components": {"custom_data": {"smithed": {"dict": {"tools": {"californium": true,"axe": true}},"ignore": {"functionality": true,"crafting": true}},"crazy_adventure": {"californium_axe": true}},"max_damage": 4062,"attribute_modifiers": [{"type": "attack_damage","amount": 11,"operation": "add_value","slot": "mainhand","id": "minecraft:base_attack_damage"},{"type": "attack_speed","amount": -3.0,"operation": "add_value","slot": "mainhand","id": "minecraft:base_attack_speed"},{"type": "mining_efficiency","amount": 3,"operation": "add_value","slot": "mainhand","id": "crazy_adventure:mining_efficiency.mainhand"}],"item_model": "crazy_adventure:californium_axe","item_name": {"translate": "crazy_adventure.californium_axe"},"lore": [["",{"text": "I","color": "white","italic": false,"font": "crazy_adventure:icons"},{"translate": "crazy_adventure.crazy","color": "green"},{"translate": "crazy_adventure.adventure","color": "gray"}]]}},"click_event": {"action": "show_dialog","dialog": "crazy_adventure:manual/page_36"}},
				{"text": "!","hover_event": {"action": "show_item","id": "netherite_shovel","components": {"custom_data": {"smithed": {"dict": {"tools": {"californium": true,"shovel": true}},"ignore": {"functionality": true,"crafting": true}},"crazy_adventure": {"californium_shovel": true}},"max_damage": 4062,"attribute_modifiers": [{"type": "attack_damage","amount": 7.5,"operation": "add_value","slot": "mainhand","id": "minecraft:base_attack_damage"},{"type": "attack_speed","amount": -3.0,"operation": "add_value","slot": "mainhand","id": "minecraft:base_attack_speed"},{"type": "mining_efficiency","amount": 3,"operation": "add_value","slot": "mainhand","id": "crazy_adventure:mining_efficiency.mainhand"}],"item_model": "crazy_adventure:californium_shovel","item_name": {"translate": "crazy_adventure.californium_shovel"},"lore": [["",{"text": "I","color": "white","italic": false,"font": "crazy_adventure:icons"},{"translate": "crazy_adventure.crazy","color": "green"},{"translate": "crazy_adventure.adventure","color": "gray"}]]}},"click_event": {"action": "show_dialog","dialog": "crazy_adventure:manual/page_37"}},
				{"text": "!","hover_event": {"action": "show_item","id": "netherite_hoe","components": {"custom_data": {"smithed": {"dict": {"tools": {"californium": true,"hoe": true}},"ignore": {"functionality": true,"crafting": true}},"crazy_adventure": {"californium_hoe": true}},"max_damage": 4062,"attribute_modifiers": [{"type": "attack_damage","amount": 2,"operation": "add_value","slot": "mainhand","id": "minecraft:base_attack_damage"},{"type": "attack_speed","amount": 0.0,"operation": "add_value","slot": "mainhand","id": "minecraft:base_attack_speed"},{"type": "mining_efficiency","amount": 3,"operation": "add_value","slot": "mainhand","id": "crazy_adventure:mining_efficiency.mainhand"}],"item_model": "crazy_adventure:californium_hoe","item_name": {"translate": "crazy_adventure.californium_hoe"},"lore": [["",{"text": "I","color": "white","italic": false,"font": "crazy_adventure:icons"},{"translate": "crazy_adventure.crazy","color": "green"},{"translate": "crazy_adventure.adventure","color": "gray"}]]}},"click_event": {"action": "show_dialog","dialog": "crazy_adventure:manual/page_38"}},
				{"text": "!","hover_event": {"action": "show_item","id": "iron_helmet","components": {"custom_data": {"smithed": {"dict": {"armor": {"cave": true,"helmet": true}},"ignore": {"functionality": true,"crafting": true}},"crazy_adventure": {"radiation": -50,"cave_helmet": true}},"max_damage": 165,"attribute_modifiers": [{"type": "armor","amount": 1.0,"operation": "add_value","slot": "head","id": "crazy_adventure:armor.head"}],"item_model": "crazy_adventure:cave_helmet","item_name": {"translate": "crazy_adventure.cave_helmet"},"lore": [["",{"text": "I","color": "white","italic": false,"font": "crazy_adventure:icons"},{"translate": "crazy_adventure.crazy","color": "green"},{"translate": "crazy_adventure.adventure","color": "gray"}]]}},"click_event": {"action": "show_dialog","dialog": "crazy_adventure:manual/page_39"}},
				{"text": "!","hover_event": {"action": "show_item","id": "leather_helmet","components": {"custom_data": {"crazy_adventure": {"radiation": 80,"anti_radiation_helmet": true},"smithed": {"ignore": {"functionality": true,"crafting": true}}},"tooltip_display": {"hidden_components": ["minecraft:unbreakable"]},"item_model": "crazy_adventure:anti_radiation_helmet","item_name": {"translate": "crazy_adventure.anti_radiation_helmet"},"lore": [["",{"text": "I","color": "white","italic": false,"font": "crazy_adventure:icons"},{"translate": "crazy_adventure.crazy","color": "green"},{"translate": "crazy_adventure.adventure","color": "gray"}]]}},"click_event": {"action": "show_dialog","dialog": "crazy_adventure:manual/page_40"}},
				"#\n\"",
				{"text": "$聟","hover_event": {"action": "show_item","id": "leather_chestplate","components": {"custom_data": {"crazy_adventure": {"radiation": 130,"anti_radiation_chestplate": true},"smithed": {"ignore": {"functionality": true,"crafting": true}}},"tooltip_display": {"hidden_components": ["minecraft:unbreakable"]},"item_model": "crazy_adventure:anti_radiation_chestplate","item_name": {"translate": "crazy_adventure.anti_radiation_chestplate"},"lore": [["",{"text": "I","color": "white","italic": false,"font": "crazy_adventure:icons"},{"translate": "crazy_adventure.crazy","color": "green"},{"translate": "crazy_adventure.adventure","color": "gray"}]]}},"click_event": {"action": "show_dialog","dialog": "crazy_adventure:manual/page_41"}},
				{"text": "$聡","hover_event": {"action": "show_item","id": "leather_leggings","components": {"custom_data": {"crazy_adventure": {"radiation": 70,"anti_radiation_leggings": true},"smithed": {"ignore": {"functionality": true,"crafting": true}}},"tooltip_display": {"hidden_components": ["minecraft:unbreakable"]},"item_model": "crazy_adventure:anti_radiation_leggings","item_name": {"translate": "crazy_adventure.anti_radiation_leggings"},"lore": [["",{"text": "I","color": "white","italic": false,"font": "crazy_adventure:icons"},{"translate": "crazy_adventure.crazy","color": "green"},{"translate": "crazy_adventure.adventure","color": "gray"}]]}},"click_event": {"action": "show_dialog","dialog": "crazy_adventure:manual/page_42"}},
				{"text": "$聣","hover_event": {"action": "show_item","id": "leather_boots","components": {"custom_data": {"crazy_adventure": {"radiation": 50,"anti_radiation_boots": true},"smithed": {"ignore": {"functionality": true,"crafting": true}}},"tooltip_display": {"hidden_components": ["minecraft:unbreakable"]},"item_model": "crazy_adventure:anti_radiation_boots","item_name": {"translate": "crazy_adventure.anti_radiation_boots"},"lore": [["",{"text": "I","color": "white","italic": false,"font": "crazy_adventure:icons"},{"translate": "crazy_adventure.crazy","color": "green"},{"translate": "crazy_adventure.adventure","color": "gray"}]]}},"click_event": {"action": "show_dialog","dialog": "crazy_adventure:manual/page_43"}},
				{"text": "$聥","hover_event": {"action": "show_item","id": "command_block","components": {"custom_data": {"crazy_adventure": {"radiation": 300,"anti_radiation_glove": true},"smithed": {"ignore": {"functionality": true,"crafting": true}}},"max_damage": 1000,"blocks_attacks": {"block_delay_seconds": 0.25,"block_sound": "minecraft:item.shield.block","bypassed_by": "#minecraft:bypasses_shield","disabled_sound": "minecraft:item.shield.break","item_damage": {"base": 1,"factor": 1,"threshold": 3}},"equippable": {"slot": "offhand","swappable": false},"max_stack_size": 1,"lore": [{"translate": "crazy_adventure.allow_you_to_not_take_radiation_damage_in_california_without_the","italic": false,"color": "gray"},{"translate": "crazy_adventure.you_dont_need_the_anti_radiation_armorg","italic": false,"color": "gray"},{"translate": "crazy_adventure.need_to_be_in_offhand_to_use","italic": false,"color": "white"},{"translate": "crazy_adventure.its_a_shield_you_can_block_damage_with","italic": false,"color": "white"},{"translate": "crazy_adventure.lose_durability_over_time","italic": false,"color": "white"},["",{"text": "I","color": "white","italic": false,"font": "crazy_adventure:icons"},{"translate": "crazy_adventure.crazy","color": "green"},{"translate": "crazy_adventure.adventure","color": "gray"}]],"item_model": "crazy_adventure:anti_radiation_glove","item_name": {"translate": "crazy_adventure.anti_radiation_glove"}}},"click_event": {"action": "show_dialog","dialog": "crazy_adventure:manual/page_44"}},
				"!#\n\"",
				{"text": "!","hover_event": {"action": "show_item","id": "leather_chestplate","components": {"custom_data": {"crazy_adventure": {"radiation": 130,"anti_radiation_chestplate": true},"smithed": {"ignore": {"functionality": true,"crafting": true}}},"tooltip_display": {"hidden_components": ["minecraft:unbreakable"]},"item_model": "crazy_adventure:anti_radiation_chestplate","item_name": {"translate": "crazy_adventure.anti_radiation_chestplate"},"lore": [["",{"text": "I","color": "white","italic": false,"font": "crazy_adventure:icons"},{"translate": "crazy_adventure.crazy","color": "green"},{"translate": "crazy_adventure.adventure","color": "gray"}]]}},"click_event": {"action": "show_dialog","dialog": "crazy_adventure:manual/page_41"}},
				{"text": "!","hover_event": {"action": "show_item","id": "leather_leggings","components": {"custom_data": {"crazy_adventure": {"radiation": 70,"anti_radiation_leggings": true},"smithed": {"ignore": {"functionality": true,"crafting": true}}},"tooltip_display": {"hidden_components": ["minecraft:unbreakable"]},"item_model": "crazy_adventure:anti_radiation_leggings","item_name": {"translate": "crazy_adventure.anti_radiation_leggings"},"lore": [["",{"text": "I","color": "white","italic": false,"font": "crazy_adventure:icons"},{"translate": "crazy_adventure.crazy","color": "green"},{"translate": "crazy_adventure.adventure","color": "gray"}]]}},"click_event": {"action": "show_dialog","dialog": "crazy_adventure:manual/page_42"}},
				{"text": "!","hover_event": {"action": "show_item","id": "leather_boots","components": {"custom_data": {"crazy_adventure": {"radiation": 50,"anti_radiation_boots": true},"smithed": {"ignore": {"functionality": true,"crafting": true}}},"tooltip_display": {"hidden_components": ["minecraft:unbreakable"]},"item_model": "crazy_adventure:anti_radiation_boots","item_name": {"translate": "crazy_adventure.anti_radiation_boots"},"lore": [["",{"text": "I","color": "white","italic": false,"font": "crazy_adventure:icons"},{"translate": "crazy_adventure.crazy","color": "green"},{"translate": "crazy_adventure.adventure","color": "gray"}]]}},"click_event": {"action": "show_dialog","dialog": "crazy_adventure:manual/page_43"}},
				{"text": "!","hover_event": {"action": "show_item","id": "command_block","components": {"custom_data": {"crazy_adventure": {"radiation": 300,"anti_radiation_glove": true},"smithed": {"ignore": {"functionality": true,"crafting": true}}},"max_damage": 1000,"blocks_attacks": {"block_delay_seconds": 0.25,"block_sound": "minecraft:item.shield.block","bypassed_by": "#minecraft:bypasses_shield","disabled_sound": "minecraft:item.shield.break","item_damage": {"base": 1,"factor": 1,"threshold": 3}},"equippable": {"slot": "offhand","swappable": false},"max_stack_size": 1,"lore": [{"translate": "crazy_adventure.allow_you_to_not_take_radiation_damage_in_california_without_the","italic": false,"color": "gray"},{"translate": "crazy_adventure.you_dont_need_the_anti_radiation_armorg","italic": false,"color": "gray"},{"translate": "crazy_adventure.need_to_be_in_offhand_to_use","italic": false,"color": "white"},{"translate": "crazy_adventure.its_a_shield_you_can_block_damage_with","italic": false,"color": "white"},{"translate": "crazy_adventure.lose_durability_over_time","italic": false,"color": "white"},["",{"text": "I","color": "white","italic": false,"font": "crazy_adventure:icons"},{"translate": "crazy_adventure.crazy","color": "green"},{"translate": "crazy_adventure.adventure","color": "gray"}]],"item_model": "crazy_adventure:anti_radiation_glove","item_name": {"translate": "crazy_adventure.anti_radiation_glove"}}},"click_event": {"action": "show_dialog","dialog": "crazy_adventure:manual/page_44"}},
				"!#\n",
				"\n\n\n\n\n\n\n\n\n\n\n\n\n\n"
			],
			"width": 140
		}
	]
}
