{
	"type": "minecraft:notice",
	"title": {
		"translate": "crazy_adventure.energy",
		"underlined": true
	},
	"body": [
		{
			"type": "minecraft:plain_message",
			"contents": [
				{"text": "V   ","font": "crazy_adventure:manual","color": "white"},
				{"text": "\n   ","click_event": {"action": "show_dialog","dialog": "crazy_adventure:manual/page_6"},"hover_event": {"action": "show_text","value": [{"translate": "crazy_adventure.go_to_previous_page"}," (6)"]}},
				" ",
				{"text": "   ","click_event": {"action": "show_dialog","dialog": "crazy_adventure:manual/page_8"},"hover_event": {"action": "show_text","value": [{"translate": "crazy_adventure.go_to_next_page"}," (8)"]}},
				{"text": "\n   ","click_event": {"action": "show_dialog","dialog": "crazy_adventure:manual/page_6"},"hover_event": {"action": "show_text","value": [{"translate": "crazy_adventure.go_to_previous_page"}," (6)"]}},
				" ",
				{"text": "   ","click_event": {"action": "show_dialog","dialog": "crazy_adventure:manual/page_8"},"hover_event": {"action": "show_text","value": [{"translate": "crazy_adventure.go_to_next_page"}," (8)"]}}
			],
			"width": 400
		},
		{
			"type": "minecraft:plain_message",
			"contents": [
				{"text": "","font": "crazy_adventure:manual","color": "white","shadow_color": [0,0,0,0]},
				"\"ဦ\n\"",
				{"text": "$聭","hover_event": {"action": "show_item","id": "furnace","components": {"custom_data": {"energy": {"generation": 150,"max_storage": 30000},"crazy_adventure": {"nuclear_reactor": true},"smithed": {"ignore": {"functionality": true,"crafting": true}}},"item_model": "crazy_adventure:nuclear_reactor","item_name": {"translate": "crazy_adventure.nuclear_reactor"},"lore": [["",{"text": "I","color": "white","italic": false,"font": "crazy_adventure:icons"},{"translate": "crazy_adventure.crazy","color": "green"},{"translate": "crazy_adventure.adventure","color": "gray"}]],"container": [{"slot": 0,"item": {"id": "minecraft:stone","count": 1,"components": {"minecraft:custom_data": {"smithed": {"block": {"id": "crazy_adventure:nuclear_reactor","from": "crazy_adventure"}}}}}}],"tooltip_display": {"hidden_components": ["minecraft:container"]}}},"click_event": {"action": "show_dialog","dialog": "crazy_adventure:manual/page_46"}},
				{"text": "$聯","hover_event": {"action": "show_item","id": "furnace","components": {"custom_data": {"energy": {"generation": 150,"max_storage": 105000},"crazy_adventure": {"better_nuclear_reactor": true},"smithed": {"ignore": {"functionality": true,"crafting": true}}},"item_model": "crazy_adventure:better_nuclear_reactor","item_name": {"translate": "crazy_adventure.better_nuclear_reactor"},"lore": [["",{"text": "I","color": "white","italic": false,"font": "crazy_adventure:icons"},{"translate": "crazy_adventure.crazy","color": "green"},{"translate": "crazy_adventure.adventure","color": "gray"}]],"container": [{"slot": 0,"item": {"id": "minecraft:stone","count": 1,"components": {"minecraft:custom_data": {"smithed": {"block": {"id": "crazy_adventure:better_nuclear_reactor","from": "crazy_adventure"}}}}}}],"tooltip_display": {"hidden_components": ["minecraft:container"]}}},"click_event": {"action": "show_dialog","dialog": "crazy_adventure:manual/page_47"}},
				{"text": "$聱","hover_event": {"action": "show_item","id": "furnace","components": {"custom_data": {"energy": {"generation": 150,"max_storage": 105000},"crazy_adventure": {"amazing_nuclear_reactor": true},"smithed": {"ignore": {"functionality": true,"crafting": true}}},"item_model": "crazy_adventure:amazing_nuclear_reactor","item_name": {"translate": "crazy_adventure.amazing_nuclear_reactor"},"lore": [["",{"text": "I","color": "white","italic": false,"font": "crazy_adventure:icons"},{"translate": "crazy_adventure.crazy","color": "green"},{"translate": "crazy_adventure.adventure","color": "gray"}]],"container": [{"slot": 0,"item": {"id": "minecraft:stone","count": 1,"components": {"minecraft:custom_data": {"smithed": {"block": {"id": "crazy_adventure:amazing_nuclear_reactor","from": "crazy_adventure"}}}}}}],"tooltip_display": {"hidden_components": ["minecraft:container"]}}},"click_event": {"action": "show_dialog","dialog": "crazy_adventure:manual/page_48"}},
				{"text": "$聳","hover_event": {"action": "show_item","id": "furnace","components": {"custom_data": {"energy": {"generation": 150,"max_storage": 105000},"crazy_adventure": {"incredible_nuclear_reactor": true},"smithed": {"ignore": {"functionality": true,"crafting": true}}},"item_model": "crazy_adventure:incredible_nuclear_reactor","item_name": {"translate": "crazy_adventure.incredible_nuclear_reactor"},"lore": [["",{"text": "I","color": "white","italic": false,"font": "crazy_adventure:icons"},{"translate": "crazy_adventure.crazy","color": "green"},{"translate": "crazy_adventure.adventure","color": "gray"}]],"container": [{"slot": 0,"item": {"id": "minecraft:stone","count": 1,"components": {"minecraft:custom_data": {"smithed": {"block": {"id": "crazy_adventure:incredible_nuclear_reactor","from": "crazy_adventure"}}}}}}],"tooltip_display": {"hidden_components": ["minecraft:container"]}}},"click_event": {"action": "show_dialog","dialog": "crazy_adventure:manual/page_49"}},
				{"text": "$聵","hover_event": {"action": "show_item","id": "furnace","components": {"custom_data": {"energy": {"storage": 0,"max_storage": 150000},"crazy_adventure": {"uranium_battery": true},"smithed": {"ignore": {"functionality": true,"crafting": true}}},"item_model": "crazy_adventure:uranium_battery","item_name": {"translate": "crazy_adventure.uranium_battery"},"lore": [["",{"text": "I","color": "white","italic": false,"font": "crazy_adventure:icons"},{"translate": "crazy_adventure.crazy","color": "green"},{"translate": "crazy_adventure.adventure","color": "gray"}]],"container": [{"slot": 0,"item": {"id": "minecraft:stone","count": 1,"components": {"minecraft:custom_data": {"smithed": {"block": {"id": "crazy_adventure:uranium_battery","from": "crazy_adventure"}}}}}}],"tooltip_display": {"hidden_components": ["minecraft:container"]}}},"click_event": {"action": "show_dialog","dialog": "crazy_adventure:manual/page_50"}},
				"#\n\"",
				{"text": "!","hover_event": {"action": "show_item","id": "furnace","components": {"custom_data": {"energy": {"generation": 150,"max_storage": 30000},"crazy_adventure": {"nuclear_reactor": true},"smithed": {"ignore": {"functionality": true,"crafting": true}}},"item_model": "crazy_adventure:nuclear_reactor","item_name": {"translate": "crazy_adventure.nuclear_reactor"},"lore": [["",{"text": "I","color": "white","italic": false,"font": "crazy_adventure:icons"},{"translate": "crazy_adventure.crazy","color": "green"},{"translate": "crazy_adventure.adventure","color": "gray"}]],"container": [{"slot": 0,"item": {"id": "minecraft:stone","count": 1,"components": {"minecraft:custom_data": {"smithed": {"block": {"id": "crazy_adventure:nuclear_reactor","from": "crazy_adventure"}}}}}}],"tooltip_display": {"hidden_components": ["minecraft:container"]}}},"click_event": {"action": "show_dialog","dialog": "crazy_adventure:manual/page_46"}},
				{"text": "!","hover_event": {"action": "show_item","id": "furnace","components": {"custom_data": {"energy": {"generation": 150,"max_storage": 105000},"crazy_adventure": {"better_nuclear_reactor": true},"smithed": {"ignore": {"functionality": true,"crafting": true}}},"item_model": "crazy_adventure:better_nuclear_reactor","item_name": {"translate": "crazy_adventure.better_nuclear_reactor"},"lore": [["",{"text": "I","color": "white","italic": false,"font": "crazy_adventure:icons"},{"translate": "crazy_adventure.crazy","color": "green"},{"translate": "crazy_adventure.adventure","color": "gray"}]],"container": [{"slot": 0,"item": {"id": "minecraft:stone","count": 1,"components": {"minecraft:custom_data": {"smithed": {"block": {"id": "crazy_adventure:better_nuclear_reactor","from": "crazy_adventure"}}}}}}],"tooltip_display": {"hidden_components": ["minecraft:container"]}}},"click_event": {"action": "show_dialog","dialog": "crazy_adventure:manual/page_47"}},
				{"text": "!","hover_event": {"action": "show_item","id": "furnace","components": {"custom_data": {"energy": {"generation": 150,"max_storage": 105000},"crazy_adventure": {"amazing_nuclear_reactor": true},"smithed": {"ignore": {"functionality": true,"crafting": true}}},"item_model": "crazy_adventure:amazing_nuclear_reactor","item_name": {"translate": "crazy_adventure.amazing_nuclear_reactor"},"lore": [["",{"text": "I","color": "white","italic": false,"font": "crazy_adventure:icons"},{"translate": "crazy_adventure.crazy","color": "green"},{"translate": "crazy_adventure.adventure","color": "gray"}]],"container": [{"slot": 0,"item": {"id": "minecraft:stone","count": 1,"components": {"minecraft:custom_data": {"smithed": {"block": {"id": "crazy_adventure:amazing_nuclear_reactor","from": "crazy_adventure"}}}}}}],"tooltip_display": {"hidden_components": ["minecraft:container"]}}},"click_event": {"action": "show_dialog","dialog": "crazy_adventure:manual/page_48"}},
				{"text": "!","hover_event": {"action": "show_item","id": "furnace","components": {"custom_data": {"energy": {"generation": 150,"max_storage": 105000},"crazy_adventure": {"incredible_nuclear_reactor": true},"smithed": {"ignore": {"functionality": true,"crafting": true}}},"item_model": "crazy_adventure:incredible_nuclear_reactor","item_name": {"translate": "crazy_adventure.incredible_nuclear_reactor"},"lore": [["",{"text": "I","color": "white","italic": false,"font": "crazy_adventure:icons"},{"translate": "crazy_adventure.crazy","color": "green"},{"translate": "crazy_adventure.adventure","color": "gray"}]],"container": [{"slot": 0,"item": {"id": "minecraft:stone","count": 1,"components": {"minecraft:custom_data": {"smithed": {"block": {"id": "crazy_adventure:incredible_nuclear_reactor","from": "crazy_adventure"}}}}}}],"tooltip_display": {"hidden_components": ["minecraft:container"]}}},"click_event": {"action": "show_dialog","dialog": "crazy_adventure:manual/page_49"}},
				{"text": "!","hover_event": {"action": "show_item","id": "furnace","components": {"custom_data": {"energy": {"storage": 0,"max_storage": 150000},"crazy_adventure": {"uranium_battery": true},"smithed": {"ignore": {"functionality": true,"crafting": true}}},"item_model": "crazy_adventure:uranium_battery","item_name": {"translate": "crazy_adventure.uranium_battery"},"lore": [["",{"text": "I","color": "white","italic": false,"font": "crazy_adventure:icons"},{"translate": "crazy_adventure.crazy","color": "green"},{"translate": "crazy_adventure.adventure","color": "gray"}]],"container": [{"slot": 0,"item": {"id": "minecraft:stone","count": 1,"components": {"minecraft:custom_data": {"smithed": {"block": {"id": "crazy_adventure:uranium_battery","from": "crazy_adventure"}}}}}}],"tooltip_display": {"hidden_components": ["minecraft:container"]}}},"click_event": {"action": "show_dialog","dialog": "crazy_adventure:manual/page_50"}},
				"#\n\"",
				{"text": "$職","hover_event": {"action": "show_item","id": "furnace","components": {"custom_data": {"energy": {"storage": 0,"max_storage": 1000000},"crazy_adventure": {"californium_battery": true},"smithed": {"ignore": {"functionality": true,"crafting": true}}},"item_model": "crazy_adventure:californium_battery","item_name": {"translate": "crazy_adventure.californium_battery"},"lore": [["",{"text": "I","color": "white","italic": false,"font": "crazy_adventure:icons"},{"translate": "crazy_adventure.crazy","color": "green"},{"translate": "crazy_adventure.adventure","color": "gray"}]],"container": [{"slot": 0,"item": {"id": "minecraft:stone","count": 1,"components": {"minecraft:custom_data": {"smithed": {"block": {"id": "crazy_adventure:californium_battery","from": "crazy_adventure"}}}}}}],"tooltip_display": {"hidden_components": ["minecraft:container"]}}},"click_event": {"action": "show_dialog","dialog": "crazy_adventure:manual/page_51"}},
				{"text": "$聹","hover_event": {"action": "show_item","id": "furnace","components": {"custom_data": {"energy": {"usage": 30,"max_storage": 600},"crazy_adventure": {"ore_extractor_1": true},"smithed": {"ignore": {"functionality": true,"crafting": true}}},"item_model": "crazy_adventure:ore_extractor_1","item_name": {"translate": "crazy_adventure.ore_extractor_1"},"lore": [["",{"text": "I","color": "white","italic": false,"font": "crazy_adventure:icons"},{"translate": "crazy_adventure.crazy","color": "green"},{"translate": "crazy_adventure.adventure","color": "gray"}]],"container": [{"slot": 0,"item": {"id": "minecraft:stone","count": 1,"components": {"minecraft:custom_data": {"smithed": {"block": {"id": "crazy_adventure:ore_extractor_1","from": "crazy_adventure"}}}}}}],"tooltip_display": {"hidden_components": ["minecraft:container"]}}},"click_event": {"action": "show_dialog","dialog": "crazy_adventure:manual/page_52"}},
				{"text": "$聻","hover_event": {"action": "show_item","id": "furnace","components": {"custom_data": {"energy": {"usage": 60,"max_storage": 1500},"crazy_adventure": {"ore_extractor_2": true},"smithed": {"ignore": {"functionality": true,"crafting": true}}},"item_model": "crazy_adventure:ore_extractor_2","item_name": {"translate": "crazy_adventure.ore_extractor_2"},"lore": [["",{"text": "I","color": "white","italic": false,"font": "crazy_adventure:icons"},{"translate": "crazy_adventure.crazy","color": "green"},{"translate": "crazy_adventure.adventure","color": "gray"}]],"container": [{"slot": 0,"item": {"id": "minecraft:stone","count": 1,"components": {"minecraft:custom_data": {"smithed": {"block": {"id": "crazy_adventure:ore_extractor_2","from": "crazy_adventure"}}}}}}],"tooltip_display": {"hidden_components": ["minecraft:container"]}}},"click_event": {"action": "show_dialog","dialog": "crazy_adventure:manual/page_53"}},
				{"text": "$聽","hover_event": {"action": "show_item","id": "furnace","components": {"custom_data": {"energy": {"usage": 100,"max_storage": 3000},"crazy_adventure": {"ore_extractor_3": true},"smithed": {"ignore": {"functionality": true,"crafting": true}}},"item_model": "crazy_adventure:ore_extractor_3","item_name": {"translate": "crazy_adventure.ore_extractor_3"},"lore": [["",{"text": "I","color": "white","italic": false,"font": "crazy_adventure:icons"},{"translate": "crazy_adventure.crazy","color": "green"},{"translate": "crazy_adventure.adventure","color": "gray"}]],"container": [{"slot": 0,"item": {"id": "minecraft:stone","count": 1,"components": {"minecraft:custom_data": {"smithed": {"block": {"id": "crazy_adventure:ore_extractor_3","from": "crazy_adventure"}}}}}}],"tooltip_display": {"hidden_components": ["minecraft:container"]}}},"click_event": {"action": "show_dialog","dialog": "crazy_adventure:manual/page_54"}},
				{"text": "$聿","hover_event": {"action": "show_item","id": "furnace","components": {"custom_data": {"energy": {"usage": 300,"max_storage": 15000},"crazy_adventure": {"ore_extractor_4": true},"smithed": {"ignore": {"functionality": true,"crafting": true}}},"item_model": "crazy_adventure:ore_extractor_4","item_name": {"translate": "crazy_adventure.ore_extractor_4"},"lore": [["",{"text": "I","color": "white","italic": false,"font": "crazy_adventure:icons"},{"translate": "crazy_adventure.crazy","color": "green"},{"translate": "crazy_adventure.adventure","color": "gray"}]],"container": [{"slot": 0,"item": {"id": "minecraft:stone","count": 1,"components": {"minecraft:custom_data": {"smithed": {"block": {"id": "crazy_adventure:ore_extractor_4","from": "crazy_adventure"}}}}}}],"tooltip_display": {"hidden_components": ["minecraft:container"]}}},"click_event": {"action": "show_dialog","dialog": "crazy_adventure:manual/page_55"}},
				"#\n\"",
				{"text": "!","hover_event": {"action": "show_item","id": "furnace","components": {"custom_data": {"energy": {"storage": 0,"max_storage": 1000000},"crazy_adventure": {"californium_battery": true},"smithed": {"ignore": {"functionality": true,"crafting": true}}},"item_model": "crazy_adventure:californium_battery","item_name": {"translate": "crazy_adventure.californium_battery"},"lore": [["",{"text": "I","color": "white","italic": false,"font": "crazy_adventure:icons"},{"translate": "crazy_adventure.crazy","color": "green"},{"translate": "crazy_adventure.adventure","color": "gray"}]],"container": [{"slot": 0,"item": {"id": "minecraft:stone","count": 1,"components": {"minecraft:custom_data": {"smithed": {"block": {"id": "crazy_adventure:californium_battery","from": "crazy_adventure"}}}}}}],"tooltip_display": {"hidden_components": ["minecraft:container"]}}},"click_event": {"action": "show_dialog","dialog": "crazy_adventure:manual/page_51"}},
				{"text": "!","hover_event": {"action": "show_item","id": "furnace","components": {"custom_data": {"energy": {"usage": 30,"max_storage": 600},"crazy_adventure": {"ore_extractor_1": true},"smithed": {"ignore": {"functionality": true,"crafting": true}}},"item_model": "crazy_adventure:ore_extractor_1","item_name": {"translate": "crazy_adventure.ore_extractor_1"},"lore": [["",{"text": "I","color": "white","italic": false,"font": "crazy_adventure:icons"},{"translate": "crazy_adventure.crazy","color": "green"},{"translate": "crazy_adventure.adventure","color": "gray"}]],"container": [{"slot": 0,"item": {"id": "minecraft:stone","count": 1,"components": {"minecraft:custom_data": {"smithed": {"block": {"id": "crazy_adventure:ore_extractor_1","from": "crazy_adventure"}}}}}}],"tooltip_display": {"hidden_components": ["minecraft:container"]}}},"click_event": {"action": "show_dialog","dialog": "crazy_adventure:manual/page_52"}},
				{"text": "!","hover_event": {"action": "show_item","id": "furnace","components": {"custom_data": {"energy": {"usage": 60,"max_storage": 1500},"crazy_adventure": {"ore_extractor_2": true},"smithed": {"ignore": {"functionality": true,"crafting": true}}},"item_model": "crazy_adventure:ore_extractor_2","item_name": {"translate": "crazy_adventure.ore_extractor_2"},"lore": [["",{"text": "I","color": "white","italic": false,"font": "crazy_adventure:icons"},{"translate": "crazy_adventure.crazy","color": "green"},{"translate": "crazy_adventure.adventure","color": "gray"}]],"container": [{"slot": 0,"item": {"id": "minecraft:stone","count": 1,"components": {"minecraft:custom_data": {"smithed": {"block": {"id": "crazy_adventure:ore_extractor_2","from": "crazy_adventure"}}}}}}],"tooltip_display": {"hidden_components": ["minecraft:container"]}}},"click_event": {"action": "show_dialog","dialog": "crazy_adventure:manual/page_53"}},
				{"text": "!","hover_event": {"action": "show_item","id": "furnace","components": {"custom_data": {"energy": {"usage": 100,"max_storage": 3000},"crazy_adventure": {"ore_extractor_3": true},"smithed": {"ignore": {"functionality": true,"crafting": true}}},"item_model": "crazy_adventure:ore_extractor_3","item_name": {"translate": "crazy_adventure.ore_extractor_3"},"lore": [["",{"text": "I","color": "white","italic": false,"font": "crazy_adventure:icons"},{"translate": "crazy_adventure.crazy","color": "green"},{"translate": "crazy_adventure.adventure","color": "gray"}]],"container": [{"slot": 0,"item": {"id": "minecraft:stone","count": 1,"components": {"minecraft:custom_data": {"smithed": {"block": {"id": "crazy_adventure:ore_extractor_3","from": "crazy_adventure"}}}}}}],"tooltip_display": {"hidden_components": ["minecraft:container"]}}},"click_event": {"action": "show_dialog","dialog": "crazy_adventure:manual/page_54"}},
				{"text": "!","hover_event": {"action": "show_item","id": "furnace","components": {"custom_data": {"energy": {"usage": 300,"max_storage": 15000},"crazy_adventure": {"ore_extractor_4": true},"smithed": {"ignore": {"functionality": true,"crafting": true}}},"item_model": "crazy_adventure:ore_extractor_4","item_name": {"translate": "crazy_adventure.ore_extractor_4"},"lore": [["",{"text": "I","color": "white","italic": false,"font": "crazy_adventure:icons"},{"translate": "crazy_adventure.crazy","color": "green"},{"translate": "crazy_adventure.adventure","color": "gray"}]],"container": [{"slot": 0,"item": {"id": "minecraft:stone","count": 1,"components": {"minecraft:custom_data": {"smithed": {"block": {"id": "crazy_adventure:ore_extractor_4","from": "crazy_adventure"}}}}}}],"tooltip_display": {"hidden_components": ["minecraft:container"]}}},"click_event": {"action": "show_dialog","dialog": "crazy_adventure:manual/page_55"}},
				"#\n\"",
				{"text": "$肁","hover_event": {"action": "show_item","id": "furnace","components": {"custom_data": {"energy": {"usage": 0,"max_storage": 20000},"crazy_adventure": {"uranium_upgrader": true},"smithed": {"ignore": {"functionality": true,"crafting": true}}},"item_model": "crazy_adventure:uranium_upgrader","item_name": {"translate": "crazy_adventure.uranium_upgrader"},"lore": [["",{"text": "I","color": "white","italic": false,"font": "crazy_adventure:icons"},{"translate": "crazy_adventure.crazy","color": "green"},{"translate": "crazy_adventure.adventure","color": "gray"}]],"container": [{"slot": 0,"item": {"id": "minecraft:stone","count": 1,"components": {"minecraft:custom_data": {"smithed": {"block": {"id": "crazy_adventure:uranium_upgrader","from": "crazy_adventure"}}}}}}],"tooltip_display": {"hidden_components": ["minecraft:container"]}}},"click_event": {"action": "show_dialog","dialog": "crazy_adventure:manual/page_56"}},
				"!!!!#\n\"",
				{"text": "!","hover_event": {"action": "show_item","id": "furnace","components": {"custom_data": {"energy": {"usage": 0,"max_storage": 20000},"crazy_adventure": {"uranium_upgrader": true},"smithed": {"ignore": {"functionality": true,"crafting": true}}},"item_model": "crazy_adventure:uranium_upgrader","item_name": {"translate": "crazy_adventure.uranium_upgrader"},"lore": [["",{"text": "I","color": "white","italic": false,"font": "crazy_adventure:icons"},{"translate": "crazy_adventure.crazy","color": "green"},{"translate": "crazy_adventure.adventure","color": "gray"}]],"container": [{"slot": 0,"item": {"id": "minecraft:stone","count": 1,"components": {"minecraft:custom_data": {"smithed": {"block": {"id": "crazy_adventure:uranium_upgrader","from": "crazy_adventure"}}}}}}],"tooltip_display": {"hidden_components": ["minecraft:container"]}}},"click_event": {"action": "show_dialog","dialog": "crazy_adventure:manual/page_56"}},
				"!!!!#\n",
				"\n\n\n\n\n\n\n\n\n\n\n\n\n\n\n\n\n\n"
			],
			"width": 140
		}
	]
}
