{
	"type": "minecraft:notice",
	"title": {
		"translate": "crazy_adventure.material",
		"underlined": true
	},
	"body": [
		{
			"type": "minecraft:plain_message",
			"contents": [
				{"text": "V   ","font": "crazy_adventure:manual","color": "white"},
				{"text": "\n   ","click_event": {"action": "show_dialog","dialog": "crazy_adventure:manual/page_3"},"hover_event": {"action": "show_text","value": [{"translate": "crazy_adventure.go_to_previous_page"}," (3)"]}},
				" ",
				{"text": "   ","click_event": {"action": "show_dialog","dialog": "crazy_adventure:manual/page_5"},"hover_event": {"action": "show_text","value": [{"translate": "crazy_adventure.go_to_next_page"}," (5)"]}},
				{"text": "\n   ","click_event": {"action": "show_dialog","dialog": "crazy_adventure:manual/page_3"},"hover_event": {"action": "show_text","value": [{"translate": "crazy_adventure.go_to_previous_page"}," (3)"]}},
				" ",
				{"text": "   ","click_event": {"action": "show_dialog","dialog": "crazy_adventure:manual/page_5"},"hover_event": {"action": "show_text","value": [{"translate": "crazy_adventure.go_to_next_page"}," (5)"]}}
			],
			"width": 400
		},
		{
			"type": "minecraft:plain_message",
			"contents": [
				{"text": "","font": "crazy_adventure:manual","color": "white","shadow_color": [0,0,0,0]},
				"\"ဣ\n\"",
				{"text": "$耡","hover_event": {"action": "show_item","id": "command_block","components": {"custom_data": {"smithed": {"dict": {"ingot": {"uranium": true}},"ignore": {"functionality": true,"crafting": true}},"crazy_adventure": {"uranium_ingot": true}},"item_model": "crazy_adventure:uranium_ingot","item_name": {"translate": "crazy_adventure.uranium_ingot"},"lore": [["",{"text": "I","color": "white","italic": false,"font": "crazy_adventure:icons"},{"translate": "crazy_adventure.crazy","color": "green"},{"translate": "crazy_adventure.adventure","color": "gray"}]]}},"click_event": {"action": "show_dialog","dialog": "crazy_adventure:manual/page_10"}},
				{"text": "$耣","hover_event": {"action": "show_item","id": "command_block","components": {"custom_data": {"smithed": {"dict": {"nugget": {"uranium": true}},"ignore": {"functionality": true,"crafting": true}},"crazy_adventure": {"uranium_nugget": true}},"item_model": "crazy_adventure:uranium_nugget","item_name": {"translate": "crazy_adventure.uranium_nugget"},"lore": [["",{"text": "I","color": "white","italic": false,"font": "crazy_adventure:icons"},{"translate": "crazy_adventure.crazy","color": "green"},{"translate": "crazy_adventure.adventure","color": "gray"}]]}},"click_event": {"action": "show_dialog","dialog": "crazy_adventure:manual/page_11"}},
				{"text": "$耥","hover_event": {"action": "show_item","id": "command_block","components": {"custom_data": {"smithed": {"dict": {"raw": {"uranium": true}},"ignore": {"functionality": true,"crafting": true}},"crazy_adventure": {"raw_uranium": true}},"item_model": "crazy_adventure:raw_uranium","item_name": {"translate": "crazy_adventure.raw_uranium"},"lore": [["",{"text": "I","color": "white","italic": false,"font": "crazy_adventure:icons"},{"translate": "crazy_adventure.crazy","color": "green"},{"translate": "crazy_adventure.adventure","color": "gray"}]]}},"click_event": {"action": "show_dialog","dialog": "crazy_adventure:manual/page_12"}},
				{"text": "$耧","hover_event": {"action": "show_item","id": "furnace","components": {"custom_data": {"smithed": {"dict": {"block": {"uranium": true}},"ignore": {"functionality": true,"crafting": true}},"crazy_adventure": {"uranium_block": true}},"item_model": "crazy_adventure:uranium_block","item_name": {"translate": "crazy_adventure.uranium_block"},"lore": [["",{"text": "I","color": "white","italic": false,"font": "crazy_adventure:icons"},{"translate": "crazy_adventure.crazy","color": "green"},{"translate": "crazy_adventure.adventure","color": "gray"}]],"container": [{"slot": 0,"item": {"id": "minecraft:stone","count": 1,"components": {"minecraft:custom_data": {"smithed": {"block": {"id": "crazy_adventure:uranium_block","from": "crazy_adventure"}}}}}}],"tooltip_display": {"hidden_components": ["minecraft:container"]}}},"click_event": {"action": "show_dialog","dialog": "crazy_adventure:manual/page_13"}},
				{"text": "$耩","hover_event": {"action": "show_item","id": "furnace","components": {"custom_data": {"smithed": {"dict": {"block": {"uranium": true},"ore": {"uranium": true}},"ignore": {"functionality": true,"crafting": true}},"crazy_adventure": {"uranium_ore": true}},"item_model": "crazy_adventure:uranium_ore","item_name": {"translate": "crazy_adventure.uranium_ore"},"lore": [["",{"text": "I","color": "white","italic": false,"font": "crazy_adventure:icons"},{"translate": "crazy_adventure.crazy","color": "green"},{"translate": "crazy_adventure.adventure","color": "gray"}]],"container": [{"slot": 0,"item": {"id": "minecraft:stone","count": 1,"components": {"minecraft:custom_data": {"smithed": {"block": {"id": "crazy_adventure:uranium_ore","from": "crazy_adventure"}}}}}}],"tooltip_display": {"hidden_components": ["minecraft:container"]}}},"click_event": {"action": "show_dialog","dialog": "crazy_adventure:manual/page_14"}},
				"#\n\"",
				{"text": "!","hover_event": {"action": "show_item","id": "command_block","components": {"custom_data": {"smithed": {"dict": {"ingot": {"uranium": true}},"ignore": {"functionality": true,"crafting": true}},"crazy_adventure": {"uranium_ingot": true}},"item_model": "crazy_adventure:uranium_ingot","item_name": {"translate": "crazy_adventure.uranium_ingot"},"lore": [["",{"text": "I","color": "white","italic": false,"font": "crazy_adventure:icons"},{"translate": "crazy_adventure.crazy","color": "green"},{"translate": "crazy_adventure.adventure","color": "gray"}]]}},"click_event": {"action": "show_dialog","dialog": "crazy_adventure:manual/page_10"}},
				{"text": "!","hover_event": {"action": "show_item","id": "command_block","components": {"custom_data": {"smithed": {"dict": {"nugget": {"uranium": true}},"ignore": {"functionality": true,"crafting": true}},"crazy_adventure": {"uranium_nugget": true}},"item_model": "crazy_adventure:uranium_nugget","item_name": {"translate": "crazy_adventure.uranium_nugget"},"lore": [["",{"text": "I","color": "white","italic": false,"font": "crazy_adventure:icons"},{"translate": "crazy_adventure.crazy","color": "green"},{"translate": "crazy_adventure.adventure","color": "gray"}]]}},"click_event": {"action": "show_dialog","dialog": "crazy_adventure:manual/page_11"}},
				{"text": "!","hover_event": {"action": "show_item","id": "command_block","components": {"custom_data": {"smithed": {"dict": {"raw": {"uranium": true}},"ignore": {"functionality": true,"crafting": true}},"crazy_adventure": {"raw_uranium": true}},"item_model": "crazy_adventure:raw_uranium","item_name": {"translate": "crazy_adventure.raw_uranium"},"lore": [["",{"text": "I","color": "white","italic": false,"font": "crazy_adventure:icons"},{"translate": "crazy_adventure.crazy","color": "green"},{"translate": "crazy_adventure.adventure","color": "gray"}]]}},"click_event": {"action": "show_dialog","dialog": "crazy_adventure:manual/page_12"}},
				{"text": "!","hover_event": {"action": "show_item","id": "furnace","components": {"custom_data": {"smithed": {"dict": {"block": {"uranium": true}},"ignore": {"functionality": true,"crafting": true}},"crazy_adventure": {"uranium_block": true}},"item_model": "crazy_adventure:uranium_block","item_name": {"translate": "crazy_adventure.uranium_block"},"lore": [["",{"text": "I","color": "white","italic": false,"font": "crazy_adventure:icons"},{"translate": "crazy_adventure.crazy","color": "green"},{"translate": "crazy_adventure.adventure","color": "gray"}]],"container": [{"slot": 0,"item": {"id": "minecraft:stone","count": 1,"components": {"minecraft:custom_data": {"smithed": {"block": {"id": "crazy_adventure:uranium_block","from": "crazy_adventure"}}}}}}],"tooltip_display": {"hidden_components": ["minecraft:container"]}}},"click_event": {"action": "show_dialog","dialog": "crazy_adventure:manual/page_13"}},
				{"text": "!","hover_event": {"action": "show_item","id": "furnace","components": {"custom_data": {"smithed": {"dict": {"block": {"uranium": true},"ore": {"uranium": true}},"ignore": {"functionality": true,"crafting": true}},"crazy_adventure": {"uranium_ore": true}},"item_model": "crazy_adventure:uranium_ore","item_name": {"translate": "crazy_adventure.uranium_ore"},"lore": [["",{"text": "I","color": "white","italic": false,"font": "crazy_adventure:icons"},{"translate": "crazy_adventure.crazy","color": "green"},{"translate": "crazy_adventure.adventure","color": "gray"}]],"container": [{"slot": 0,"item": {"id": "minecraft:stone","count": 1,"components": {"minecraft:custom_data": {"smithed": {"block": {"id": "crazy_adventure:uranium_ore","from": "crazy_adventure"}}}}}}],"tooltip_display": {"hidden_components": ["minecraft:container"]}}},"click_event": {"action": "show_dialog","dialog": "crazy_adventure:manual/page_14"}},
				"#\n\"",
				{"text": "$耫","hover_event": {"action": "show_item","id": "furnace","components": {"custom_data": {"smithed": {"dict": {"block": {"uranium": true},"ore": {"uranium": true}},"ignore": {"functionality": true,"crafting": true}},"crazy_adventure": {"deepslate_uranium_ore": true}},"item_model": "crazy_adventure:deepslate_uranium_ore","item_name": {"translate": "crazy_adventure.deepslate_uranium_ore"},"lore": [["",{"text": "I","color": "white","italic": false,"font": "crazy_adventure:icons"},{"translate": "crazy_adventure.crazy","color": "green"},{"translate": "crazy_adventure.adventure","color": "gray"}]],"container": [{"slot": 0,"item": {"id": "minecraft:stone","count": 1,"components": {"minecraft:custom_data": {"smithed": {"block": {"id": "crazy_adventure:deepslate_uranium_ore","from": "crazy_adventure"}}}}}}],"tooltip_display": {"hidden_components": ["minecraft:container"]}}},"click_event": {"action": "show_dialog","dialog": "crazy_adventure:manual/page_15"}},
				{"text": "$耭","hover_event": {"action": "show_item","id": "command_block","components": {"custom_data": {"smithed": {"dict": {"ingot": {"californium": true}},"ignore": {"functionality": true,"crafting": true}},"crazy_adventure": {"californium_ingot": true}},"item_model": "crazy_adventure:californium_ingot","item_name": {"translate": "crazy_adventure.californium_ingot"},"lore": [["",{"text": "I","color": "white","italic": false,"font": "crazy_adventure:icons"},{"translate": "crazy_adventure.crazy","color": "green"},{"translate": "crazy_adventure.adventure","color": "gray"}]]}},"click_event": {"action": "show_dialog","dialog": "crazy_adventure:manual/page_16"}},
				{"text": "$耯","hover_event": {"action": "show_item","id": "command_block","components": {"custom_data": {"smithed": {"dict": {"nugget": {"californium": true}},"ignore": {"functionality": true,"crafting": true}},"crazy_adventure": {"californium_nugget": true}},"item_model": "crazy_adventure:californium_nugget","item_name": {"translate": "crazy_adventure.californium_nugget"},"lore": [["",{"text": "I","color": "white","italic": false,"font": "crazy_adventure:icons"},{"translate": "crazy_adventure.crazy","color": "green"},{"translate": "crazy_adventure.adventure","color": "gray"}]]}},"click_event": {"action": "show_dialog","dialog": "crazy_adventure:manual/page_17"}},
				{"text": "$耱","hover_event": {"action": "show_item","id": "command_block","components": {"custom_data": {"smithed": {"dict": {"raw": {"californium": true}},"ignore": {"functionality": true,"crafting": true}},"crazy_adventure": {"raw_californium": true}},"item_model": "crazy_adventure:raw_californium","item_name": {"translate": "crazy_adventure.raw_californium"},"lore": [["",{"text": "I","color": "white","italic": false,"font": "crazy_adventure:icons"},{"translate": "crazy_adventure.crazy","color": "green"},{"translate": "crazy_adventure.adventure","color": "gray"}]]}},"click_event": {"action": "show_dialog","dialog": "crazy_adventure:manual/page_18"}},
				{"text": "$耳","hover_event": {"action": "show_item","id": "furnace","components": {"custom_data": {"smithed": {"dict": {"block": {"californium": true}},"ignore": {"functionality": true,"crafting": true}},"crazy_adventure": {"californium_block": true}},"item_model": "crazy_adventure:californium_block","item_name": {"translate": "crazy_adventure.californium_block"},"lore": [["",{"text": "I","color": "white","italic": false,"font": "crazy_adventure:icons"},{"translate": "crazy_adventure.crazy","color": "green"},{"translate": "crazy_adventure.adventure","color": "gray"}]],"container": [{"slot": 0,"item": {"id": "minecraft:stone","count": 1,"components": {"minecraft:custom_data": {"smithed": {"block": {"id": "crazy_adventure:californium_block","from": "crazy_adventure"}}}}}}],"tooltip_display": {"hidden_components": ["minecraft:container"]}}},"click_event": {"action": "show_dialog","dialog": "crazy_adventure:manual/page_19"}},
				"#\n\"",
				{"text": "!","hover_event": {"action": "show_item","id": "furnace","components": {"custom_data": {"smithed": {"dict": {"block": {"uranium": true},"ore": {"uranium": true}},"ignore": {"functionality": true,"crafting": true}},"crazy_adventure": {"deepslate_uranium_ore": true}},"item_model": "crazy_adventure:deepslate_uranium_ore","item_name": {"translate": "crazy_adventure.deepslate_uranium_ore"},"lore": [["",{"text": "I","color": "white","italic": false,"font": "crazy_adventure:icons"},{"translate": "crazy_adventure.crazy","color": "green"},{"translate": "crazy_adventure.adventure","color": "gray"}]],"container": [{"slot": 0,"item": {"id": "minecraft:stone","count": 1,"components": {"minecraft:custom_data": {"smithed": {"block": {"id": "crazy_adventure:deepslate_uranium_ore","from": "crazy_adventure"}}}}}}],"tooltip_display": {"hidden_components": ["minecraft:container"]}}},"click_event": {"action": "show_dialog","dialog": "crazy_adventure:manual/page_15"}},
				{"text": "!","hover_event": {"action": "show_item","id": "command_block","components": {"custom_data": {"smithed": {"dict": {"ingot": {"californium": true}},"ignore": {"functionality": true,"crafting": true}},"crazy_adventure": {"californium_ingot": true}},"item_model": "crazy_adventure:californium_ingot","item_name": {"translate": "crazy_adventure.californium_ingot"},"lore": [["",{"text": "I","color": "white","italic": false,"font": "crazy_adventure:icons"},{"translate": "crazy_adventure.crazy","color": "green"},{"translate": "crazy_adventure.adventure","color": "gray"}]]}},"click_event": {"action": "show_dialog","dialog": "crazy_adventure:manual/page_16"}},
				{"text": "!","hover_event": {"action": "show_item","id": "command_block","components": {"custom_data": {"smithed": {"dict": {"nugget": {"californium": true}},"ignore": {"functionality": true,"crafting": true}},"crazy_adventure": {"californium_nugget": true}},"item_model": "crazy_adventure:californium_nugget","item_name": {"translate": "crazy_adventure.californium_nugget"},"lore": [["",{"text": "I","color": "white","italic": false,"font": "crazy_adventure:icons"},{"translate": "crazy_adventure.crazy","color": "green"},{"translate": "crazy_adventure.adventure","color": "gray"}]]}},"click_event": {"action": "show_dialog","dialog": "crazy_adventure:manual/page_17"}},
				{"text": "!","hover_event": {"action": "show_item","id": "command_block","components": {"custom_data": {"smithed": {"dict": {"raw": {"californium": true}},"ignore": {"functionality": true,"crafting": true}},"crazy_adventure": {"raw_californium": true}},"item_model": "crazy_adventure:raw_californium","item_name": {"translate": "crazy_adventure.raw_californium"},"lore": [["",{"text": "I","color": "white","italic": false,"font": "crazy_adventure:icons"},{"translate": "crazy_adventure.crazy","color": "green"},{"translate": "crazy_adventure.adventure","color": "gray"}]]}},"click_event": {"action": "show_dialog","dialog": "crazy_adventure:manual/page_18"}},
				{"text": "!","hover_event": {"action": "show_item","id": "furnace","components": {"custom_data": {"smithed": {"dict": {"block": {"californium": true}},"ignore": {"functionality": true,"crafting": true}},"crazy_adventure": {"californium_block": true}},"item_model": "crazy_adventure:californium_block","item_name": {"translate": "crazy_adventure.californium_block"},"lore": [["",{"text": "I","color": "white","italic": false,"font": "crazy_adventure:icons"},{"translate": "crazy_adventure.crazy","color": "green"},{"translate": "crazy_adventure.adventure","color": "gray"}]],"container": [{"slot": 0,"item": {"id": "minecraft:stone","count": 1,"components": {"minecraft:custom_data": {"smithed": {"block": {"id": "crazy_adventure:californium_block","from": "crazy_adventure"}}}}}}],"tooltip_display": {"hidden_components": ["minecraft:container"]}}},"click_event": {"action": "show_dialog","dialog": "crazy_adventure:manual/page_19"}},
				"#\n\"",
				{"text": "$耵","hover_event": {"action": "show_item","id": "furnace","components": {"custom_data": {"smithed": {"dict": {"block": {"californium": true},"ore": {"californium": true}},"ignore": {"functionality": true,"crafting": true}},"crazy_adventure": {"californium_ore": true}},"item_model": "crazy_adventure:californium_ore","item_name": {"translate": "crazy_adventure.californium_ore"},"lore": [["",{"text": "I","color": "white","italic": false,"font": "crazy_adventure:icons"},{"translate": "crazy_adventure.crazy","color": "green"},{"translate": "crazy_adventure.adventure","color": "gray"}]],"container": [{"slot": 0,"item": {"id": "minecraft:stone","count": 1,"components": {"minecraft:custom_data": {"smithed": {"block": {"id": "crazy_adventure:californium_ore","from": "crazy_adventure"}}}}}}],"tooltip_display": {"hidden_components": ["minecraft:container"]}}},"click_event": {"action": "show_dialog","dialog": "crazy_adventure:manual/page_20"}},
				"!!!!#\n\"",
				{"text": "!","hover_event": {"action": "show_item","id": "furnace","components": {"custom_data": {"smithed": {"dict": {"block": {"californium": true},"ore": {"californium": true}},"ignore": {"functionality": true,"crafting": true}},"crazy_adventure": {"californium_ore": true}},"item_model": "crazy_adventure:californium_ore","item_name": {"translate": "crazy_adventure.californium_ore"},"lore": [["",{"text": "I","color": "white","italic": false,"font": "crazy_adventure:icons"},{"translate": "crazy_adventure.crazy","color": "green"},{"translate": "crazy_adventure.adventure","color": "gray"}]],"container": [{"slot": 0,"item": {"id": "minecraft:stone","count": 1,"components": {"minecraft:custom_data": {"smithed": {"block": {"id": "crazy_adventure:californium_ore","from": "crazy_adventure"}}}}}}],"tooltip_display": {"hidden_components": ["minecraft:container"]}}},"click_event": {"action": "show_dialog","dialog": "crazy_adventure:manual/page_20"}},
				"!!!!#\n",
				"\n\n\n\n\n\n\n\n\n\n\n\n\n\n\n\n\n\n"
			],
			"width": 140
		}
	]
}
