{
	"type": "minecraft:notice",
	"title": [
		"",
		{
			"sprite": "crazy_adventure:item/dialog_sprite/californium_helmet",
			"shadow_color": [
				0,
				0,
				0,
				0
			],
			"atlas": "minecraft:items"
		},
		" ",
		{
			"translate": "crazy_adventure.californium_helmet",
			"underlined": true
		},
		" ",
		{
			"sprite": "crazy_adventure:item/dialog_sprite/californium_helmet",
			"shadow_color": [
				0,
				0,
				0,
				0
			],
			"atlas": "minecraft:items"
		}
	],
	"body": [
		{
			"type": "minecraft:plain_message",
			"contents": [
				{"text": "V   ","font": "crazy_adventure:manual","color": "white"},
				{"text": "\n   ","click_event": {"action": "show_dialog","dialog": "crazy_adventure:manual/page_25"},"hover_event": {"action": "show_text","value": [{"translate": "crazy_adventure.go_to_previous_page"}," (25)"]}},
				" ",
				{"text": "   ","click_event": {"action": "show_dialog","dialog": "crazy_adventure:manual/page_27"},"hover_event": {"action": "show_text","value": [{"translate": "crazy_adventure.go_to_next_page"}," (27)"]}},
				{"text": "\n   ","click_event": {"action": "show_dialog","dialog": "crazy_adventure:manual/page_25"},"hover_event": {"action": "show_text","value": [{"translate": "crazy_adventure.go_to_previous_page"}," (25)"]}},
				" ",
				{"text": "   ","click_event": {"action": "show_dialog","dialog": "crazy_adventure:manual/page_27"},"hover_event": {"action": "show_text","value": [{"translate": "crazy_adventure.go_to_next_page"}," (27)"]}}
			],
			"width": 400
		},
		{
			"type": "minecraft:plain_message",
			"contents": [
				{"text": "","font": "crazy_adventure:manual","color": "white","shadow_color": [0,0,0,0]},
				"\"$6\n\"",
				{"text": "$耫$耫$耫","hover_event": {"action": "show_item","id": "command_block","components": {"custom_data": {"smithed": {"dict": {"ingot": {"californium": true}},"ignore": {"functionality": true,"crafting": true}},"crazy_adventure": {"californium_ingot": true}},"item_model": "crazy_adventure:californium_ingot","item_name": {"translate": "crazy_adventure.californium_ingot"},"lore": [["",{"text": "I","color": "white","italic": false,"font": "crazy_adventure:icons"},{"translate": "crazy_adventure","italic": true,"color": "blue"}]]}},"click_event": {"action": "show_dialog","dialog": "crazy_adventure:manual/page_12"}},
				"  \n\"",
				{"translate": "crazy_adventure.uuu","hover_event": {"action": "show_item","id": "command_block","components": {"custom_data": {"smithed": {"dict": {"ingot": {"californium": true}},"ignore": {"functionality": true,"crafting": true}},"crazy_adventure": {"californium_ingot": true}},"item_model": "crazy_adventure:californium_ingot","item_name": {"translate": "crazy_adventure.californium_ingot"},"lore": [["",{"text": "I","color": "white","italic": false,"font": "crazy_adventure:icons"},{"translate": "crazy_adventure","italic": true,"color": "blue"}]]}},"click_event": {"action": "show_dialog","dialog": "crazy_adventure:manual/page_12"}},
				"  \n\"",
				{"text": "$耫","hover_event": {"action": "show_item","id": "command_block","components": {"custom_data": {"smithed": {"dict": {"ingot": {"californium": true}},"ignore": {"functionality": true,"crafting": true}},"crazy_adventure": {"californium_ingot": true}},"item_model": "crazy_adventure:californium_ingot","item_name": {"translate": "crazy_adventure.californium_ingot"},"lore": [["",{"text": "I","color": "white","italic": false,"font": "crazy_adventure:icons"},{"translate": "crazy_adventure","italic": true,"color": "blue"}]]}},"click_event": {"action": "show_dialog","dialog": "crazy_adventure:manual/page_12"}},
				"U$",
				{"text": "$耫","hover_event": {"action": "show_item","id": "command_block","components": {"custom_data": {"smithed": {"dict": {"ingot": {"californium": true}},"ignore": {"functionality": true,"crafting": true}},"crazy_adventure": {"californium_ingot": true}},"item_model": "crazy_adventure:californium_ingot","item_name": {"translate": "crazy_adventure.californium_ingot"},"lore": [["",{"text": "I","color": "white","italic": false,"font": "crazy_adventure:icons"},{"translate": "crazy_adventure","italic": true,"color": "blue"}]]}},"click_event": {"action": "show_dialog","dialog": "crazy_adventure:manual/page_12"}},
				"\"\"",
				{"text": "$$聇","hover_event": {"action": "show_item","id": "netherite_helmet","components": {"custom_data": {"smithed": {"dict": {"armor": {"californium": true,"helmet": true}},"ignore": {"functionality": true,"crafting": true}},"crazy_adventure": {"californium_helmet": true}},"max_damage": 814,"attribute_modifiers": [{"type": "armor","amount": 6.0,"operation": "add_value","slot": "head","id": "crazy_adventure:armor.head"},{"type": "armor_toughness","amount": 3,"operation": "add_value","slot": "head","id": "crazy_adventure:armor_toughness.head"},{"type": "knockback_resistance","amount": 0.1,"operation": "add_value","slot": "head","id": "crazy_adventure:knockback_resistance.head"}],"item_model": "crazy_adventure:californium_helmet","item_name": {"translate": "crazy_adventure.californium_helmet"},"lore": [["",{"text": "I","color": "white","italic": false,"font": "crazy_adventure:icons"},{"translate": "crazy_adventure","italic": true,"color": "blue"}]]}}},
				"#$\n\"",
				{"text": "U$","hover_event": {"action": "show_item","id": "command_block","components": {"custom_data": {"smithed": {"dict": {"ingot": {"californium": true}},"ignore": {"functionality": true,"crafting": true}},"crazy_adventure": {"californium_ingot": true}},"item_model": "crazy_adventure:californium_ingot","item_name": {"translate": "crazy_adventure.californium_ingot"},"lore": [["",{"text": "I","color": "white","italic": false,"font": "crazy_adventure:icons"},{"translate": "crazy_adventure","italic": true,"color": "blue"}]]}},"click_event": {"action": "show_dialog","dialog": "crazy_adventure:manual/page_12"}},
				"U$",
				{"text": "U$","hover_event": {"action": "show_item","id": "command_block","components": {"custom_data": {"smithed": {"dict": {"ingot": {"californium": true}},"ignore": {"functionality": true,"crafting": true}},"crazy_adventure": {"californium_ingot": true}},"item_model": "crazy_adventure:californium_ingot","item_name": {"translate": "crazy_adventure.californium_ingot"},"lore": [["",{"text": "I","color": "white","italic": false,"font": "crazy_adventure:icons"},{"translate": "crazy_adventure","italic": true,"color": "blue"}]]}},"click_event": {"action": "show_dialog","dialog": "crazy_adventure:manual/page_12"}},
				"\"\"",
				{"text": "U$","hover_event": {"action": "show_item","id": "netherite_helmet","components": {"custom_data": {"smithed": {"dict": {"armor": {"californium": true,"helmet": true}},"ignore": {"functionality": true,"crafting": true}},"crazy_adventure": {"californium_helmet": true}},"max_damage": 814,"attribute_modifiers": [{"type": "armor","amount": 6.0,"operation": "add_value","slot": "head","id": "crazy_adventure:armor.head"},{"type": "armor_toughness","amount": 3,"operation": "add_value","slot": "head","id": "crazy_adventure:armor_toughness.head"},{"type": "knockback_resistance","amount": 0.1,"operation": "add_value","slot": "head","id": "crazy_adventure:knockback_resistance.head"}],"item_model": "crazy_adventure:californium_helmet","item_name": {"translate": "crazy_adventure.californium_helmet"},"lore": [["",{"text": "I","color": "white","italic": false,"font": "crazy_adventure:icons"},{"translate": "crazy_adventure","italic": true,"color": "blue"}]]}}},
				"#$\n\n\n\n",
				{"text": "2##","hover_event": {"action": "show_text","value": [{"text": ""},[{"text": "","font": "crazy_adventure:manual","color": "white"},"\"F\n","\"",{"text": "$耫"},{"text": "$耫"},{"text": "$耫"},"\n","\"",{"text": "U$"},{"text": "U$"},{"text": "U$"},"\n","\"",{"text": "$耫"},"U$",{"text": "$耫"},"\"\"",{"text": "$$聇"},"\n","\"",{"text": "U$"},"U$",{"text": "U$"},"\"\"",{"text": "U$"},"\n","\n\n"],{"text": "\n- x5 ","color": "gray"},{"translate": "crazy_adventure.californium_ingot","color": "gray"}]},"priority": 0,"click_event": {"action": "show_dialog","dialog": "crazy_adventure:manual/page_12"}},
				{"text": "腪\n","hover_event": {"action": "show_text","value": [{"text": ""},[{"text": "","font": "crazy_adventure:manual","color": "white"},"\"G\n","\"",{"text": "$聇"},"\n","\"",{"text": "U$"},"\n","\"\"\"\"U$U$",{"text": "$$耭"},"\n","\"\"\"\"U$U$",{"text": "U$"},"\n","\n\n"],{"translate": "crazy_adventure.smelting","color": "yellow"},{"text": "\n- x1 ","color": "gray"},{"translate": "crazy_adventure.californium_helmet","color": "gray"}]},"click_event": {"action": "show_dialog","dialog": "crazy_adventure:manual/page_13"}},
				{"text": "0##","hover_event": {"action": "show_text","value": [{"text": ""},[{"text": "","font": "crazy_adventure:manual","color": "white"},"\"F\n","\"",{"text": "$耫"},{"text": "$耫"},{"text": "$耫"},"\n","\"",{"text": "U$"},{"text": "U$"},{"text": "U$"},"\n","\"",{"text": "$耫"},"U$",{"text": "$耫"},"\"\"",{"text": "$$聇"},"\n","\"",{"text": "U$"},"U$",{"text": "U$"},"\"\"",{"text": "U$"},"\n","\n\n"],{"text": "\n- x5 ","color": "gray"},{"translate": "crazy_adventure.californium_ingot","color": "gray"}]},"priority": 0,"click_event": {"action": "show_dialog","dialog": "crazy_adventure:manual/page_12"}},
				{"text": "0","hover_event": {"action": "show_text","value": [{"text": ""},[{"text": "","font": "crazy_adventure:manual","color": "white"},"\"G\n","\"",{"text": "$聇"},"\n","\"",{"text": "U$"},"\n","\"\"\"\"U$U$",{"text": "$$耭"},"\n","\"\"\"\"U$U$",{"text": "U$"},"\n","\n\n"],{"translate": "crazy_adventure.smelting","color": "yellow"},{"text": "\n- x1 ","color": "gray"},{"translate": "crazy_adventure.californium_helmet","color": "gray"}]},"click_event": {"action": "show_dialog","dialog": "crazy_adventure:manual/page_13"}},
				"\n\n\n\n\n\n\n\n\n\n\n\n\n\n\n\n"
			],
			"width": 140
		}
	]
}
