{
	"type": "minecraft:notice",
	"title": {
		"translate": "crazy_adventure.category_browser",
		"underlined": true
	},
	"body": [
		{
			"type": "minecraft:plain_message",
			"contents": [
				{"text": "V   ","font": "crazy_adventure:manual","color": "white"},
				{"text": "\n   ","click_event": {"action": "show_dialog","dialog": "crazy_adventure:manual/page_2"},"hover_event": {"action": "show_text","value": [{"translate": "crazy_adventure.go_to_previous_page"}," (2)"]}},
				" ",
				{"text": "   ","click_event": {"action": "show_dialog","dialog": "crazy_adventure:manual/page_4"},"hover_event": {"action": "show_text","value": [{"translate": "crazy_adventure.go_to_next_page"}," (4)"]}},
				{"text": "\n   ","click_event": {"action": "show_dialog","dialog": "crazy_adventure:manual/page_2"},"hover_event": {"action": "show_text","value": [{"translate": "crazy_adventure.go_to_previous_page"}," (2)"]}},
				" ",
				{"text": "   ","click_event": {"action": "show_dialog","dialog": "crazy_adventure:manual/page_4"},"hover_event": {"action": "show_text","value": [{"translate": "crazy_adventure.go_to_next_page"}," (4)"]}}
			],
			"width": 400
		},
		{
			"type": "minecraft:plain_message",
			"contents": [
				{"text": "","font": "crazy_adventure:manual","color": "white","shadow_color": [0,0,0,0]},
				"\"အ\n\"",
				{"text": "$耡","hover_event": {"action": "show_item","id": "command_block","components": {"custom_data": {"smithed": {"dict": {"ingot": {"uranium": true}},"ignore": {"functionality": true,"crafting": true}},"crazy_adventure": {"uranium_ingot": true}},"item_model": "crazy_adventure:uranium_ingot","item_name": {"translate": "crazy_adventure.material","color": "white"},"lore": [["",{"text": "I","color": "white","italic": false,"font": "crazy_adventure:icons"},{"translate": "crazy_adventure.crazy","color": "green"},{"translate": "crazy_adventure.adventure","color": "gray"}]]}},"click_event": {"action": "show_dialog","dialog": "crazy_adventure:manual/page_4"}},
				{"text": "$耷","hover_event": {"action": "show_item","id": "diamond_helmet","components": {"custom_data": {"smithed": {"dict": {"armor": {"uranium": true,"helmet": true}},"ignore": {"functionality": true,"crafting": true}},"crazy_adventure": {"radiation": 150,"uranium_helmet": true}},"max_damage": 544,"attribute_modifiers": [{"type": "armor","amount": 3.5,"operation": "add_value","slot": "head","id": "crazy_adventure:armor.head"},{"type": "armor_toughness","amount": 2,"operation": "add_value","slot": "head","id": "crazy_adventure:armor_toughness.head"}],"item_model": "crazy_adventure:uranium_helmet","item_name": {"translate": "crazy_adventure.equipment","color": "white"},"lore": [["",{"text": "I","color": "white","italic": false,"font": "crazy_adventure:icons"},{"translate": "crazy_adventure.crazy","color": "green"},{"translate": "crazy_adventure.adventure","color": "gray"}]]}},"click_event": {"action": "show_dialog","dialog": "crazy_adventure:manual/page_5"}},
				{"text": "$聧","hover_event": {"action": "show_item","id": "warped_fungus_on_a_stick","components": {"tooltip_display": {"hidden_components": ["minecraft:unbreakable"]},"lore": [{"translate": "crazy_adventure.allows_you_to_know_your_radiation_amount","italic": false,"color": "gray"},{"translate": "crazy_adventure.hold_in_offhand","italic": false,"color": "white"},["",{"text": "I","color": "white","italic": false,"font": "crazy_adventure:icons"},{"translate": "crazy_adventure.crazy","color": "green"},{"translate": "crazy_adventure.adventure","color": "gray"}]],"item_model": "crazy_adventure:geiger_counter","item_name": {"translate": "crazy_adventure.miscellaneous","color": "white"},"custom_data": {"crazy_adventure": {"geiger_counter": true},"smithed": {"ignore": {"functionality": true,"crafting": true}}}}},"click_event": {"action": "show_dialog","dialog": "crazy_adventure:manual/page_6"}},
				{"text": "$聽","hover_event": {"action": "show_item","id": "furnace","components": {"custom_data": {"energy": {"generation": 150,"max_storage": 30000},"crazy_adventure": {"nuclear_reactor": true},"smithed": {"ignore": {"functionality": true,"crafting": true}}},"item_model": "crazy_adventure:nuclear_reactor","item_name": {"translate": "crazy_adventure.generator","color": "white"},"lore": [["",{"text": "I","color": "white","italic": false,"font": "crazy_adventure:icons"},{"translate": "crazy_adventure.crazy","color": "green"},{"translate": "crazy_adventure.adventure","color": "gray"}]],"container": [{"slot": 0,"item": {"id": "minecraft:stone","count": 1,"components": {"minecraft:custom_data": {"smithed": {"block": {"id": "crazy_adventure:nuclear_reactor","from": "crazy_adventure"}}}}}}],"tooltip_display": {"hidden_components": ["minecraft:container"]}}},"click_event": {"action": "show_dialog","dialog": "crazy_adventure:manual/page_7"}},
				{"text": "$肅","hover_event": {"action": "show_item","id": "furnace","components": {"custom_data": {"energy": {"storage": 0,"max_storage": 150000},"crazy_adventure": {"uranium_battery": true},"smithed": {"ignore": {"functionality": true,"crafting": true}}},"item_model": "crazy_adventure:uranium_battery","item_name": {"translate": "crazy_adventure.energy","color": "white"},"lore": [["",{"text": "I","color": "white","italic": false,"font": "crazy_adventure:icons"},{"translate": "crazy_adventure.crazy","color": "green"},{"translate": "crazy_adventure.adventure","color": "gray"}]],"container": [{"slot": 0,"item": {"id": "minecraft:stone","count": 1,"components": {"minecraft:custom_data": {"smithed": {"block": {"id": "crazy_adventure:uranium_battery","from": "crazy_adventure"}}}}}}],"tooltip_display": {"hidden_components": ["minecraft:container"]}}},"click_event": {"action": "show_dialog","dialog": "crazy_adventure:manual/page_8"}},
				"#\n\"",
				{"text": "!","hover_event": {"action": "show_item","id": "command_block","components": {"custom_data": {"smithed": {"dict": {"ingot": {"uranium": true}},"ignore": {"functionality": true,"crafting": true}},"crazy_adventure": {"uranium_ingot": true}},"item_model": "crazy_adventure:uranium_ingot","item_name": {"translate": "crazy_adventure.material","color": "white"},"lore": [["",{"text": "I","color": "white","italic": false,"font": "crazy_adventure:icons"},{"translate": "crazy_adventure.crazy","color": "green"},{"translate": "crazy_adventure.adventure","color": "gray"}]]}},"click_event": {"action": "show_dialog","dialog": "crazy_adventure:manual/page_4"}},
				{"text": "!","hover_event": {"action": "show_item","id": "diamond_helmet","components": {"custom_data": {"smithed": {"dict": {"armor": {"uranium": true,"helmet": true}},"ignore": {"functionality": true,"crafting": true}},"crazy_adventure": {"radiation": 150,"uranium_helmet": true}},"max_damage": 544,"attribute_modifiers": [{"type": "armor","amount": 3.5,"operation": "add_value","slot": "head","id": "crazy_adventure:armor.head"},{"type": "armor_toughness","amount": 2,"operation": "add_value","slot": "head","id": "crazy_adventure:armor_toughness.head"}],"item_model": "crazy_adventure:uranium_helmet","item_name": {"translate": "crazy_adventure.equipment","color": "white"},"lore": [["",{"text": "I","color": "white","italic": false,"font": "crazy_adventure:icons"},{"translate": "crazy_adventure.crazy","color": "green"},{"translate": "crazy_adventure.adventure","color": "gray"}]]}},"click_event": {"action": "show_dialog","dialog": "crazy_adventure:manual/page_5"}},
				{"text": "!","hover_event": {"action": "show_item","id": "warped_fungus_on_a_stick","components": {"tooltip_display": {"hidden_components": ["minecraft:unbreakable"]},"lore": [{"translate": "crazy_adventure.allows_you_to_know_your_radiation_amount","italic": false,"color": "gray"},{"translate": "crazy_adventure.hold_in_offhand","italic": false,"color": "white"},["",{"text": "I","color": "white","italic": false,"font": "crazy_adventure:icons"},{"translate": "crazy_adventure.crazy","color": "green"},{"translate": "crazy_adventure.adventure","color": "gray"}]],"item_model": "crazy_adventure:geiger_counter","item_name": {"translate": "crazy_adventure.miscellaneous","color": "white"},"custom_data": {"crazy_adventure": {"geiger_counter": true},"smithed": {"ignore": {"functionality": true,"crafting": true}}}}},"click_event": {"action": "show_dialog","dialog": "crazy_adventure:manual/page_6"}},
				{"text": "!","hover_event": {"action": "show_item","id": "furnace","components": {"custom_data": {"energy": {"generation": 150,"max_storage": 30000},"crazy_adventure": {"nuclear_reactor": true},"smithed": {"ignore": {"functionality": true,"crafting": true}}},"item_model": "crazy_adventure:nuclear_reactor","item_name": {"translate": "crazy_adventure.generator","color": "white"},"lore": [["",{"text": "I","color": "white","italic": false,"font": "crazy_adventure:icons"},{"translate": "crazy_adventure.crazy","color": "green"},{"translate": "crazy_adventure.adventure","color": "gray"}]],"container": [{"slot": 0,"item": {"id": "minecraft:stone","count": 1,"components": {"minecraft:custom_data": {"smithed": {"block": {"id": "crazy_adventure:nuclear_reactor","from": "crazy_adventure"}}}}}}],"tooltip_display": {"hidden_components": ["minecraft:container"]}}},"click_event": {"action": "show_dialog","dialog": "crazy_adventure:manual/page_7"}},
				{"text": "!","hover_event": {"action": "show_item","id": "furnace","components": {"custom_data": {"energy": {"storage": 0,"max_storage": 150000},"crazy_adventure": {"uranium_battery": true},"smithed": {"ignore": {"functionality": true,"crafting": true}}},"item_model": "crazy_adventure:uranium_battery","item_name": {"translate": "crazy_adventure.energy","color": "white"},"lore": [["",{"text": "I","color": "white","italic": false,"font": "crazy_adventure:icons"},{"translate": "crazy_adventure.crazy","color": "green"},{"translate": "crazy_adventure.adventure","color": "gray"}]],"container": [{"slot": 0,"item": {"id": "minecraft:stone","count": 1,"components": {"minecraft:custom_data": {"smithed": {"block": {"id": "crazy_adventure:uranium_battery","from": "crazy_adventure"}}}}}}],"tooltip_display": {"hidden_components": ["minecraft:container"]}}},"click_event": {"action": "show_dialog","dialog": "crazy_adventure:manual/page_8"}},
				"#\n\"",
				{"text": "$肝","hover_event": {"action": "show_item","id": "item_frame","components": {"lore": [{"translate": "crazy_adventure.gives_40bq_to_your_body","italic": false,"color": "gray"},["",{"text": "I","color": "white","italic": false,"font": "crazy_adventure:icons"},{"translate": "crazy_adventure.crazy","color": "green"},{"translate": "crazy_adventure.adventure","color": "gray"}]],"item_model": "crazy_adventure:banana_sapling","item_name": {"translate": "crazy_adventure.radiactivity","color": "white"},"custom_data": {"crazy_adventure": {"banana_sapling": true},"smithed": {"ignore": {"functionality": true,"crafting": true}}},"entity_data": {"id": "minecraft:item_frame","Tags": ["crazy_adventure.new","crazy_adventure.banana_sapling"],"Invisible": true,"Silent": true}}},"click_event": {"action": "show_dialog","dialog": "crazy_adventure:manual/page_9"}},
				"!!!!#\n\"",
				{"text": "!","hover_event": {"action": "show_item","id": "item_frame","components": {"lore": [{"translate": "crazy_adventure.gives_40bq_to_your_body","italic": false,"color": "gray"},["",{"text": "I","color": "white","italic": false,"font": "crazy_adventure:icons"},{"translate": "crazy_adventure.crazy","color": "green"},{"translate": "crazy_adventure.adventure","color": "gray"}]],"item_model": "crazy_adventure:banana_sapling","item_name": {"translate": "crazy_adventure.radiactivity","color": "white"},"custom_data": {"crazy_adventure": {"banana_sapling": true},"smithed": {"ignore": {"functionality": true,"crafting": true}}},"entity_data": {"id": "minecraft:item_frame","Tags": ["crazy_adventure.new","crazy_adventure.banana_sapling"],"Invisible": true,"Silent": true}}},"click_event": {"action": "show_dialog","dialog": "crazy_adventure:manual/page_9"}},
				"!!!!#\n",
				"\n\n\n\n\n\n\n\n\n\n\n\n\n\n\n\n\n\n\n\n"
			],
			"width": 140
		}
	]
}
