{
	"type": "minecraft:notice",
	"title": [
		"",
		{
			"sprite": "crazy_adventure:item/dialog_sprite/boss_altar",
			"shadow_color": [
				0,
				0,
				0,
				0
			],
			"atlas": "minecraft:items"
		},
		" ",
		{
			"translate": "crazy_adventure.boss_altar",
			"underlined": true
		},
		" ",
		{
			"sprite": "crazy_adventure:item/dialog_sprite/boss_altar",
			"shadow_color": [
				0,
				0,
				0,
				0
			],
			"atlas": "minecraft:items"
		}
	],
	"body": [
		{
			"type": "minecraft:plain_message",
			"contents": [
				{"text": "V   ","font": "crazy_adventure:manual","color": "white"},
				{"text": "\n   ","click_event": {"action": "show_dialog","dialog": "crazy_adventure:manual/page_52"},"hover_event": {"action": "show_text","value": [{"translate": "crazy_adventure.go_to_previous_page"}," (52)"]}},
				" ",
				{"text": "   ","click_event": {"action": "show_dialog","dialog": "crazy_adventure:manual/page_54"},"hover_event": {"action": "show_text","value": [{"translate": "crazy_adventure.go_to_next_page"}," (54)"]}},
				{"text": "\n   ","click_event": {"action": "show_dialog","dialog": "crazy_adventure:manual/page_52"},"hover_event": {"action": "show_text","value": [{"translate": "crazy_adventure.go_to_previous_page"}," (52)"]}},
				" ",
				{"text": "   ","click_event": {"action": "show_dialog","dialog": "crazy_adventure:manual/page_54"},"hover_event": {"action": "show_text","value": [{"translate": "crazy_adventure.go_to_next_page"}," (54)"]}}
			],
			"width": 400
		},
		{
			"type": "minecraft:plain_message",
			"contents": [
				{"text": "","font": "crazy_adventure:manual","color": "white","shadow_color": [0,0,0,0]},
				"\"$6\n\"",
				{"text": "$艾","hover_event": {"action": "show_item","id": "minecraft:black_candle","components": {}}},
				{"text": "$艿","hover_event": {"action": "show_item","id": "minecraft:wither_skeleton_skull","components": {}}},
				{"text": "$艾","hover_event": {"action": "show_item","id": "minecraft:black_candle","components": {}}},
				"  \n\"",
				{"text": "U$","hover_event": {"action": "show_item","id": "minecraft:black_candle","components": {}}},
				{"text": "U$","hover_event": {"action": "show_item","id": "minecraft:wither_skeleton_skull","components": {}}},
				{"text": "U$","hover_event": {"action": "show_item","id": "minecraft:black_candle","components": {}}},
				"  \n\"",
				{"text": "$艾","hover_event": {"action": "show_item","id": "minecraft:black_candle","components": {}}},
				{"text": "$聧","hover_event": {"action": "show_item","id": "command_block","components": {"tooltip_display": {"hidden_components": ["minecraft:unbreakable"]},"item_model": "crazy_adventure:uranium_core","item_name": {"translate": "crazy_adventure.uranium_core"},"lore": [["",{"text": "I","color": "white","italic": false,"font": "crazy_adventure:icons"},{"translate": "crazy_adventure.crazy","color": "green"},{"translate": "crazy_adventure.adventure","color": "gray"}]],"custom_data": {"crazy_adventure": {"uranium_core": true},"smithed": {"ignore": {"functionality": true,"crafting": true}}}}},"click_event": {"action": "show_dialog","dialog": "crazy_adventure:manual/page_44"}},
				{"text": "$艾","hover_event": {"action": "show_item","id": "minecraft:black_candle","components": {}}},
				"\"\"",
				{"text": "$$聹","hover_event": {"action": "show_item","id": "furnace","components": {"lore": [{"translate": "crazy_adventure.kill_mobs_while_holding_in_offhand","italic": false,"color": "gray"},{"translate": "crazy_adventure.when_full_can_be_drop_on_boss_altar_to_spawn_it","italic": false,"color": "gray"},["",{"text": "I","color": "white","italic": false,"font": "crazy_adventure:icons"},{"translate": "crazy_adventure.crazy","color": "green"},{"translate": "crazy_adventure.adventure","color": "gray"}]],"item_model": "crazy_adventure:boss_altar","item_name": {"translate": "crazy_adventure.boss_altar"},"custom_data": {"crazy_adventure": {"boss_altar": true},"smithed": {"ignore": {"functionality": true,"crafting": true}}},"container": [{"slot": 0,"item": {"id": "minecraft:stone","count": 1,"components": {"minecraft:custom_data": {"smithed": {"block": {"id": "crazy_adventure:boss_altar","from": "crazy_adventure"}}}}}}],"tooltip_display": {"hidden_components": ["minecraft:container"]}}}},
				"#$\n\"",
				{"text": "U$","hover_event": {"action": "show_item","id": "minecraft:black_candle","components": {}}},
				{"text": "U$","hover_event": {"action": "show_item","id": "command_block","components": {"tooltip_display": {"hidden_components": ["minecraft:unbreakable"]},"item_model": "crazy_adventure:uranium_core","item_name": {"translate": "crazy_adventure.uranium_core"},"lore": [["",{"text": "I","color": "white","italic": false,"font": "crazy_adventure:icons"},{"translate": "crazy_adventure.crazy","color": "green"},{"translate": "crazy_adventure.adventure","color": "gray"}]],"custom_data": {"crazy_adventure": {"uranium_core": true},"smithed": {"ignore": {"functionality": true,"crafting": true}}}}},"click_event": {"action": "show_dialog","dialog": "crazy_adventure:manual/page_44"}},
				{"text": "U$","hover_event": {"action": "show_item","id": "minecraft:black_candle","components": {}}},
				"\"\"",
				{"text": "U$","hover_event": {"action": "show_item","id": "furnace","components": {"lore": [{"translate": "crazy_adventure.kill_mobs_while_holding_in_offhand","italic": false,"color": "gray"},{"translate": "crazy_adventure.when_full_can_be_drop_on_boss_altar_to_spawn_it","italic": false,"color": "gray"},["",{"text": "I","color": "white","italic": false,"font": "crazy_adventure:icons"},{"translate": "crazy_adventure.crazy","color": "green"},{"translate": "crazy_adventure.adventure","color": "gray"}]],"item_model": "crazy_adventure:boss_altar","item_name": {"translate": "crazy_adventure.boss_altar"},"custom_data": {"crazy_adventure": {"boss_altar": true},"smithed": {"ignore": {"functionality": true,"crafting": true}}},"container": [{"slot": 0,"item": {"id": "minecraft:stone","count": 1,"components": {"minecraft:custom_data": {"smithed": {"block": {"id": "crazy_adventure:boss_altar","from": "crazy_adventure"}}}}}}],"tooltip_display": {"hidden_components": ["minecraft:container"]}}}},
				"#$\n\"",
				{"text": "$艾","hover_event": {"action": "show_item","id": "minecraft:black_candle","components": {}}},
				{"text": "$芁","hover_event": {"action": "show_item","id": "minecraft:charcoal","components": {}}},
				{"text": "$艾","hover_event": {"action": "show_item","id": "minecraft:black_candle","components": {}}},
				"  \n\"",
				{"text": "U$","hover_event": {"action": "show_item","id": "minecraft:black_candle","components": {}}},
				{"text": "U$","hover_event": {"action": "show_item","id": "minecraft:charcoal","components": {}}},
				{"text": "U$","hover_event": {"action": "show_item","id": "minecraft:black_candle","components": {}}},
				"  \n\n",
				{"text": "1##","hover_event": {"action": "show_text","value": [{"translate": "crazy_adventure.texture_was_made_before_they_add_the_bundle","color": "green"},{"translate": "crazy_adventure.kill_100_mobs_to_spawn_the_boss_with_boss_altar","color": "gray"}]}},
				{"text": "2\n","hover_event": {"action": "show_text","value": [{"text": ""},[{"text": "","font": "crazy_adventure:manual","color": "white"},"\"F\n","\"",{"text": "$艾"},{"text": "$艿"},{"text": "$艾"},"\n","\"",{"text": "U$"},{"text": "U$"},{"text": "U$"},"\n","\"",{"text": "$艾"},{"text": "$聧"},{"text": "$艾"},"\"\"",{"text": "$$聹"},"\n","\"",{"text": "U$"},{"text": "U$"},{"text": "U$"},"\"\"",{"text": "U$"},"\n","\"",{"text": "$艾"},{"text": "$芁"},{"text": "$艾"},"\n","\"",{"text": "U$"},{"text": "U$"},{"text": "U$"},"\n"],{"text": "\n- x6 ","color": "gray"},{"translate": "crazy_adventure.black_candle","color": "gray"},{"text": "\n- x1 ","color": "gray"},{"translate": "crazy_adventure.wither_skeleton_skull","color": "gray"},{"text": "\n- x1 ","color": "gray"},{"translate": "crazy_adventure.uranium_core","color": "gray"},{"text": "\n- x1 ","color": "gray"},{"translate": "crazy_adventure.charcoal","color": "gray"}]}},
				{"text": "0##","hover_event": {"action": "show_text","value": [{"translate": "crazy_adventure.texture_was_made_before_they_add_the_bundle","color": "green"},{"translate": "crazy_adventure.kill_100_mobs_to_spawn_the_boss_with_boss_altar","color": "gray"}]}},
				{"text": "0","hover_event": {"action": "show_text","value": [{"text": ""},[{"text": "","font": "crazy_adventure:manual","color": "white"},"\"F\n","\"",{"text": "$艾"},{"text": "$艿"},{"text": "$艾"},"\n","\"",{"text": "U$"},{"text": "U$"},{"text": "U$"},"\n","\"",{"text": "$艾"},{"text": "$聧"},{"text": "$艾"},"\"\"",{"text": "$$聹"},"\n","\"",{"text": "U$"},{"text": "U$"},{"text": "U$"},"\"\"",{"text": "U$"},"\n","\"",{"text": "$艾"},{"text": "$芁"},{"text": "$艾"},"\n","\"",{"text": "U$"},{"text": "U$"},{"text": "U$"},"\n"],{"text": "\n- x6 ","color": "gray"},{"translate": "crazy_adventure.black_candle","color": "gray"},{"text": "\n- x1 ","color": "gray"},{"translate": "crazy_adventure.wither_skeleton_skull","color": "gray"},{"text": "\n- x1 ","color": "gray"},{"translate": "crazy_adventure.uranium_core","color": "gray"},{"text": "\n- x1 ","color": "gray"},{"translate": "crazy_adventure.charcoal","color": "gray"}]}},
				"\n\n\n\n\n\n\n\n\n\n\n\n\n\n\n\n"
			],
			"width": 140
		}
	]
}
