{
	"type": "minecraft:dialog_list",
	"title": [
		"",
		{"sprite": "crazy_adventure:item/dialog_sprite/pack_icon","shadow_color": [0,0,0,0],"atlas": "minecraft:items"},
		" ",
		{"translate": "crazy_adventure_manual","underlined": true},
		" ",
		{"sprite": "crazy_adventure:item/dialog_sprite/pack_icon","shadow_color": [0,0,0,0],"atlas": "minecraft:items"}
	],
	"dialogs": [
		"crazy_adventure:manual/page_1",
		"crazy_adventure:manual/page_2",
		"crazy_adventure:manual/page_3",
		"crazy_adventure:manual/page_4",
		"crazy_adventure:manual/page_5",
		"crazy_adventure:manual/page_6",
		"crazy_adventure:manual/page_7",
		"crazy_adventure:manual/page_8",
		"crazy_adventure:manual/page_9",
		"crazy_adventure:manual/page_10",
		"crazy_adventure:manual/page_11",
		"crazy_adventure:manual/page_12",
		"crazy_adventure:manual/page_13",
		"crazy_adventure:manual/page_14",
		"crazy_adventure:manual/page_15",
		"crazy_adventure:manual/page_16",
		"crazy_adventure:manual/page_17",
		"crazy_adventure:manual/page_18",
		"crazy_adventure:manual/page_19",
		"crazy_adventure:manual/page_20",
		"crazy_adventure:manual/page_21",
		"crazy_adventure:manual/page_22",
		"crazy_adventure:manual/page_23",
		"crazy_adventure:manual/page_24",
		"crazy_adventure:manual/page_25",
		"crazy_adventure:manual/page_26",
		"crazy_adventure:manual/page_27",
		"crazy_adventure:manual/page_28",
		"crazy_adventure:manual/page_29",
		"crazy_adventure:manual/page_30",
		"crazy_adventure:manual/page_31",
		"crazy_adventure:manual/page_32",
		"crazy_adventure:manual/page_33",
		"crazy_adventure:manual/page_34",
		"crazy_adventure:manual/page_35",
		"crazy_adventure:manual/page_36",
		"crazy_adventure:manual/page_37",
		"crazy_adventure:manual/page_38",
		"crazy_adventure:manual/page_39",
		"crazy_adventure:manual/page_40",
		"crazy_adventure:manual/page_41",
		"crazy_adventure:manual/page_42",
		"crazy_adventure:manual/page_43",
		"crazy_adventure:manual/page_44",
		"crazy_adventure:manual/page_45",
		"crazy_adventure:manual/page_46",
		"crazy_adventure:manual/page_47",
		"crazy_adventure:manual/page_48",
		"crazy_adventure:manual/page_49",
		"crazy_adventure:manual/page_50",
		"crazy_adventure:manual/page_51",
		"crazy_adventure:manual/page_52",
		"crazy_adventure:manual/page_53",
		"crazy_adventure:manual/page_54",
		"crazy_adventure:manual/page_55",
		"crazy_adventure:manual/page_56",
		"crazy_adventure:manual/page_57",
		"crazy_adventure:manual/page_58",
		"crazy_adventure:manual/page_59",
		"crazy_adventure:manual/page_60",
		"crazy_adventure:manual/page_61",
		"crazy_adventure:manual/page_62",
		"crazy_adventure:manual/page_63",
		"crazy_adventure:manual/page_64",
		"crazy_adventure:manual/page_65",
		"crazy_adventure:manual/page_66",
		"crazy_adventure:manual/page_67",
		"crazy_adventure:manual/page_68",
		"crazy_adventure:manual/page_69",
		"crazy_adventure:manual/page_70",
		"crazy_adventure:manual/page_71",
		"crazy_adventure:manual/page_72",
		"crazy_adventure:manual/page_73",
		"crazy_adventure:manual/page_74",
		"crazy_adventure:manual/page_75",
		"crazy_adventure:manual/page_76",
		"crazy_adventure:manual/page_77",
		"crazy_adventure:manual/page_78",
		"crazy_adventure:manual/page_79",
		"crazy_adventure:manual/page_80",
		"crazy_adventure:manual/page_81",
		"crazy_adventure:manual/page_82",
		"crazy_adventure:manual/page_83",
		"crazy_adventure:manual/page_84"
	],
	"exit_action": {
		"label": {"translate": "gui.back"},
		"width": 200
	}
}
