{
  "pools": [
    {
      "rolls": 1,
      "entries": [
        {
          "type": "minecraft:item",
          "name": "minecraft:command_block",
          "functions": [
            {
              "function": "minecraft:set_components",
              "components": {
                "minecraft:item_name": {
                  "translate": "crazy_adventure.elite_cable"
                },
                "minecraft:lore": [
                  {
                    "translate": "crazy_adventure.simplenergy",
                    "italic": true,
                    "color": "blue"
                  }
                ],
                "minecraft:custom_data": {
                  "simplenergy": {
                    "elite_cable": true
                  }
                }
              }
            }
          ]
        }
      ]
    }
  ]
}
