{
  "type": "minecraft:dialog_list",
  "title": [
    "",
    {
      "sprite": "crazy_adventure:item/dialog_sprite/pack_icon",
      "shadow_color": [
        0,
        0,
        0,
        0
      ],
      "atlas": "minecraft:items"
    },
    " ",
    {
      "translate": "crazy_adventure_manual",
      "underlined": true
    },
    " ",
    {
      "sprite": "crazy_adventure:item/dialog_sprite/pack_icon",
      "shadow_color": [
        0,
        0,
        0,
        0
      ],
      "atlas": "minecraft:items"
    }
  ],
  "dialogs": [
    "crazy_adventure:manual/page_1",
    "crazy_adventure:manual/page_2",
    "crazy_adventure:manual/page_3",
    "crazy_adventure:manual/page_4",
    "crazy_adventure:manual/page_5",
    "crazy_adventure:manual/page_6",
    "crazy_adventure:manual/page_7",
    "crazy_adventure:manual/page_8",
    "crazy_adventure:manual/page_9",
    "crazy_adventure:manual/page_10",
    "crazy_adventure:manual/page_11",
    "crazy_adventure:manual/page_12",
    "crazy_adventure:manual/page_13",
    "crazy_adventure:manual/page_14",
    "crazy_adventure:manual/page_15",
    "crazy_adventure:manual/page_16",
    "crazy_adventure:manual/page_17",
    "crazy_adventure:manual/page_18",
    "crazy_adventure:manual/page_19",
    "crazy_adventure:manual/page_20",
    "crazy_adventure:manual/page_21",
    "crazy_adventure:manual/page_22",
    "crazy_adventure:manual/page_23",
    "crazy_adventure:manual/page_24",
    "crazy_adventure:manual/page_25",
    "crazy_adventure:manual/page_26",
    "crazy_adventure:manual/page_27",
    "crazy_adventure:manual/page_28",
    "crazy_adventure:manual/page_29",
    "crazy_adventure:manual/page_30",
    "crazy_adventure:manual/page_31",
    "crazy_adventure:manual/page_32",
    "crazy_adventure:manual/page_33",
    "crazy_adventure:manual/page_34",
    "crazy_adventure:manual/page_35"
  ],
  "exit_action": {
    "label": {
      "translate": "gui.back"
    },
    "width": 200
  }
}
