{
	"type": "minecraft:notice",
	"title": [
		"",
		{
			"sprite": "crazy_adventure:item/dialog_sprite/uranium_leggings",
			"shadow_color": [
				0,
				0,
				0,
				0
			],
			"atlas": "minecraft:items"
		},
		" ",
		{
			"translate": "crazy_adventure.uranium_leggings",
			"underlined": true
		},
		" ",
		{
			"sprite": "crazy_adventure:item/dialog_sprite/uranium_leggings",
			"shadow_color": [
				0,
				0,
				0,
				0
			],
			"atlas": "minecraft:items"
		}
	],
	"body": [
		{
			"type": "minecraft:plain_message",
			"contents": [
				{"text": "V   ","font": "crazy_adventure:manual","color": "white"},
				{"text": "\n   ","click_event": {"action": "show_dialog","dialog": "crazy_adventure:manual/page_18"},"hover_event": {"action": "show_text","value": [{"translate": "crazy_adventure.go_to_previous_page"}," (18)"]}},
				" ",
				{"text": "   ","click_event": {"action": "show_dialog","dialog": "crazy_adventure:manual/page_20"},"hover_event": {"action": "show_text","value": [{"translate": "crazy_adventure.go_to_next_page"}," (20)"]}},
				{"text": "\n   ","click_event": {"action": "show_dialog","dialog": "crazy_adventure:manual/page_18"},"hover_event": {"action": "show_text","value": [{"translate": "crazy_adventure.go_to_previous_page"}," (18)"]}},
				" ",
				{"text": "   ","click_event": {"action": "show_dialog","dialog": "crazy_adventure:manual/page_20"},"hover_event": {"action": "show_text","value": [{"translate": "crazy_adventure.go_to_next_page"}," (20)"]}}
			],
			"width": 400
		},
		{
			"type": "minecraft:plain_message",
			"contents": [
				{"text": "","font": "crazy_adventure:manual","color": "white","shadow_color": [0,0,0,0]},
				"\"$6\n\"",
				{"text": "$耡$耡$耡","hover_event": {"action": "show_item","id": "command_block","components": {"custom_data": {"smithed": {"dict": {"ingot": {"uranium": true}},"ignore": {"functionality": true,"crafting": true}},"crazy_adventure": {"uranium_ingot": true}},"item_model": "crazy_adventure:uranium_ingot","item_name": {"translate": "crazy_adventure.uranium_ingot"},"lore": [["",{"text": "I","color": "white","italic": false,"font": "crazy_adventure:icons"},{"translate": "crazy_adventure","italic": true,"color": "blue"}]]}},"click_event": {"action": "show_dialog","dialog": "crazy_adventure:manual/page_7"}},
				"  \n\"",
				{"translate": "crazy_adventure.uuu","hover_event": {"action": "show_item","id": "command_block","components": {"custom_data": {"smithed": {"dict": {"ingot": {"uranium": true}},"ignore": {"functionality": true,"crafting": true}},"crazy_adventure": {"uranium_ingot": true}},"item_model": "crazy_adventure:uranium_ingot","item_name": {"translate": "crazy_adventure.uranium_ingot"},"lore": [["",{"text": "I","color": "white","italic": false,"font": "crazy_adventure:icons"},{"translate": "crazy_adventure","italic": true,"color": "blue"}]]}},"click_event": {"action": "show_dialog","dialog": "crazy_adventure:manual/page_7"}},
				"  \n\"",
				{"text": "$耡","hover_event": {"action": "show_item","id": "command_block","components": {"custom_data": {"smithed": {"dict": {"ingot": {"uranium": true}},"ignore": {"functionality": true,"crafting": true}},"crazy_adventure": {"uranium_ingot": true}},"item_model": "crazy_adventure:uranium_ingot","item_name": {"translate": "crazy_adventure.uranium_ingot"},"lore": [["",{"text": "I","color": "white","italic": false,"font": "crazy_adventure:icons"},{"translate": "crazy_adventure","italic": true,"color": "blue"}]]}},"click_event": {"action": "show_dialog","dialog": "crazy_adventure:manual/page_7"}},
				"U$",
				{"text": "$耡","hover_event": {"action": "show_item","id": "command_block","components": {"custom_data": {"smithed": {"dict": {"ingot": {"uranium": true}},"ignore": {"functionality": true,"crafting": true}},"crazy_adventure": {"uranium_ingot": true}},"item_model": "crazy_adventure:uranium_ingot","item_name": {"translate": "crazy_adventure.uranium_ingot"},"lore": [["",{"text": "I","color": "white","italic": false,"font": "crazy_adventure:icons"},{"translate": "crazy_adventure","italic": true,"color": "blue"}]]}},"click_event": {"action": "show_dialog","dialog": "crazy_adventure:manual/page_7"}},
				"\"\"",
				{"text": "$$耹","hover_event": {"action": "show_item","id": "diamond_leggings","components": {"custom_data": {"smithed": {"dict": {"armor": {"uranium": true,"leggings": true}},"ignore": {"functionality": true,"crafting": true}},"crazy_adventure": {"uranium_leggings": true}},"max_damage": 237,"attribute_modifiers": [{"type": "armor","amount": 6.5,"operation": "add_value","slot": "legs","id": "crazy_adventure:armor.legs"},{"type": "armor_toughness","amount": 2,"operation": "add_value","slot": "legs","id": "crazy_adventure:armor_toughness.legs"}],"item_model": "crazy_adventure:uranium_leggings","item_name": {"translate": "crazy_adventure.uranium_leggings"},"lore": [["",{"text": "I","color": "white","italic": false,"font": "crazy_adventure:icons"},{"translate": "crazy_adventure","italic": true,"color": "blue"}]]}}},
				"#$\n\"",
				{"text": "U$","hover_event": {"action": "show_item","id": "command_block","components": {"custom_data": {"smithed": {"dict": {"ingot": {"uranium": true}},"ignore": {"functionality": true,"crafting": true}},"crazy_adventure": {"uranium_ingot": true}},"item_model": "crazy_adventure:uranium_ingot","item_name": {"translate": "crazy_adventure.uranium_ingot"},"lore": [["",{"text": "I","color": "white","italic": false,"font": "crazy_adventure:icons"},{"translate": "crazy_adventure","italic": true,"color": "blue"}]]}},"click_event": {"action": "show_dialog","dialog": "crazy_adventure:manual/page_7"}},
				"U$",
				{"text": "U$","hover_event": {"action": "show_item","id": "command_block","components": {"custom_data": {"smithed": {"dict": {"ingot": {"uranium": true}},"ignore": {"functionality": true,"crafting": true}},"crazy_adventure": {"uranium_ingot": true}},"item_model": "crazy_adventure:uranium_ingot","item_name": {"translate": "crazy_adventure.uranium_ingot"},"lore": [["",{"text": "I","color": "white","italic": false,"font": "crazy_adventure:icons"},{"translate": "crazy_adventure","italic": true,"color": "blue"}]]}},"click_event": {"action": "show_dialog","dialog": "crazy_adventure:manual/page_7"}},
				"\"\"",
				{"text": "U$","hover_event": {"action": "show_item","id": "diamond_leggings","components": {"custom_data": {"smithed": {"dict": {"armor": {"uranium": true,"leggings": true}},"ignore": {"functionality": true,"crafting": true}},"crazy_adventure": {"uranium_leggings": true}},"max_damage": 237,"attribute_modifiers": [{"type": "armor","amount": 6.5,"operation": "add_value","slot": "legs","id": "crazy_adventure:armor.legs"},{"type": "armor_toughness","amount": 2,"operation": "add_value","slot": "legs","id": "crazy_adventure:armor_toughness.legs"}],"item_model": "crazy_adventure:uranium_leggings","item_name": {"translate": "crazy_adventure.uranium_leggings"},"lore": [["",{"text": "I","color": "white","italic": false,"font": "crazy_adventure:icons"},{"translate": "crazy_adventure","italic": true,"color": "blue"}]]}}},
				"#$\n\"",
				{"text": "$耡","hover_event": {"action": "show_item","id": "command_block","components": {"custom_data": {"smithed": {"dict": {"ingot": {"uranium": true}},"ignore": {"functionality": true,"crafting": true}},"crazy_adventure": {"uranium_ingot": true}},"item_model": "crazy_adventure:uranium_ingot","item_name": {"translate": "crazy_adventure.uranium_ingot"},"lore": [["",{"text": "I","color": "white","italic": false,"font": "crazy_adventure:icons"},{"translate": "crazy_adventure","italic": true,"color": "blue"}]]}},"click_event": {"action": "show_dialog","dialog": "crazy_adventure:manual/page_7"}},
				"U$",
				{"text": "$耡","hover_event": {"action": "show_item","id": "command_block","components": {"custom_data": {"smithed": {"dict": {"ingot": {"uranium": true}},"ignore": {"functionality": true,"crafting": true}},"crazy_adventure": {"uranium_ingot": true}},"item_model": "crazy_adventure:uranium_ingot","item_name": {"translate": "crazy_adventure.uranium_ingot"},"lore": [["",{"text": "I","color": "white","italic": false,"font": "crazy_adventure:icons"},{"translate": "crazy_adventure","italic": true,"color": "blue"}]]}},"click_event": {"action": "show_dialog","dialog": "crazy_adventure:manual/page_7"}},
				"  \n\"",
				{"text": "U$","hover_event": {"action": "show_item","id": "command_block","components": {"custom_data": {"smithed": {"dict": {"ingot": {"uranium": true}},"ignore": {"functionality": true,"crafting": true}},"crazy_adventure": {"uranium_ingot": true}},"item_model": "crazy_adventure:uranium_ingot","item_name": {"translate": "crazy_adventure.uranium_ingot"},"lore": [["",{"text": "I","color": "white","italic": false,"font": "crazy_adventure:icons"},{"translate": "crazy_adventure","italic": true,"color": "blue"}]]}},"click_event": {"action": "show_dialog","dialog": "crazy_adventure:manual/page_7"}},
				"U$",
				{"text": "U$","hover_event": {"action": "show_item","id": "command_block","components": {"custom_data": {"smithed": {"dict": {"ingot": {"uranium": true}},"ignore": {"functionality": true,"crafting": true}},"crazy_adventure": {"uranium_ingot": true}},"item_model": "crazy_adventure:uranium_ingot","item_name": {"translate": "crazy_adventure.uranium_ingot"},"lore": [["",{"text": "I","color": "white","italic": false,"font": "crazy_adventure:icons"},{"translate": "crazy_adventure","italic": true,"color": "blue"}]]}},"click_event": {"action": "show_dialog","dialog": "crazy_adventure:manual/page_7"}},
				"  \n\n",
				{"text": "2##","hover_event": {"action": "show_text","value": [{"text": ""},[{"text": "","font": "crazy_adventure:manual","color": "white"},"\"F\n","\"",{"text": "$耡"},{"text": "$耡"},{"text": "$耡"},"\n","\"",{"text": "U$"},{"text": "U$"},{"text": "U$"},"\n","\"",{"text": "$耡"},"U$",{"text": "$耡"},"\"\"",{"text": "$$耹"},"\n","\"",{"text": "U$"},"U$",{"text": "U$"},"\"\"",{"text": "U$"},"\n","\"",{"text": "$耡"},"U$",{"text": "$耡"},"\n","\"",{"text": "U$"},"U$",{"text": "U$"},"\n"],{"text": "\n- x7 ","color": "gray"},{"translate": "crazy_adventure.uranium_ingot","color": "gray"}]},"priority": 0,"click_event": {"action": "show_dialog","dialog": "crazy_adventure:manual/page_7"}},
				{"text": "脯\n","hover_event": {"action": "show_text","value": [{"text": ""},[{"text": "","font": "crazy_adventure:manual","color": "white"},"\"G\n","\"",{"text": "$耹"},"\n","\"",{"text": "U$"},"\n","\"\"\"\"U$U$",{"text": "$$耣"},"\n","\"\"\"\"U$U$",{"text": "U$"},"\n","\n\n"],{"translate": "crazy_adventure.smelting","color": "yellow"},{"text": "\n- x1 ","color": "gray"},{"translate": "crazy_adventure.uranium_leggings","color": "gray"}]},"click_event": {"action": "show_dialog","dialog": "crazy_adventure:manual/page_8"}},
				{"text": "0##","hover_event": {"action": "show_text","value": [{"text": ""},[{"text": "","font": "crazy_adventure:manual","color": "white"},"\"F\n","\"",{"text": "$耡"},{"text": "$耡"},{"text": "$耡"},"\n","\"",{"text": "U$"},{"text": "U$"},{"text": "U$"},"\n","\"",{"text": "$耡"},"U$",{"text": "$耡"},"\"\"",{"text": "$$耹"},"\n","\"",{"text": "U$"},"U$",{"text": "U$"},"\"\"",{"text": "U$"},"\n","\"",{"text": "$耡"},"U$",{"text": "$耡"},"\n","\"",{"text": "U$"},"U$",{"text": "U$"},"\n"],{"text": "\n- x7 ","color": "gray"},{"translate": "crazy_adventure.uranium_ingot","color": "gray"}]},"priority": 0,"click_event": {"action": "show_dialog","dialog": "crazy_adventure:manual/page_7"}},
				{"text": "0","hover_event": {"action": "show_text","value": [{"text": ""},[{"text": "","font": "crazy_adventure:manual","color": "white"},"\"G\n","\"",{"text": "$耹"},"\n","\"",{"text": "U$"},"\n","\"\"\"\"U$U$",{"text": "$$耣"},"\n","\"\"\"\"U$U$",{"text": "U$"},"\n","\n\n"],{"translate": "crazy_adventure.smelting","color": "yellow"},{"text": "\n- x1 ","color": "gray"},{"translate": "crazy_adventure.uranium_leggings","color": "gray"}]},"click_event": {"action": "show_dialog","dialog": "crazy_adventure:manual/page_8"}},
				"\n\n\n\n\n\n\n\n\n\n\n\n\n\n\n\n"
			],
			"width": 140
		}
	]
}
