{
	"type": "minecraft:notice",
	"title": {
		"translate": "crazy_adventure.misc",
		"underlined": true
	},
	"body": [
		{
			"type": "minecraft:plain_message",
			"contents": [
				{"text": "V   ","font": "crazy_adventure:manual","color": "white"},
				{"text": "\n   ","click_event": {"action": "show_dialog","dialog": "crazy_adventure:manual/page_5"},"hover_event": {"action": "show_text","value": [{"translate": "crazy_adventure.go_to_previous_page"}," (5)"]}},
				" ",
				{"text": "   ","click_event": {"action": "show_dialog","dialog": "crazy_adventure:manual/page_7"},"hover_event": {"action": "show_text","value": [{"translate": "crazy_adventure.go_to_next_page"}," (7)"]}},
				{"text": "\n   ","click_event": {"action": "show_dialog","dialog": "crazy_adventure:manual/page_5"},"hover_event": {"action": "show_text","value": [{"translate": "crazy_adventure.go_to_previous_page"}," (5)"]}},
				" ",
				{"text": "   ","click_event": {"action": "show_dialog","dialog": "crazy_adventure:manual/page_7"},"hover_event": {"action": "show_text","value": [{"translate": "crazy_adventure.go_to_next_page"}," (7)"]}}
			],
			"width": 400
		},
		{
			"type": "minecraft:plain_message",
			"contents": [
				{"text": "","font": "crazy_adventure:manual","color": "white","shadow_color": [0,0,0,0]},
				"\"ဥ\n\"",
				{"text": "$聙","hover_event": {"action": "show_item","id": "written_book","components": {"item_name": "Crazy Adventure ! Manual","item_model": "crazy_adventure:manual","lore": [["",{"text": "I","color": "white","italic": false,"font": "crazy_adventure:icons"},{"translate": "crazy_adventure","italic": true,"color": "blue"}]],"custom_data": {"crazy_adventure": {"manual": true},"smithed": {"ignore": {"functionality": true,"crafting": true}}}}},"click_event": {"action": "show_dialog","dialog": "crazy_adventure:manual/page_35"}},
				"#\n\"",
				{"text": "!","hover_event": {"action": "show_item","id": "written_book","components": {"item_name": "Crazy Adventure ! Manual","item_model": "crazy_adventure:manual","lore": [["",{"text": "I","color": "white","italic": false,"font": "crazy_adventure:icons"},{"translate": "crazy_adventure","italic": true,"color": "blue"}]],"custom_data": {"crazy_adventure": {"manual": true},"smithed": {"ignore": {"functionality": true,"crafting": true}}}}},"click_event": {"action": "show_dialog","dialog": "crazy_adventure:manual/page_35"}},
				"#\n",
				"\n\n\n\n\n\n\n\n\n\n\n\n\n\n\n\n\n\n\n\n\n\n"
			],
			"width": 140
		}
	]
}
