{
  "pools": [
    {
      "rolls": 1,
      "entries": [
        {
          "type": "minecraft:item",
          "name": "minecraft:diamond_axe",
          "functions": [
            {
              "function": "minecraft:set_components",
              "components": {
                "minecraft:custom_data": {
                  "smithed": {
                    "dict": {
                      "tools": {
                        "californium": true,
                        "axe": true
                      }
                    },
                    "ignore": {
                      "functionality": true,
                      "crafting": true
                    }
                  },
                  "crazy_adventure": {
                    "californium_axe": true
                  }
                },
                "minecraft:max_damage": 3122,
                "minecraft:attribute_modifiers": [
                  {
                    "type": "attack_damage",
                    "amount": 10,
                    "operation": "add_value",
                    "slot": "mainhand",
                    "id": "minecraft:base_attack_damage"
                  },
                  {
                    "type": "attack_speed",
                    "amount": -3.0,
                    "operation": "add_value",
                    "slot": "mainhand",
                    "id": "minecraft:base_attack_speed"
                  },
                  {
                    "type": "mining_efficiency",
                    "amount": 0.25,
                    "operation": "add_value",
                    "slot": "mainhand",
                    "id": "crazy_adventure:mining_efficiency.mainhand"
                  }
                ],
                "minecraft:item_model": "crazy_adventure:californium_axe",
                "minecraft:item_name": {
                  "translate": "crazy_adventure.californium_axe"
                },
                "minecraft:lore": [
                  [
                    "",
                    {
                      "text": "I",
                      "color": "white",
                      "italic": false,
                      "font": "crazy_adventure:icons"
                    },
                    {
                      "translate": "crazy_adventure",
                      "italic": true,
                      "color": "blue"
                    }
                  ]
                ]
              }
            }
          ]
        }
      ]
    }
  ]
}
