{
  "pools": [
    {
      "rolls": 1,
      "entries": [
        {
          "type": "minecraft:item",
          "name": "minecraft:diamond_boots",
          "functions": [
            {
              "function": "minecraft:set_components",
              "components": {
                "minecraft:custom_data": {
                  "smithed": {
                    "dict": {
                      "armor": {
                        "californium": true,
                        "boots": true
                      }
                    },
                    "ignore": {
                      "functionality": true,
                      "crafting": true
                    }
                  },
                  "crazy_adventure": {
                    "californium_boots": true
                  }
                },
                "minecraft:max_damage": 858,
                "minecraft:attribute_modifiers": [
                  {
                    "type": "armor",
                    "amount": 4.0,
                    "operation": "add_value",
                    "slot": "feet",
                    "id": "crazy_adventure:armor.feet"
                  },
                  {
                    "type": "armor_toughness",
                    "amount": 2,
                    "operation": "add_value",
                    "slot": "feet",
                    "id": "crazy_adventure:armor_toughness.feet"
                  }
                ],
                "minecraft:item_model": "crazy_adventure:californium_boots",
                "minecraft:item_name": {
                  "translate": "crazy_adventure.californium_boots"
                },
                "minecraft:lore": [
                  [
                    "",
                    {
                      "text": "I",
                      "color": "white",
                      "italic": false,
                      "font": "crazy_adventure:icons"
                    },
                    {
                      "translate": "crazy_adventure",
                      "italic": true,
                      "color": "blue"
                    }
                  ]
                ]
              }
            }
          ]
        }
      ]
    }
  ]
}
