{
  "pools": [
    {
      "rolls": 1,
      "entries": [
        {
          "type": "minecraft:item",
          "name": "minecraft:diamond_hoe",
          "functions": [
            {
              "function": "minecraft:set_components",
              "components": {
                "minecraft:custom_data": {
                  "smithed": {
                    "dict": {
                      "tools": {
                        "uranium": true,
                        "hoe": true
                      }
                    },
                    "ignore": {
                      "functionality": true,
                      "crafting": true
                    }
                  },
                  "crazy_adventure": {
                    "uranium_hoe": true
                  }
                },
                "minecraft:max_damage": 750,
                "minecraft:attribute_modifiers": [
                  {
                    "type": "attack_damage",
                    "amount": 1,
                    "operation": "add_value",
                    "slot": "mainhand",
                    "id": "minecraft:base_attack_damage"
                  },
                  {
                    "type": "attack_speed",
                    "amount": 0.0,
                    "operation": "add_value",
                    "slot": "mainhand",
                    "id": "minecraft:base_attack_speed"
                  },
                  {
                    "type": "mining_efficiency",
                    "amount": 0.2,
                    "operation": "add_value",
                    "slot": "mainhand",
                    "id": "crazy_adventure:mining_efficiency.mainhand"
                  }
                ],
                "minecraft:item_model": "crazy_adventure:uranium_hoe",
                "minecraft:item_name": {
                  "translate": "crazy_adventure.uranium_hoe"
                },
                "minecraft:lore": [
                  [
                    "",
                    {
                      "text": "I",
                      "color": "white",
                      "italic": false,
                      "font": "crazy_adventure:icons"
                    },
                    {
                      "translate": "crazy_adventure",
                      "italic": true,
                      "color": "blue"
                    }
                  ]
                ]
              }
            }
          ]
        }
      ]
    }
  ]
}
