{
	"parent": "block/barrel",
	"overrides": [
		{ "predicate": { "custom_model_data": 4220004 }, "model": "crazy_adventure:materials/uranium_ore" },
		{ "predicate": { "custom_model_data": 4220006 }, "model": "crazy_adventure:materials/uranium_block" },
		{ "predicate": { "custom_model_data": 4220010 }, "model": "crazy_adventure:materials/radioactive_waste_barrel" },
		{ "predicate": { "custom_model_data": 4220015 }, "model": "crazy_adventure:food/banana_sapling" },
		
		{ "predicate": { "custom_model_data": 4220020 }, "model": "crazy_adventure:materials/californium_ore" },
		{ "predicate": { "custom_model_data": 4220022 }, "model": "crazy_adventure:materials/californium_block" },
		{ "predicate": { "custom_model_data": 4220028 }, "model": "crazy_adventure:materials/californium_waste_barrel" },
		
		{ "predicate": { "custom_model_data": 4220200 }, "model": "crazy_adventure:machines/uranium_battery" },
		{ "predicate": { "custom_model_data": 4220201 }, "model": "crazy_adventure:machines/californium_battery" },

		{ "predicate": { "custom_model_data": 4220300 }, "model": "crazy_adventure:machines/nuclear_reactor" },
		{ "predicate": { "custom_model_data": 4220301 }, "model": "crazy_adventure:machines/nuclear_reactor_on" },
		{ "predicate": { "custom_model_data": 4220302 }, "model": "crazy_adventure:machines/better_nuclear_reactor" },
		{ "predicate": { "custom_model_data": 4220303 }, "model": "crazy_adventure:machines/better_nuclear_reactor_on" },
		{ "predicate": { "custom_model_data": 4220304 }, "model": "crazy_adventure:machines/amazing_nuclear_reactor" },
		{ "predicate": { "custom_model_data": 4220305 }, "model": "crazy_adventure:machines/amazing_nuclear_reactor_on" },
		{ "predicate": { "custom_model_data": 4220306 }, "model": "crazy_adventure:machines/incredible_nuclear_reactor" },
		{ "predicate": { "custom_model_data": 4220307 }, "model": "crazy_adventure:machines/incredible_nuclear_reactor_on" },

		{ "predicate": { "custom_model_data": 4220400 }, "model": "crazy_adventure:machines/ore_extractor_1" },
		{ "predicate": { "custom_model_data": 4220401 }, "model": "crazy_adventure:machines/ore_extractor_2" },
		{ "predicate": { "custom_model_data": 4220402 }, "model": "crazy_adventure:machines/ore_extractor_3" },
		{ "predicate": { "custom_model_data": 4220403 }, "model": "crazy_adventure:machines/ore_extractor_4" },
		{ "predicate": { "custom_model_data": 4220404 }, "model": "crazy_adventure:machines/storm_stick_charger" },
		{ "predicate": { "custom_model_data": 4220405 }, "model": "crazy_adventure:machines/shield_stick_charger" },
		{ "predicate": { "custom_model_data": 4220406 }, "model": "crazy_adventure:machines/fireball_stick_charger" },
		{ "predicate": { "custom_model_data": 4220407 }, "model": "crazy_adventure:machines/boss_altar" },
		{ "predicate": { "custom_model_data": 4220408 }, "model": "crazy_adventure:machines/boss_altar_on" }

	]
}
