{
	"parent": "block/cobblestone",
	"overrides": [

		{ "predicate": { "custom_model_data": 4221000 }, "model": "crazy_adventure:gui/cooling_gui_0" },
		{ "predicate": { "custom_model_data": 4221001 }, "model": "crazy_adventure:gui/cooling_gui_1" },
		{ "predicate": { "custom_model_data": 4221002 }, "model": "crazy_adventure:gui/cooling_gui_2" },
		{ "predicate": { "custom_model_data": 4221003 }, "model": "crazy_adventure:gui/cooling_gui_3" },
		{ "predicate": { "custom_model_data": 4221004 }, "model": "crazy_adventure:gui/cooling_gui_4" },
		{ "predicate": { "custom_model_data": 4221005 }, "model": "crazy_adventure:gui/cooling_gui_5" },
		{ "predicate": { "custom_model_data": 4221006 }, "model": "crazy_adventure:gui/cooling_gui_6" },
		{ "predicate": { "custom_model_data": 4221007 }, "model": "crazy_adventure:gui/cooling_gui_7" },
		{ "predicate": { "custom_model_data": 4221008 }, "model": "crazy_adventure:gui/cooling_gui_8" },
		{ "predicate": { "custom_model_data": 4221009 }, "model": "crazy_adventure:gui/cooling_gui_9" },
		{ "predicate": { "custom_model_data": 4221010 }, "model": "crazy_adventure:gui/cooling_gui_10" },
		{ "predicate": { "custom_model_data": 4221100 }, "model": "crazy_adventure:gui/nuclear_reactor_gui_0" },
		{ "predicate": { "custom_model_data": 4221101 }, "model": "crazy_adventure:gui/nuclear_reactor_gui_1" },
		{ "predicate": { "custom_model_data": 4221102 }, "model": "crazy_adventure:gui/nuclear_reactor_gui_2" },
		{ "predicate": { "custom_model_data": 4221103 }, "model": "crazy_adventure:gui/nuclear_reactor_gui_3" },
		{ "predicate": { "custom_model_data": 4221104 }, "model": "crazy_adventure:gui/nuclear_reactor_gui_4" },
		{ "predicate": { "custom_model_data": 4221105 }, "model": "crazy_adventure:gui/nuclear_reactor_gui_5" },
		{ "predicate": { "custom_model_data": 4221106 }, "model": "crazy_adventure:gui/nuclear_reactor_gui_6" },
		{ "predicate": { "custom_model_data": 4221107 }, "model": "crazy_adventure:gui/nuclear_reactor_gui_7" },
		{ "predicate": { "custom_model_data": 4221108 }, "model": "crazy_adventure:gui/nuclear_reactor_gui_8" },
		{ "predicate": { "custom_model_data": 4221109 }, "model": "crazy_adventure:gui/nuclear_reactor_gui_9" },
		{ "predicate": { "custom_model_data": 4221110 }, "model": "crazy_adventure:gui/nuclear_reactor_gui_10" },
		{ "predicate": { "custom_model_data": 4221200 }, "model": "crazy_adventure:gui/storm_charger_gui_0" },
		{ "predicate": { "custom_model_data": 4221201 }, "model": "crazy_adventure:gui/storm_charger_gui_1" },
		{ "predicate": { "custom_model_data": 4221202 }, "model": "crazy_adventure:gui/storm_charger_gui_2" },
		{ "predicate": { "custom_model_data": 4221203 }, "model": "crazy_adventure:gui/storm_charger_gui_3" },
		{ "predicate": { "custom_model_data": 4221204 }, "model": "crazy_adventure:gui/storm_charger_gui_4" },
		{ "predicate": { "custom_model_data": 4221205 }, "model": "crazy_adventure:gui/storm_charger_gui_5" },
		{ "predicate": { "custom_model_data": 4221206 }, "model": "crazy_adventure:gui/storm_charger_gui_6" },
		{ "predicate": { "custom_model_data": 4221207 }, "model": "crazy_adventure:gui/storm_charger_gui_7" },
		{ "predicate": { "custom_model_data": 4221208 }, "model": "crazy_adventure:gui/storm_charger_gui_8" },
		{ "predicate": { "custom_model_data": 4221209 }, "model": "crazy_adventure:gui/storm_charger_gui_9" },
		{ "predicate": { "custom_model_data": 4221210 }, "model": "crazy_adventure:gui/storm_charger_gui_10" },
		{ "predicate": { "custom_model_data": 4221211 }, "model": "crazy_adventure:gui/fireball_charger_gui_0" },
		{ "predicate": { "custom_model_data": 4221212 }, "model": "crazy_adventure:gui/fireball_charger_gui_1" },
		{ "predicate": { "custom_model_data": 4221213 }, "model": "crazy_adventure:gui/fireball_charger_gui_2" },
		{ "predicate": { "custom_model_data": 4221214 }, "model": "crazy_adventure:gui/fireball_charger_gui_3" },
		{ "predicate": { "custom_model_data": 4221215 }, "model": "crazy_adventure:gui/fireball_charger_gui_4" },
		{ "predicate": { "custom_model_data": 4221216 }, "model": "crazy_adventure:gui/fireball_charger_gui_5" },
		{ "predicate": { "custom_model_data": 4221217 }, "model": "crazy_adventure:gui/fireball_charger_gui_6" },
		{ "predicate": { "custom_model_data": 4221218 }, "model": "crazy_adventure:gui/fireball_charger_gui_7" },
		{ "predicate": { "custom_model_data": 4221219 }, "model": "crazy_adventure:gui/fireball_charger_gui_8" },
		{ "predicate": { "custom_model_data": 4221220 }, "model": "crazy_adventure:gui/fireball_charger_gui_9" },
		{ "predicate": { "custom_model_data": 4221221 }, "model": "crazy_adventure:gui/fireball_charger_gui_10" },
		{ "predicate": { "custom_model_data": 4221222 }, "model": "crazy_adventure:gui/shield_charger_gui_0" },
		{ "predicate": { "custom_model_data": 4221223 }, "model": "crazy_adventure:gui/shield_charger_gui_1" },
		{ "predicate": { "custom_model_data": 4221224 }, "model": "crazy_adventure:gui/shield_charger_gui_2" },
		{ "predicate": { "custom_model_data": 4221225 }, "model": "crazy_adventure:gui/shield_charger_gui_3" },
		{ "predicate": { "custom_model_data": 4221226 }, "model": "crazy_adventure:gui/shield_charger_gui_4" },
		{ "predicate": { "custom_model_data": 4221227 }, "model": "crazy_adventure:gui/shield_charger_gui_5" },
		{ "predicate": { "custom_model_data": 4221228 }, "model": "crazy_adventure:gui/shield_charger_gui_6" },
		{ "predicate": { "custom_model_data": 4221229 }, "model": "crazy_adventure:gui/shield_charger_gui_7" },
		{ "predicate": { "custom_model_data": 4221230 }, "model": "crazy_adventure:gui/shield_charger_gui_8" },
		{ "predicate": { "custom_model_data": 4221231 }, "model": "crazy_adventure:gui/shield_charger_gui_9" },
		{ "predicate": { "custom_model_data": 4221232 }, "model": "crazy_adventure:gui/shield_charger_gui_10" }

	]
}
