{
	"parent": "item/handheld",
	"textures": {
		"layer0": "item/leather_helmet",
		"layer1": "item/leather_helmet_overlay"
	},
	"overrides": [
		{ "predicate": { "custom_model_data": 4220100 }, "model": "crazy_adventure:equipments/anti_radiation_helmet" },
		{ "predicate": { "custom_model_data": 4220109 }, "model": "crazy_adventure:equipments/cave_helmet" },
		{ "predicate": { "custom_model_data": 4220110 }, "model": "crazy_adventure:equipments/uranium_helmet" },
		{ "predicate": { "custom_model_data": 4220119 }, "model": "crazy_adventure:equipments/californium_helmet" }
	]
}
