{
    "parent": "item/handheld_rod",
    "textures": {
        "layer0": "item/warped_fungus_on_a_stick"
    },
    "overrides": [
		{ "predicate": { "custom_model_data": 4220104 }, "model": "crazy_adventure:equipments/anti_radiation_glove" },
		{ "predicate": { "custom_model_data": 4220105 }, "model": "crazy_adventure:equipments/chargeless_stick" },
		{ "predicate": { "custom_model_data": 4220106 }, "model": "crazy_adventure:equipments/storm_stick" },
		{ "predicate": { "custom_model_data": 4220107 }, "model": "crazy_adventure:equipments/shield_stick" },
		{ "predicate": { "custom_model_data": 4220108 }, "model": "crazy_adventure:equipments/fireball_stick" }
	]
}
