{
	"providers": [
		{"type": "bitmap","file": "crazy_adventure:font/category/material.png","ascent": 1,"height": 131,"chars": ["ဣ"]},
		{"type": "bitmap","file": "crazy_adventure:font/high_res/uranium_ingot.png","ascent": 7,"height": 16,"chars": ["耡"]},
		{"type": "bitmap","file": "crazy_adventure:font/high_res/uranium_nugget.png","ascent": 7,"height": 16,"chars": ["耣"]},
		{"type": "bitmap","file": "crazy_adventure:font/high_res/raw_uranium.png","ascent": 7,"height": 16,"chars": ["耥"]},
		{"type": "bitmap","file": "crazy_adventure:font/high_res/uranium_block.png","ascent": 7,"height": 16,"chars": ["耧"]},
		{"type": "bitmap","file": "crazy_adventure:font/high_res/uranium_ore.png","ascent": 7,"height": 16,"chars": ["耩"]},
		{"type": "bitmap","file": "crazy_adventure:font/high_res/californium_ingot.png","ascent": 7,"height": 16,"chars": ["耫"]},
		{"type": "bitmap","file": "crazy_adventure:font/high_res/californium_nugget.png","ascent": 7,"height": 16,"chars": ["耭"]},
		{"type": "bitmap","file": "crazy_adventure:font/high_res/raw_californium.png","ascent": 7,"height": 16,"chars": ["耯"]},
		{"type": "bitmap","file": "crazy_adventure:font/high_res/californium_block.png","ascent": 7,"height": 16,"chars": ["耱"]},
		{"type": "bitmap","file": "crazy_adventure:font/high_res/californium_ore.png","ascent": 7,"height": 16,"chars": ["耳"]},
		{"type": "bitmap","file": "crazy_adventure:font/high_res/uranium_core.png","ascent": 7,"height": 16,"chars": ["耵"]},
		{"type": "bitmap","file": "crazy_adventure:font/high_res/uranium_waste.png","ascent": 7,"height": 16,"chars": ["耷"]},
		{"type": "bitmap","file": "crazy_adventure:font/high_res/uranium_waste_barrel.png","ascent": 7,"height": 16,"chars": ["耹"]},
		{"type": "bitmap","file": "crazy_adventure:font/high_res/uranium_shard.png","ascent": 7,"height": 16,"chars": ["耻"]},
		{"type": "bitmap","file": "crazy_adventure:font/high_res/uranium_book.png","ascent": 7,"height": 16,"chars": ["耽"]},
		{"type": "bitmap","file": "crazy_adventure:font/high_res/californium_core.png","ascent": 7,"height": 16,"chars": ["耿"]},
		{"type": "bitmap","file": "crazy_adventure:font/high_res/californium_waste.png","ascent": 7,"height": 16,"chars": ["聁"]},
		{"type": "bitmap","file": "crazy_adventure:font/high_res/californium_waste_barrel.png","ascent": 7,"height": 16,"chars": ["聃"]},
		{"type": "bitmap","file": "crazy_adventure:font/category/equipment.png","ascent": 1,"height": 131,"chars": ["ဤ"]},
		{"type": "bitmap","file": "crazy_adventure:font/high_res/uranium_helmet.png","ascent": 7,"height": 16,"chars": ["聅"]},
		{"type": "bitmap","file": "crazy_adventure:font/high_res/uranium_chestplate.png","ascent": 7,"height": 16,"chars": ["聇"]},
		{"type": "bitmap","file": "crazy_adventure:font/high_res/uranium_leggings.png","ascent": 7,"height": 16,"chars": ["聉"]},
		{"type": "bitmap","file": "crazy_adventure:font/high_res/uranium_boots.png","ascent": 7,"height": 16,"chars": ["聋"]},
		{"type": "bitmap","file": "crazy_adventure:font/high_res/uranium_sword.png","ascent": 7,"height": 16,"chars": ["聍"]},
		{"type": "bitmap","file": "crazy_adventure:font/high_res/uranium_pickaxe.png","ascent": 7,"height": 16,"chars": ["聏"]},
		{"type": "bitmap","file": "crazy_adventure:font/high_res/uranium_axe.png","ascent": 7,"height": 16,"chars": ["聑"]},
		{"type": "bitmap","file": "crazy_adventure:font/high_res/uranium_shovel.png","ascent": 7,"height": 16,"chars": ["聓"]},
		{"type": "bitmap","file": "crazy_adventure:font/high_res/uranium_hoe.png","ascent": 7,"height": 16,"chars": ["聕"]},
		{"type": "bitmap","file": "crazy_adventure:font/high_res/californium_helmet.png","ascent": 7,"height": 16,"chars": ["聗"]},
		{"type": "bitmap","file": "crazy_adventure:font/high_res/californium_chestplate.png","ascent": 7,"height": 16,"chars": ["聙"]},
		{"type": "bitmap","file": "crazy_adventure:font/high_res/californium_leggings.png","ascent": 7,"height": 16,"chars": ["聛"]},
		{"type": "bitmap","file": "crazy_adventure:font/high_res/californium_boots.png","ascent": 7,"height": 16,"chars": ["聝"]},
		{"type": "bitmap","file": "crazy_adventure:font/high_res/californium_sword.png","ascent": 7,"height": 16,"chars": ["聟"]},
		{"type": "bitmap","file": "crazy_adventure:font/high_res/californium_pickaxe.png","ascent": 7,"height": 16,"chars": ["聡"]},
		{"type": "bitmap","file": "crazy_adventure:font/high_res/californium_axe.png","ascent": 7,"height": 16,"chars": ["聣"]},
		{"type": "bitmap","file": "crazy_adventure:font/high_res/californium_shovel.png","ascent": 7,"height": 16,"chars": ["聥"]},
		{"type": "bitmap","file": "crazy_adventure:font/high_res/californium_hoe.png","ascent": 7,"height": 16,"chars": ["聧"]},
		{"type": "bitmap","file": "crazy_adventure:font/category/miscellaneous.png","ascent": 1,"height": 131,"chars": ["ဥ"]},
		{"type": "bitmap","file": "crazy_adventure:font/high_res/manual.png","ascent": 7,"height": 16,"chars": ["聩"]},
		{"type": "bitmap","file": "crazy_adventure:font/high_res/geiger_counter.png","ascent": 7,"height": 16,"chars": ["聫"]},
		{"type": "bitmap","file": "crazy_adventure:font/category/energy.png","ascent": 1,"height": 131,"chars": ["ဦ"]},
		{"type": "bitmap","file": "crazy_adventure:font/high_res/nuclear_reactor.png","ascent": 7,"height": 16,"chars": ["聭"]},
		{"type": "bitmap","file": "crazy_adventure:font/high_res/better_nuclear_reactor.png","ascent": 7,"height": 16,"chars": ["聯"]},
		{"type": "bitmap","file": "crazy_adventure:font/high_res/amazing_nuclear_reactor.png","ascent": 7,"height": 16,"chars": ["聱"]},
		{"type": "bitmap","file": "crazy_adventure:font/high_res/incredible_nuclear_reactor.png","ascent": 7,"height": 16,"chars": ["聳"]},
		{"type": "bitmap","file": "crazy_adventure:font/high_res/uranium_battery.png","ascent": 7,"height": 16,"chars": ["聵"]},
		{"type": "bitmap","file": "crazy_adventure:font/high_res/californium_battery.png","ascent": 7,"height": 16,"chars": ["職"]},
		{"type": "bitmap","file": "crazy_adventure:font/high_res/ore_extractor_1.png","ascent": 7,"height": 16,"chars": ["聹"]},
		{"type": "bitmap","file": "crazy_adventure:font/high_res/ore_extractor_2.png","ascent": 7,"height": 16,"chars": ["聻"]},
		{"type": "bitmap","file": "crazy_adventure:font/high_res/ore_extractor_3.png","ascent": 7,"height": 16,"chars": ["聽"]},
		{"type": "bitmap","file": "crazy_adventure:font/high_res/ore_extractor_4.png","ascent": 7,"height": 16,"chars": ["聿"]},
		{"type": "bitmap","file": "crazy_adventure:font/high_res/uranium_upgrader.png","ascent": 7,"height": 16,"chars": ["肁"]},
		{"type": "bitmap","file": "crazy_adventure:font/high_res/uranium_ingot_9.png","ascent": 7,"height": 16,"chars": ["肃"]},
		{"type": "bitmap","file": "crazy_adventure:font/high_res/uranium_nugget_9.png","ascent": 7,"height": 16,"chars": ["肍"]},
		{"type": "bitmap","file": "crazy_adventure:font/wiki_icons/crazy_adventure_uranium_nugget.png","ascent": 8,"height": 16,"chars": ["肏"]},
		{"type": "bitmap","file": "crazy_adventure:font/wiki_icons/crazy_adventure_uranium_block.png","ascent": 8,"height": 16,"chars": ["肒"]},
		{"type": "bitmap","file": "crazy_adventure:font/wiki_icons/crazy_adventure_uranium_helmet.png","ascent": 8,"height": 16,"chars": ["肕"]},
		{"type": "bitmap","file": "crazy_adventure:font/wiki_icons/crazy_adventure_uranium_chestplate.png","ascent": 8,"height": 16,"chars": ["肘"]},
		{"type": "bitmap","file": "crazy_adventure:font/wiki_icons/crazy_adventure_uranium_leggings.png","ascent": 8,"height": 16,"chars": ["肛"]},
		{"type": "bitmap","file": "crazy_adventure:font/wiki_icons/crazy_adventure_uranium_boots.png","ascent": 8,"height": 16,"chars": ["肞"]},
		{"type": "bitmap","file": "crazy_adventure:font/high_res/stick.png","ascent": 7,"height": 16,"chars": ["股"]},
		{"type": "bitmap","file": "crazy_adventure:font/wiki_icons/crazy_adventure_uranium_sword.png","ascent": 8,"height": 16,"chars": ["肢"]},
		{"type": "bitmap","file": "crazy_adventure:font/wiki_icons/crazy_adventure_uranium_pickaxe.png","ascent": 8,"height": 16,"chars": ["肦"]},
		{"type": "bitmap","file": "crazy_adventure:font/wiki_icons/crazy_adventure_uranium_axe.png","ascent": 8,"height": 16,"chars": ["肪"]},
		{"type": "bitmap","file": "crazy_adventure:font/wiki_icons/crazy_adventure_uranium_shovel.png","ascent": 8,"height": 16,"chars": ["肮"]},
		{"type": "bitmap","file": "crazy_adventure:font/wiki_icons/crazy_adventure_uranium_hoe.png","ascent": 8,"height": 16,"chars": ["育"]},
		{"type": "bitmap","file": "crazy_adventure:font/high_res/copper_ingot.png","ascent": 7,"height": 16,"chars": ["肵"]},
		{"type": "bitmap","file": "crazy_adventure:font/wiki_icons/crazy_adventure_geiger_counter.png","ascent": 8,"height": 16,"chars": ["肶"]},
		{"type": "bitmap","file": "crazy_adventure:font/high_res/iron_block.png","ascent": 7,"height": 16,"chars": ["肹"]},
		{"type": "bitmap","file": "crazy_adventure:font/wiki_icons/crazy_adventure_uranium_core.png","ascent": 8,"height": 16,"chars": ["肺"]},
		{"type": "bitmap","file": "crazy_adventure:font/high_res/furnace.png","ascent": 7,"height": 16,"chars": ["肽"]},
		{"type": "bitmap","file": "crazy_adventure:font/high_res/copper_block.png","ascent": 7,"height": 16,"chars": ["肾"]},
		{"type": "bitmap","file": "crazy_adventure:font/wiki_icons/crazy_adventure_nuclear_reactor.png","ascent": 8,"height": 16,"chars": ["肿"]},
		{"type": "bitmap","file": "crazy_adventure:font/high_res/stone_pickaxe.png","ascent": 7,"height": 16,"chars": ["胂"]},
		{"type": "bitmap","file": "crazy_adventure:font/high_res/exposed_copper.png","ascent": 7,"height": 16,"chars": ["胄"]},
		{"type": "bitmap","file": "crazy_adventure:font/wiki_icons/crazy_adventure_ore_extractor_2.png","ascent": 8,"height": 16,"chars": ["胅"]},
		{"type": "bitmap","file": "crazy_adventure:font/wiki_icons/crazy_adventure_uranium_upgrader.png","ascent": 8,"height": 16,"chars": ["胊"]},
		{"type": "bitmap","file": "crazy_adventure:font/wiki_icons/crazy_adventure_uranium_ingot.png","ascent": 8,"height": 16,"chars": ["胣"]},
		{"type": "bitmap","file": "crazy_adventure:font/wiki_icons/crazy_adventure_raw_uranium.png","ascent": 8,"height": 16,"chars": ["胨"]},
		{"type": "bitmap","file": "crazy_adventure:font/wiki_icons/crazy_adventure_uranium_ingot.png","ascent": 8,"height": 16,"chars": ["胫"]},
		{"type": "bitmap","file": "crazy_adventure:font/wiki_icons/crazy_adventure_uranium_ingot.png","ascent": 8,"height": 16,"chars": ["胲"]},
		{"type": "bitmap","file": "crazy_adventure:font/high_res/oxidized_copper.png","ascent": 7,"height": 16,"chars": ["胷"]},
		{"type": "bitmap","file": "crazy_adventure:font/wiki_icons/crazy_adventure_ore_extractor_4.png","ascent": 8,"height": 16,"chars": ["胸"]},
		{"type": "bitmap","file": "crazy_adventure:font/wiki_icons/crazy_adventure_raw_uranium.png","ascent": 8,"height": 16,"chars": ["能"]},
		{"type": "bitmap","file": "crazy_adventure:font/wiki_icons/crazy_adventure_uranium_ingot.png","ascent": 8,"height": 16,"chars": ["脀"]},
		{"type": "bitmap","file": "crazy_adventure:font/high_res/californium_ingot_9.png","ascent": 7,"height": 16,"chars": ["脁"]},
		{"type": "bitmap","file": "crazy_adventure:font/high_res/californium_nugget_9.png","ascent": 7,"height": 16,"chars": ["脋"]},
		{"type": "bitmap","file": "crazy_adventure:font/wiki_icons/crazy_adventure_californium_nugget.png","ascent": 8,"height": 16,"chars": ["脍"]},
		{"type": "bitmap","file": "crazy_adventure:font/wiki_icons/crazy_adventure_californium_block.png","ascent": 8,"height": 16,"chars": ["脐"]},
		{"type": "bitmap","file": "crazy_adventure:font/wiki_icons/crazy_adventure_californium_helmet.png","ascent": 8,"height": 16,"chars": ["脓"]},
		{"type": "bitmap","file": "crazy_adventure:font/wiki_icons/crazy_adventure_californium_chestplate.png","ascent": 8,"height": 16,"chars": ["脖"]},
		{"type": "bitmap","file": "crazy_adventure:font/wiki_icons/crazy_adventure_californium_leggings.png","ascent": 8,"height": 16,"chars": ["脙"]},
		{"type": "bitmap","file": "crazy_adventure:font/wiki_icons/crazy_adventure_californium_boots.png","ascent": 8,"height": 16,"chars": ["脜"]},
		{"type": "bitmap","file": "crazy_adventure:font/wiki_icons/crazy_adventure_californium_sword.png","ascent": 8,"height": 16,"chars": ["脠"]},
		{"type": "bitmap","file": "crazy_adventure:font/wiki_icons/crazy_adventure_californium_pickaxe.png","ascent": 8,"height": 16,"chars": ["脤"]},
		{"type": "bitmap","file": "crazy_adventure:font/wiki_icons/crazy_adventure_californium_axe.png","ascent": 8,"height": 16,"chars": ["脨"]},
		{"type": "bitmap","file": "crazy_adventure:font/wiki_icons/crazy_adventure_californium_shovel.png","ascent": 8,"height": 16,"chars": ["脬"]},
		{"type": "bitmap","file": "crazy_adventure:font/wiki_icons/crazy_adventure_californium_hoe.png","ascent": 8,"height": 16,"chars": ["脰"]},
		{"type": "bitmap","file": "crazy_adventure:font/wiki_icons/crazy_adventure_californium_core.png","ascent": 8,"height": 16,"chars": ["脴"]},
		{"type": "bitmap","file": "crazy_adventure:font/high_res/weathered_copper.png","ascent": 7,"height": 16,"chars": ["脸"]},
		{"type": "bitmap","file": "crazy_adventure:font/wiki_icons/crazy_adventure_amazing_nuclear_reactor.png","ascent": 8,"height": 16,"chars": ["脹"]},
		{"type": "bitmap","file": "crazy_adventure:font/wiki_icons/crazy_adventure_californium_ingot.png","ascent": 8,"height": 16,"chars": ["腒"]},
		{"type": "bitmap","file": "crazy_adventure:font/wiki_icons/crazy_adventure_raw_californium.png","ascent": 8,"height": 16,"chars": ["腗"]},
		{"type": "bitmap","file": "crazy_adventure:font/wiki_icons/crazy_adventure_californium_ingot.png","ascent": 8,"height": 16,"chars": ["腚"]},
		{"type": "bitmap","file": "crazy_adventure:font/wiki_icons/crazy_adventure_californium_ingot.png","ascent": 8,"height": 16,"chars": ["腡"]},
		{"type": "bitmap","file": "crazy_adventure:font/wiki_icons/crazy_adventure_californium_battery.png","ascent": 8,"height": 16,"chars": ["腦"]},
		{"type": "bitmap","file": "crazy_adventure:font/wiki_icons/crazy_adventure_raw_californium.png","ascent": 8,"height": 16,"chars": ["腫"]},
		{"type": "bitmap","file": "crazy_adventure:font/wiki_icons/crazy_adventure_californium_ingot.png","ascent": 8,"height": 16,"chars": ["腮"]},
		{"type": "bitmap","file": "crazy_adventure:font/wiki_icons/crazy_adventure_californium_core.png","ascent": 8,"height": 16,"chars": ["腸"]},
		{"type": "bitmap","file": "crazy_adventure:font/wiki_icons/crazy_adventure_better_nuclear_reactor.png","ascent": 8,"height": 16,"chars": ["腽"]},
		{"type": "bitmap","file": "crazy_adventure:font/high_res/bow.png","ascent": 7,"height": 16,"chars": ["膁"]},
		{"type": "bitmap","file": "crazy_adventure:font/high_res/coal_block.png","ascent": 7,"height": 16,"chars": ["膂"]},
		{"type": "bitmap","file": "crazy_adventure:font/wiki_icons/crazy_adventure_uranium_battery.png","ascent": 8,"height": 16,"chars": ["膃"]},
		{"type": "bitmap","file": "crazy_adventure:font/high_res/iron_pickaxe.png","ascent": 7,"height": 16,"chars": ["膆"]},
		{"type": "bitmap","file": "crazy_adventure:font/wiki_icons/crazy_adventure_ore_extractor_3.png","ascent": 8,"height": 16,"chars": ["膉"]},
		{"type": "bitmap","file": "crazy_adventure:font/page/uranium_waste.png","ascent": 0,"height": 40,"chars": ["ဲ"]},
		{"type": "bitmap","file": "crazy_adventure:font/high_res/barrel.png","ascent": 7,"height": 16,"chars": ["膍"]},
		{"type": "bitmap","file": "crazy_adventure:font/wiki_icons/crazy_adventure_uranium_waste_barrel.png","ascent": 8,"height": 16,"chars": ["膎"]},
		{"type": "bitmap","file": "crazy_adventure:font/wiki_icons/crazy_adventure_uranium_battery.png","ascent": 8,"height": 16,"chars": ["膙"]},
		{"type": "bitmap","file": "crazy_adventure:font/page/uranium_shard.png","ascent": 0,"height": 40,"chars": ["ဴ"]},
		{"type": "bitmap","file": "crazy_adventure:font/wiki_icons/crazy_adventure_uranium_book.png","ascent": 8,"height": 16,"chars": ["膞"]},
		{"type": "bitmap","file": "crazy_adventure:font/wiki_icons/crazy_adventure_uranium_upgrader.png","ascent": 8,"height": 16,"chars": ["膩"]},
		{"type": "bitmap","file": "crazy_adventure:font/wiki_icons/crazy_adventure_incredible_nuclear_reactor.png","ascent": 8,"height": 16,"chars": ["膴"]},
		{"type": "bitmap","file": "crazy_adventure:font/wiki_icons/crazy_adventure_californium_battery.png","ascent": 8,"height": 16,"chars": ["膺"]},
		{"type": "bitmap","file": "crazy_adventure:font/page/californium_waste.png","ascent": 0,"height": 40,"chars": ["့"]},
		{"type": "bitmap","file": "crazy_adventure:font/wiki_icons/crazy_adventure_californium_waste_barrel.png","ascent": 8,"height": 16,"chars": ["膿"]},
		{"type": "bitmap","file": "crazy_adventure:font/wiki_icons/crazy_adventure_californium_battery.png","ascent": 8,"height": 16,"chars": ["臊"]},
		{"type": "bitmap","file": "crazy_adventure:font/wiki_icons/crazy_adventure_uranium_nugget.png","ascent": 8,"height": 16,"chars": ["臑"]},
		{"type": "bitmap","file": "crazy_adventure:font/wiki_icons/crazy_adventure_uranium_nugget.png","ascent": 8,"height": 16,"chars": ["臘"]},
		{"type": "bitmap","file": "crazy_adventure:font/wiki_icons/crazy_adventure_uranium_nugget.png","ascent": 8,"height": 16,"chars": ["臟"]},
		{"type": "bitmap","file": "crazy_adventure:font/wiki_icons/crazy_adventure_uranium_nugget.png","ascent": 8,"height": 16,"chars": ["臦"]},
		{"type": "bitmap","file": "crazy_adventure:font/wiki_icons/crazy_adventure_uranium_nugget.png","ascent": 8,"height": 16,"chars": ["臯"]},
		{"type": "bitmap","file": "crazy_adventure:font/wiki_icons/crazy_adventure_uranium_nugget.png","ascent": 8,"height": 16,"chars": ["臸"]},
		{"type": "bitmap","file": "crazy_adventure:font/wiki_icons/crazy_adventure_uranium_nugget.png","ascent": 8,"height": 16,"chars": ["舁"]},
		{"type": "bitmap","file": "crazy_adventure:font/wiki_icons/crazy_adventure_uranium_nugget.png","ascent": 8,"height": 16,"chars": ["舊"]},
		{"type": "bitmap","file": "crazy_adventure:font/wiki_icons/crazy_adventure_uranium_nugget.png","ascent": 8,"height": 16,"chars": ["舓"]},
		{"type": "bitmap","file": "crazy_adventure:font/wiki_icons/crazy_adventure_californium_nugget.png","ascent": 8,"height": 16,"chars": ["舚"]},
		{"type": "bitmap","file": "crazy_adventure:font/wiki_icons/crazy_adventure_californium_nugget.png","ascent": 8,"height": 16,"chars": ["舡"]},
		{"type": "bitmap","file": "crazy_adventure:font/wiki_icons/crazy_adventure_californium_nugget.png","ascent": 8,"height": 16,"chars": ["舨"]},
		{"type": "bitmap","file": "crazy_adventure:font/wiki_icons/crazy_adventure_californium_nugget.png","ascent": 8,"height": 16,"chars": ["舯"]},
		{"type": "bitmap","file": "crazy_adventure:font/wiki_icons/crazy_adventure_californium_nugget.png","ascent": 8,"height": 16,"chars": ["舸"]},
		{"type": "bitmap","file": "crazy_adventure:font/wiki_icons/crazy_adventure_californium_nugget.png","ascent": 8,"height": 16,"chars": ["艁"]},
		{"type": "bitmap","file": "crazy_adventure:font/wiki_icons/crazy_adventure_ore_extractor_4.png","ascent": 8,"height": 16,"chars": ["艇"]},
		{"type": "bitmap","file": "crazy_adventure:font/wiki_icons/crazy_adventure_californium_nugget.png","ascent": 8,"height": 16,"chars": ["艐"]},
		{"type": "bitmap","file": "crazy_adventure:font/wiki_icons/crazy_adventure_californium_nugget.png","ascent": 8,"height": 16,"chars": ["艙"]},
		{"type": "bitmap","file": "crazy_adventure:font/wiki_icons/crazy_adventure_californium_nugget.png","ascent": 8,"height": 16,"chars": ["艢"]},
		{"type": "bitmap","file": "crazy_adventure:font/wiki_icons/crazy_adventure_better_nuclear_reactor.png","ascent": 8,"height": 16,"chars": ["艹"]},
		{"type": "bitmap","file": "crazy_adventure:font/wiki_icons/crazy_adventure_amazing_nuclear_reactor.png","ascent": 8,"height": 16,"chars": ["芆"]},
		{"type": "bitmap","file": "crazy_adventure:font/wiki_icons/crazy_adventure_incredible_nuclear_reactor.png","ascent": 8,"height": 16,"chars": ["芓"]},
		{"type": "bitmap","file": "crazy_adventure:font/wiki_icons/crazy_adventure_californium_battery.png","ascent": 8,"height": 16,"chars": ["芭"]},
		{"type": "bitmap","file": "crazy_adventure:font/high_res/gold_block.png","ascent": 7,"height": 16,"chars": ["芽"]},
		{"type": "bitmap","file": "crazy_adventure:font/high_res/wooden_pickaxe.png","ascent": 7,"height": 16,"chars": ["芿"]},
		{"type": "bitmap","file": "crazy_adventure:font/wiki_icons/crazy_adventure_ore_extractor_2.png","ascent": 8,"height": 16,"chars": ["苌"]},
		{"type": "bitmap","file": "crazy_adventure:font/wiki_icons/crazy_adventure_ore_extractor_3.png","ascent": 8,"height": 16,"chars": ["苜"]},
		{"type": "bitmap","file": "crazy_adventure:font/wiki_icons/crazy_adventure_ore_extractor_4.png","ascent": 8,"height": 16,"chars": ["苬"]},
		{"type": "bitmap","file": "crazy_adventure:font/high_res/heavy_workbench.png","ascent": 7,"height": 16,"chars": ["苿"]},
		{"type": "bitmap","file": "crazy_adventure:font/high_res/oak_log.png","ascent": 7,"height": 16,"chars": ["茀"]},
		{"type": "bitmap","file": "crazy_adventure:font/high_res/crafting_table.png","ascent": 7,"height": 16,"chars": ["茁"]},
		{"type": "bitmap","file": "crazy_adventure:font/high_res/smooth_stone.png","ascent": 7,"height": 16,"chars": ["茂"]},
		{"type": "bitmap","file": "crazy_adventure:font/category/categories_page.png","ascent": 1,"height": 131,"chars": ["အ"]},
		{"type": "bitmap","file": "crazy_adventure:font/page/_logo.png","ascent": 0,"height": 40,"chars": ["ဠ"]},
		{"type": "bitmap","file": "crazy_adventure:font/none.png","ascent": 8,"height": 20,"chars": [" "]},
		{"type": "bitmap","file": "crazy_adventure:font/none.png","ascent": 8,"height": 18,"chars": ["!"]},
		{"type": "bitmap","file": "crazy_adventure:font/none.png","ascent": 7,"height": 7,"chars": ["\""]},
		{"type": "bitmap","file": "crazy_adventure:font/none.png","ascent": 0,"height": 2,"chars": ["#"]},
		{"type": "bitmap","file": "crazy_adventure:font/none.png","ascent": 0,"height": 1,"chars": ["$"]},
		{"type": "bitmap","file": "crazy_adventure:font/none.png","ascent": 7,"height": 16,"chars": ["0"]},
		{"type": "bitmap","file": "crazy_adventure:font/invisible_item.png","ascent": 7,"height": 16,"chars": ["U"]},
		{"type": "bitmap","file": "crazy_adventure:font/wiki_information.png","ascent": 8,"height": 16,"chars": ["1"]},
		{"type": "bitmap","file": "crazy_adventure:font/wiki_result_of_craft.png","ascent": 8,"height": 16,"chars": ["2"]},
		{"type": "bitmap","file": "crazy_adventure:font/wiki_ingredient_of_craft.png","ascent": 8,"height": 16,"chars": ["3"]},
		{"type": "bitmap","file": "crazy_adventure:font/shaped_3x3.png","ascent": 1,"height": 58,"chars": ["6"]},
		{"type": "bitmap","file": "crazy_adventure:font/shaped_2x2.png","ascent": 1,"height": 58,"chars": ["5"]},
		{"type": "bitmap","file": "crazy_adventure:font/furnace.png","ascent": 1,"height": 58,"chars": ["7"]},
		{"type": "bitmap","file": "crazy_adventure:font/stonecutting.png","ascent": 4,"height": 58,"chars": ["8"]},
		{"type": "bitmap","file": "crazy_adventure:font/pulverizing.png","ascent": 4,"height": 58,"chars": ["9"]},
		{"type": "bitmap","file": "crazy_adventure:font/mining.png","ascent": 4,"height": 58,"chars": ["@"]},
		{"type": "bitmap","file": "crazy_adventure:font/shaped_3x3.png","ascent": -4,"height": 58,"chars": ["F"]},
		{"type": "bitmap","file": "crazy_adventure:font/shaped_2x2.png","ascent": -2,"height": 58,"chars": ["E"]},
		{"type": "bitmap","file": "crazy_adventure:font/furnace.png","ascent": -3,"height": 58,"chars": ["G"]},
		{"type": "bitmap","file": "crazy_adventure:font/stonecutting.png","ascent": -3,"height": 58,"chars": ["H"]},
		{"type": "bitmap","file": "crazy_adventure:font/pulverizing.png","ascent": -3,"height": 58,"chars": ["I"]},
		{"type": "bitmap","file": "crazy_adventure:font/mining.png","ascent": -3,"height": 58,"chars": ["P"]},
		{"type": "bitmap","file": "crazy_adventure:font/book.png","ascent": 25,"height": 300,"chars": ["V"]}
	]
}
