{
	"providers": [
		{"type": "bitmap","file": "crazy_adventure:font/category/material.png","ascent": 1,"height": 131,"chars": ["ဣ"]},
		{"type": "bitmap","file": "crazy_adventure:font/high_res/uranium_ingot.png","ascent": 7,"height": 16,"chars": ["耡"]},
		{"type": "bitmap","file": "crazy_adventure:font/high_res/uranium_nugget.png","ascent": 7,"height": 16,"chars": ["耣"]},
		{"type": "bitmap","file": "crazy_adventure:font/high_res/raw_uranium.png","ascent": 7,"height": 16,"chars": ["耥"]},
		{"type": "bitmap","file": "crazy_adventure:font/high_res/uranium_block.png","ascent": 7,"height": 16,"chars": ["耧"]},
		{"type": "bitmap","file": "crazy_adventure:font/high_res/uranium_ore.png","ascent": 7,"height": 16,"chars": ["耩"]},
		{"type": "bitmap","file": "crazy_adventure:font/high_res/californium_ingot.png","ascent": 7,"height": 16,"chars": ["耫"]},
		{"type": "bitmap","file": "crazy_adventure:font/high_res/californium_nugget.png","ascent": 7,"height": 16,"chars": ["耭"]},
		{"type": "bitmap","file": "crazy_adventure:font/high_res/raw_californium.png","ascent": 7,"height": 16,"chars": ["耯"]},
		{"type": "bitmap","file": "crazy_adventure:font/high_res/californium_block.png","ascent": 7,"height": 16,"chars": ["耱"]},
		{"type": "bitmap","file": "crazy_adventure:font/high_res/californium_ore.png","ascent": 7,"height": 16,"chars": ["耳"]},
		{"type": "bitmap","file": "crazy_adventure:font/category/equipment.png","ascent": 1,"height": 131,"chars": ["ဤ"]},
		{"type": "bitmap","file": "crazy_adventure:font/high_res/uranium_helmet.png","ascent": 7,"height": 16,"chars": ["耵"]},
		{"type": "bitmap","file": "crazy_adventure:font/high_res/uranium_chestplate.png","ascent": 7,"height": 16,"chars": ["耷"]},
		{"type": "bitmap","file": "crazy_adventure:font/high_res/uranium_leggings.png","ascent": 7,"height": 16,"chars": ["耹"]},
		{"type": "bitmap","file": "crazy_adventure:font/high_res/uranium_boots.png","ascent": 7,"height": 16,"chars": ["耻"]},
		{"type": "bitmap","file": "crazy_adventure:font/high_res/uranium_sword.png","ascent": 7,"height": 16,"chars": ["耽"]},
		{"type": "bitmap","file": "crazy_adventure:font/high_res/uranium_pickaxe.png","ascent": 7,"height": 16,"chars": ["耿"]},
		{"type": "bitmap","file": "crazy_adventure:font/high_res/uranium_axe.png","ascent": 7,"height": 16,"chars": ["聁"]},
		{"type": "bitmap","file": "crazy_adventure:font/high_res/uranium_shovel.png","ascent": 7,"height": 16,"chars": ["聃"]},
		{"type": "bitmap","file": "crazy_adventure:font/high_res/uranium_hoe.png","ascent": 7,"height": 16,"chars": ["聅"]},
		{"type": "bitmap","file": "crazy_adventure:font/high_res/californium_helmet.png","ascent": 7,"height": 16,"chars": ["聇"]},
		{"type": "bitmap","file": "crazy_adventure:font/high_res/californium_chestplate.png","ascent": 7,"height": 16,"chars": ["聉"]},
		{"type": "bitmap","file": "crazy_adventure:font/high_res/californium_leggings.png","ascent": 7,"height": 16,"chars": ["聋"]},
		{"type": "bitmap","file": "crazy_adventure:font/high_res/californium_boots.png","ascent": 7,"height": 16,"chars": ["聍"]},
		{"type": "bitmap","file": "crazy_adventure:font/high_res/californium_sword.png","ascent": 7,"height": 16,"chars": ["聏"]},
		{"type": "bitmap","file": "crazy_adventure:font/high_res/californium_pickaxe.png","ascent": 7,"height": 16,"chars": ["聑"]},
		{"type": "bitmap","file": "crazy_adventure:font/high_res/californium_axe.png","ascent": 7,"height": 16,"chars": ["聓"]},
		{"type": "bitmap","file": "crazy_adventure:font/high_res/californium_shovel.png","ascent": 7,"height": 16,"chars": ["聕"]},
		{"type": "bitmap","file": "crazy_adventure:font/high_res/californium_hoe.png","ascent": 7,"height": 16,"chars": ["聗"]},
		{"type": "bitmap","file": "crazy_adventure:font/category/miscellaneous.png","ascent": 1,"height": 131,"chars": ["ဥ"]},
		{"type": "bitmap","file": "crazy_adventure:font/high_res/manual.png","ascent": 7,"height": 16,"chars": ["聙"]},
		{"type": "bitmap","file": "crazy_adventure:font/high_res/geiger_counter.png","ascent": 7,"height": 16,"chars": ["聛"]},
		{"type": "bitmap","file": "crazy_adventure:font/high_res/uranium_ingot_9.png","ascent": 7,"height": 16,"chars": ["聝"]},
		{"type": "bitmap","file": "crazy_adventure:font/high_res/uranium_nugget_9.png","ascent": 7,"height": 16,"chars": ["聧"]},
		{"type": "bitmap","file": "crazy_adventure:font/wiki_icons/crazy_adventure_uranium_nugget.png","ascent": 8,"height": 16,"chars": ["聩"]},
		{"type": "bitmap","file": "crazy_adventure:font/wiki_icons/crazy_adventure_uranium_block.png","ascent": 8,"height": 16,"chars": ["聬"]},
		{"type": "bitmap","file": "crazy_adventure:font/wiki_icons/crazy_adventure_uranium_helmet.png","ascent": 8,"height": 16,"chars": ["聯"]},
		{"type": "bitmap","file": "crazy_adventure:font/wiki_icons/crazy_adventure_uranium_chestplate.png","ascent": 8,"height": 16,"chars": ["聲"]},
		{"type": "bitmap","file": "crazy_adventure:font/wiki_icons/crazy_adventure_uranium_leggings.png","ascent": 8,"height": 16,"chars": ["聵"]},
		{"type": "bitmap","file": "crazy_adventure:font/wiki_icons/crazy_adventure_uranium_boots.png","ascent": 8,"height": 16,"chars": ["聸"]},
		{"type": "bitmap","file": "crazy_adventure:font/high_res/stick.png","ascent": 7,"height": 16,"chars": ["聻"]},
		{"type": "bitmap","file": "crazy_adventure:font/wiki_icons/crazy_adventure_uranium_sword.png","ascent": 8,"height": 16,"chars": ["聼"]},
		{"type": "bitmap","file": "crazy_adventure:font/wiki_icons/crazy_adventure_uranium_pickaxe.png","ascent": 8,"height": 16,"chars": ["肀"]},
		{"type": "bitmap","file": "crazy_adventure:font/wiki_icons/crazy_adventure_uranium_axe.png","ascent": 8,"height": 16,"chars": ["肄"]},
		{"type": "bitmap","file": "crazy_adventure:font/wiki_icons/crazy_adventure_uranium_shovel.png","ascent": 8,"height": 16,"chars": ["肈"]},
		{"type": "bitmap","file": "crazy_adventure:font/wiki_icons/crazy_adventure_uranium_hoe.png","ascent": 8,"height": 16,"chars": ["肌"]},
		{"type": "bitmap","file": "crazy_adventure:font/high_res/copper_ingot.png","ascent": 7,"height": 16,"chars": ["肏"]},
		{"type": "bitmap","file": "crazy_adventure:font/wiki_icons/crazy_adventure_geiger_counter.png","ascent": 8,"height": 16,"chars": ["肐"]},
		{"type": "bitmap","file": "crazy_adventure:font/wiki_icons/crazy_adventure_uranium_ingot.png","ascent": 8,"height": 16,"chars": ["肩"]},
		{"type": "bitmap","file": "crazy_adventure:font/wiki_icons/crazy_adventure_raw_uranium.png","ascent": 8,"height": 16,"chars": ["肮"]},
		{"type": "bitmap","file": "crazy_adventure:font/wiki_icons/crazy_adventure_uranium_ingot.png","ascent": 8,"height": 16,"chars": ["肱"]},
		{"type": "bitmap","file": "crazy_adventure:font/wiki_icons/crazy_adventure_uranium_ingot.png","ascent": 8,"height": 16,"chars": ["肸"]},
		{"type": "bitmap","file": "crazy_adventure:font/wiki_icons/crazy_adventure_raw_uranium.png","ascent": 8,"height": 16,"chars": ["肽"]},
		{"type": "bitmap","file": "crazy_adventure:font/wiki_icons/crazy_adventure_uranium_ingot.png","ascent": 8,"height": 16,"chars": ["胀"]},
		{"type": "bitmap","file": "crazy_adventure:font/high_res/californium_ingot_9.png","ascent": 7,"height": 16,"chars": ["胁"]},
		{"type": "bitmap","file": "crazy_adventure:font/high_res/californium_nugget_9.png","ascent": 7,"height": 16,"chars": ["胋"]},
		{"type": "bitmap","file": "crazy_adventure:font/wiki_icons/crazy_adventure_californium_nugget.png","ascent": 8,"height": 16,"chars": ["胍"]},
		{"type": "bitmap","file": "crazy_adventure:font/wiki_icons/crazy_adventure_californium_block.png","ascent": 8,"height": 16,"chars": ["胐"]},
		{"type": "bitmap","file": "crazy_adventure:font/wiki_icons/crazy_adventure_californium_helmet.png","ascent": 8,"height": 16,"chars": ["胓"]},
		{"type": "bitmap","file": "crazy_adventure:font/wiki_icons/crazy_adventure_californium_chestplate.png","ascent": 8,"height": 16,"chars": ["胖"]},
		{"type": "bitmap","file": "crazy_adventure:font/wiki_icons/crazy_adventure_californium_leggings.png","ascent": 8,"height": 16,"chars": ["胙"]},
		{"type": "bitmap","file": "crazy_adventure:font/wiki_icons/crazy_adventure_californium_boots.png","ascent": 8,"height": 16,"chars": ["胜"]},
		{"type": "bitmap","file": "crazy_adventure:font/wiki_icons/crazy_adventure_californium_sword.png","ascent": 8,"height": 16,"chars": ["胠"]},
		{"type": "bitmap","file": "crazy_adventure:font/wiki_icons/crazy_adventure_californium_pickaxe.png","ascent": 8,"height": 16,"chars": ["胤"]},
		{"type": "bitmap","file": "crazy_adventure:font/wiki_icons/crazy_adventure_californium_axe.png","ascent": 8,"height": 16,"chars": ["胨"]},
		{"type": "bitmap","file": "crazy_adventure:font/wiki_icons/crazy_adventure_californium_shovel.png","ascent": 8,"height": 16,"chars": ["胬"]},
		{"type": "bitmap","file": "crazy_adventure:font/wiki_icons/crazy_adventure_californium_hoe.png","ascent": 8,"height": 16,"chars": ["胰"]},
		{"type": "bitmap","file": "crazy_adventure:font/wiki_icons/crazy_adventure_californium_ingot.png","ascent": 8,"height": 16,"chars": ["脉"]},
		{"type": "bitmap","file": "crazy_adventure:font/wiki_icons/crazy_adventure_raw_californium.png","ascent": 8,"height": 16,"chars": ["脎"]},
		{"type": "bitmap","file": "crazy_adventure:font/wiki_icons/crazy_adventure_californium_ingot.png","ascent": 8,"height": 16,"chars": ["脑"]},
		{"type": "bitmap","file": "crazy_adventure:font/wiki_icons/crazy_adventure_californium_ingot.png","ascent": 8,"height": 16,"chars": ["脘"]},
		{"type": "bitmap","file": "crazy_adventure:font/wiki_icons/crazy_adventure_raw_californium.png","ascent": 8,"height": 16,"chars": ["脝"]},
		{"type": "bitmap","file": "crazy_adventure:font/wiki_icons/crazy_adventure_californium_ingot.png","ascent": 8,"height": 16,"chars": ["脠"]},
		{"type": "bitmap","file": "crazy_adventure:font/wiki_icons/crazy_adventure_uranium_nugget.png","ascent": 8,"height": 16,"chars": ["脧"]},
		{"type": "bitmap","file": "crazy_adventure:font/wiki_icons/crazy_adventure_uranium_nugget.png","ascent": 8,"height": 16,"chars": ["脮"]},
		{"type": "bitmap","file": "crazy_adventure:font/wiki_icons/crazy_adventure_uranium_nugget.png","ascent": 8,"height": 16,"chars": ["脵"]},
		{"type": "bitmap","file": "crazy_adventure:font/wiki_icons/crazy_adventure_uranium_nugget.png","ascent": 8,"height": 16,"chars": ["脼"]},
		{"type": "bitmap","file": "crazy_adventure:font/wiki_icons/crazy_adventure_uranium_nugget.png","ascent": 8,"height": 16,"chars": ["腅"]},
		{"type": "bitmap","file": "crazy_adventure:font/wiki_icons/crazy_adventure_uranium_nugget.png","ascent": 8,"height": 16,"chars": ["腎"]},
		{"type": "bitmap","file": "crazy_adventure:font/wiki_icons/crazy_adventure_uranium_nugget.png","ascent": 8,"height": 16,"chars": ["腗"]},
		{"type": "bitmap","file": "crazy_adventure:font/wiki_icons/crazy_adventure_uranium_nugget.png","ascent": 8,"height": 16,"chars": ["腠"]},
		{"type": "bitmap","file": "crazy_adventure:font/wiki_icons/crazy_adventure_uranium_nugget.png","ascent": 8,"height": 16,"chars": ["腩"]},
		{"type": "bitmap","file": "crazy_adventure:font/wiki_icons/crazy_adventure_californium_nugget.png","ascent": 8,"height": 16,"chars": ["腰"]},
		{"type": "bitmap","file": "crazy_adventure:font/wiki_icons/crazy_adventure_californium_nugget.png","ascent": 8,"height": 16,"chars": ["腷"]},
		{"type": "bitmap","file": "crazy_adventure:font/wiki_icons/crazy_adventure_californium_nugget.png","ascent": 8,"height": 16,"chars": ["腾"]},
		{"type": "bitmap","file": "crazy_adventure:font/wiki_icons/crazy_adventure_californium_nugget.png","ascent": 8,"height": 16,"chars": ["膅"]},
		{"type": "bitmap","file": "crazy_adventure:font/wiki_icons/crazy_adventure_californium_nugget.png","ascent": 8,"height": 16,"chars": ["膎"]},
		{"type": "bitmap","file": "crazy_adventure:font/wiki_icons/crazy_adventure_californium_nugget.png","ascent": 8,"height": 16,"chars": ["膗"]},
		{"type": "bitmap","file": "crazy_adventure:font/wiki_icons/crazy_adventure_californium_nugget.png","ascent": 8,"height": 16,"chars": ["膠"]},
		{"type": "bitmap","file": "crazy_adventure:font/wiki_icons/crazy_adventure_californium_nugget.png","ascent": 8,"height": 16,"chars": ["膩"]},
		{"type": "bitmap","file": "crazy_adventure:font/wiki_icons/crazy_adventure_californium_nugget.png","ascent": 8,"height": 16,"chars": ["膲"]},
		{"type": "bitmap","file": "crazy_adventure:font/high_res/heavy_workbench.png","ascent": 7,"height": 16,"chars": ["膽"]},
		{"type": "bitmap","file": "crazy_adventure:font/high_res/oak_log.png","ascent": 7,"height": 16,"chars": ["膾"]},
		{"type": "bitmap","file": "crazy_adventure:font/high_res/crafting_table.png","ascent": 7,"height": 16,"chars": ["膿"]},
		{"type": "bitmap","file": "crazy_adventure:font/high_res/smooth_stone.png","ascent": 7,"height": 16,"chars": ["臀"]},
		{"type": "bitmap","file": "crazy_adventure:font/category/categories_page.png","ascent": 1,"height": 131,"chars": ["အ"]},
		{"type": "bitmap","file": "crazy_adventure:font/page/_logo.png","ascent": 0,"height": 40,"chars": ["ဠ"]},
		{"type": "bitmap","file": "crazy_adventure:font/none.png","ascent": 8,"height": 20,"chars": [" "]},
		{"type": "bitmap","file": "crazy_adventure:font/none.png","ascent": 8,"height": 18,"chars": ["!"]},
		{"type": "bitmap","file": "crazy_adventure:font/none.png","ascent": 7,"height": 7,"chars": ["\""]},
		{"type": "bitmap","file": "crazy_adventure:font/none.png","ascent": 0,"height": 2,"chars": ["#"]},
		{"type": "bitmap","file": "crazy_adventure:font/none.png","ascent": 0,"height": 1,"chars": ["$"]},
		{"type": "bitmap","file": "crazy_adventure:font/none.png","ascent": 7,"height": 16,"chars": ["0"]},
		{"type": "bitmap","file": "crazy_adventure:font/invisible_item.png","ascent": 7,"height": 16,"chars": ["U"]},
		{"type": "bitmap","file": "crazy_adventure:font/wiki_information.png","ascent": 8,"height": 16,"chars": ["1"]},
		{"type": "bitmap","file": "crazy_adventure:font/wiki_result_of_craft.png","ascent": 8,"height": 16,"chars": ["2"]},
		{"type": "bitmap","file": "crazy_adventure:font/wiki_ingredient_of_craft.png","ascent": 8,"height": 16,"chars": ["3"]},
		{"type": "bitmap","file": "crazy_adventure:font/shaped_3x3.png","ascent": 1,"height": 58,"chars": ["6"]},
		{"type": "bitmap","file": "crazy_adventure:font/shaped_2x2.png","ascent": 1,"height": 58,"chars": ["5"]},
		{"type": "bitmap","file": "crazy_adventure:font/furnace.png","ascent": 1,"height": 58,"chars": ["7"]},
		{"type": "bitmap","file": "crazy_adventure:font/stonecutting.png","ascent": 4,"height": 58,"chars": ["8"]},
		{"type": "bitmap","file": "crazy_adventure:font/pulverizing.png","ascent": 4,"height": 58,"chars": ["9"]},
		{"type": "bitmap","file": "crazy_adventure:font/mining.png","ascent": 4,"height": 58,"chars": ["@"]},
		{"type": "bitmap","file": "crazy_adventure:font/shaped_3x3.png","ascent": -4,"height": 58,"chars": ["F"]},
		{"type": "bitmap","file": "crazy_adventure:font/shaped_2x2.png","ascent": -2,"height": 58,"chars": ["E"]},
		{"type": "bitmap","file": "crazy_adventure:font/furnace.png","ascent": -3,"height": 58,"chars": ["G"]},
		{"type": "bitmap","file": "crazy_adventure:font/stonecutting.png","ascent": -3,"height": 58,"chars": ["H"]},
		{"type": "bitmap","file": "crazy_adventure:font/pulverizing.png","ascent": -3,"height": 58,"chars": ["I"]},
		{"type": "bitmap","file": "crazy_adventure:font/mining.png","ascent": -3,"height": 58,"chars": ["P"]},
		{"type": "bitmap","file": "crazy_adventure:font/book.png","ascent": 25,"height": 300,"chars": ["V"]}
	]
}
