{
	"providers": [
		{"type": "bitmap","file": "crazy_adventure:font/category/material.png","ascent": 1,"height": 131,"chars": ["ဣ"]},
		{"type": "bitmap","file": "crazy_adventure:font/high_res/uranium_ingot.png","ascent": 7,"height": 16,"chars": ["耡"]},
		{"type": "bitmap","file": "crazy_adventure:font/high_res/uranium_nugget.png","ascent": 7,"height": 16,"chars": ["耣"]},
		{"type": "bitmap","file": "crazy_adventure:font/high_res/raw_uranium.png","ascent": 7,"height": 16,"chars": ["耥"]},
		{"type": "bitmap","file": "crazy_adventure:font/high_res/uranium_block.png","ascent": 7,"height": 16,"chars": ["耧"]},
		{"type": "bitmap","file": "crazy_adventure:font/high_res/uranium_ore.png","ascent": 7,"height": 16,"chars": ["耩"]},
		{"type": "bitmap","file": "crazy_adventure:font/high_res/deepslate_uranium_ore.png","ascent": 7,"height": 16,"chars": ["耫"]},
		{"type": "bitmap","file": "crazy_adventure:font/high_res/californium_ingot.png","ascent": 7,"height": 16,"chars": ["耭"]},
		{"type": "bitmap","file": "crazy_adventure:font/high_res/californium_nugget.png","ascent": 7,"height": 16,"chars": ["耯"]},
		{"type": "bitmap","file": "crazy_adventure:font/high_res/raw_californium.png","ascent": 7,"height": 16,"chars": ["耱"]},
		{"type": "bitmap","file": "crazy_adventure:font/high_res/californium_block.png","ascent": 7,"height": 16,"chars": ["耳"]},
		{"type": "bitmap","file": "crazy_adventure:font/high_res/californium_ore.png","ascent": 7,"height": 16,"chars": ["耵"]},
		{"type": "bitmap","file": "crazy_adventure:font/category/equipment.png","ascent": 1,"height": 131,"chars": ["ဤ"]},
		{"type": "bitmap","file": "crazy_adventure:font/high_res/uranium_helmet.png","ascent": 7,"height": 16,"chars": ["耷"]},
		{"type": "bitmap","file": "crazy_adventure:font/high_res/uranium_chestplate.png","ascent": 7,"height": 16,"chars": ["耹"]},
		{"type": "bitmap","file": "crazy_adventure:font/high_res/uranium_leggings.png","ascent": 7,"height": 16,"chars": ["耻"]},
		{"type": "bitmap","file": "crazy_adventure:font/high_res/uranium_boots.png","ascent": 7,"height": 16,"chars": ["耽"]},
		{"type": "bitmap","file": "crazy_adventure:font/high_res/uranium_sword.png","ascent": 7,"height": 16,"chars": ["耿"]},
		{"type": "bitmap","file": "crazy_adventure:font/high_res/uranium_pickaxe.png","ascent": 7,"height": 16,"chars": ["聁"]},
		{"type": "bitmap","file": "crazy_adventure:font/high_res/uranium_axe.png","ascent": 7,"height": 16,"chars": ["聃"]},
		{"type": "bitmap","file": "crazy_adventure:font/high_res/uranium_shovel.png","ascent": 7,"height": 16,"chars": ["聅"]},
		{"type": "bitmap","file": "crazy_adventure:font/high_res/uranium_hoe.png","ascent": 7,"height": 16,"chars": ["聇"]},
		{"type": "bitmap","file": "crazy_adventure:font/high_res/californium_helmet.png","ascent": 7,"height": 16,"chars": ["聉"]},
		{"type": "bitmap","file": "crazy_adventure:font/high_res/californium_chestplate.png","ascent": 7,"height": 16,"chars": ["聋"]},
		{"type": "bitmap","file": "crazy_adventure:font/high_res/californium_leggings.png","ascent": 7,"height": 16,"chars": ["聍"]},
		{"type": "bitmap","file": "crazy_adventure:font/high_res/californium_boots.png","ascent": 7,"height": 16,"chars": ["聏"]},
		{"type": "bitmap","file": "crazy_adventure:font/high_res/californium_sword.png","ascent": 7,"height": 16,"chars": ["聑"]},
		{"type": "bitmap","file": "crazy_adventure:font/high_res/californium_pickaxe.png","ascent": 7,"height": 16,"chars": ["聓"]},
		{"type": "bitmap","file": "crazy_adventure:font/high_res/californium_axe.png","ascent": 7,"height": 16,"chars": ["聕"]},
		{"type": "bitmap","file": "crazy_adventure:font/high_res/californium_shovel.png","ascent": 7,"height": 16,"chars": ["聗"]},
		{"type": "bitmap","file": "crazy_adventure:font/high_res/californium_hoe.png","ascent": 7,"height": 16,"chars": ["聙"]},
		{"type": "bitmap","file": "crazy_adventure:font/high_res/cave_helmet.png","ascent": 7,"height": 16,"chars": ["聛"]},
		{"type": "bitmap","file": "crazy_adventure:font/high_res/anti_radiation_helmet.png","ascent": 7,"height": 16,"chars": ["聝"]},
		{"type": "bitmap","file": "crazy_adventure:font/high_res/anti_radiation_chestplate.png","ascent": 7,"height": 16,"chars": ["聟"]},
		{"type": "bitmap","file": "crazy_adventure:font/high_res/anti_radiation_leggings.png","ascent": 7,"height": 16,"chars": ["聡"]},
		{"type": "bitmap","file": "crazy_adventure:font/high_res/anti_radiation_boots.png","ascent": 7,"height": 16,"chars": ["聣"]},
		{"type": "bitmap","file": "crazy_adventure:font/high_res/anti_radiation_glove.png","ascent": 7,"height": 16,"chars": ["聥"]},
		{"type": "bitmap","file": "crazy_adventure:font/category/miscellaneous.png","ascent": 1,"height": 131,"chars": ["ဥ"]},
		{"type": "bitmap","file": "crazy_adventure:font/high_res/manual.png","ascent": 7,"height": 16,"chars": ["聧"]},
		{"type": "bitmap","file": "crazy_adventure:font/high_res/geiger_counter.png","ascent": 7,"height": 16,"chars": ["聩"]},
		{"type": "bitmap","file": "crazy_adventure:font/high_res/uranium_core.png","ascent": 7,"height": 16,"chars": ["聫"]},
		{"type": "bitmap","file": "crazy_adventure:font/high_res/uranium_waste.png","ascent": 7,"height": 16,"chars": ["聭"]},
		{"type": "bitmap","file": "crazy_adventure:font/high_res/uranium_waste_barrel.png","ascent": 7,"height": 16,"chars": ["聯"]},
		{"type": "bitmap","file": "crazy_adventure:font/high_res/uranium_shard.png","ascent": 7,"height": 16,"chars": ["聱"]},
		{"type": "bitmap","file": "crazy_adventure:font/high_res/uranium_book.png","ascent": 7,"height": 16,"chars": ["聳"]},
		{"type": "bitmap","file": "crazy_adventure:font/high_res/californium_core.png","ascent": 7,"height": 16,"chars": ["聵"]},
		{"type": "bitmap","file": "crazy_adventure:font/high_res/californium_waste.png","ascent": 7,"height": 16,"chars": ["職"]},
		{"type": "bitmap","file": "crazy_adventure:font/high_res/californium_waste_barrel.png","ascent": 7,"height": 16,"chars": ["聹"]},
		{"type": "bitmap","file": "crazy_adventure:font/high_res/souls_bag.png","ascent": 7,"height": 16,"chars": ["聻"]},
		{"type": "bitmap","file": "crazy_adventure:font/high_res/boss_altar.png","ascent": 7,"height": 16,"chars": ["聽"]},
		{"type": "bitmap","file": "crazy_adventure:font/high_res/banana_plant.png","ascent": 7,"height": 16,"chars": ["聿"]},
		{"type": "bitmap","file": "crazy_adventure:font/high_res/miner.png","ascent": 7,"height": 16,"chars": ["肁"]},
		{"type": "bitmap","file": "crazy_adventure:font/high_res/battle_boss.png","ascent": 7,"height": 16,"chars": ["肃"]},
		{"type": "bitmap","file": "crazy_adventure:font/category/generator.png","ascent": 1,"height": 131,"chars": ["ဦ"]},
		{"type": "bitmap","file": "crazy_adventure:font/high_res/nuclear_reactor.png","ascent": 7,"height": 16,"chars": ["肅"]},
		{"type": "bitmap","file": "crazy_adventure:font/high_res/better_nuclear_reactor.png","ascent": 7,"height": 16,"chars": ["肇"]},
		{"type": "bitmap","file": "crazy_adventure:font/high_res/amazing_nuclear_reactor.png","ascent": 7,"height": 16,"chars": ["肉"]},
		{"type": "bitmap","file": "crazy_adventure:font/high_res/incredible_nuclear_reactor.png","ascent": 7,"height": 16,"chars": ["肋"]},
		{"type": "bitmap","file": "crazy_adventure:font/category/energy.png","ascent": 1,"height": 131,"chars": ["ဧ"]},
		{"type": "bitmap","file": "crazy_adventure:font/high_res/uranium_battery.png","ascent": 7,"height": 16,"chars": ["肍"]},
		{"type": "bitmap","file": "crazy_adventure:font/high_res/californium_battery.png","ascent": 7,"height": 16,"chars": ["肏"]},
		{"type": "bitmap","file": "crazy_adventure:font/high_res/ore_extractor_1.png","ascent": 7,"height": 16,"chars": ["肑"]},
		{"type": "bitmap","file": "crazy_adventure:font/high_res/ore_extractor_2.png","ascent": 7,"height": 16,"chars": ["肓"]},
		{"type": "bitmap","file": "crazy_adventure:font/high_res/ore_extractor_3.png","ascent": 7,"height": 16,"chars": ["肕"]},
		{"type": "bitmap","file": "crazy_adventure:font/high_res/ore_extractor_4.png","ascent": 7,"height": 16,"chars": ["肗"]},
		{"type": "bitmap","file": "crazy_adventure:font/high_res/uranium_upgrader.png","ascent": 7,"height": 16,"chars": ["肙"]},
		{"type": "bitmap","file": "crazy_adventure:font/high_res/oxidizer.png","ascent": 7,"height": 16,"chars": ["肛"]},
		{"type": "bitmap","file": "crazy_adventure:font/high_res/storm_stick_charger.png","ascent": 7,"height": 16,"chars": ["肝"]},
		{"type": "bitmap","file": "crazy_adventure:font/high_res/fireball_stick_charger.png","ascent": 7,"height": 16,"chars": ["肟"]},
		{"type": "bitmap","file": "crazy_adventure:font/high_res/shield_stick_charger.png","ascent": 7,"height": 16,"chars": ["股"]},
		{"type": "bitmap","file": "crazy_adventure:font/high_res/fertilizer_stick_charger.png","ascent": 7,"height": 16,"chars": ["肣"]},
		{"type": "bitmap","file": "crazy_adventure:font/category/radiactivity.png","ascent": 1,"height": 131,"chars": ["ဨ"]},
		{"type": "bitmap","file": "crazy_adventure:font/high_res/banana_sapling.png","ascent": 7,"height": 16,"chars": ["肥"]},
		{"type": "bitmap","file": "crazy_adventure:font/high_res/banana.png","ascent": 7,"height": 16,"chars": ["肧"]},
		{"type": "bitmap","file": "crazy_adventure:font/high_res/uranium_banana.png","ascent": 7,"height": 16,"chars": ["肩"]},
		{"type": "bitmap","file": "crazy_adventure:font/high_res/uranium_apple.png","ascent": 7,"height": 16,"chars": ["肫"]},
		{"type": "bitmap","file": "crazy_adventure:font/high_res/chargeless_stick.png","ascent": 7,"height": 16,"chars": ["肭"]},
		{"type": "bitmap","file": "crazy_adventure:font/high_res/fireball_stick.png","ascent": 7,"height": 16,"chars": ["肯"]},
		{"type": "bitmap","file": "crazy_adventure:font/high_res/storm_stick.png","ascent": 7,"height": 16,"chars": ["肱"]},
		{"type": "bitmap","file": "crazy_adventure:font/high_res/shield_stick.png","ascent": 7,"height": 16,"chars": ["肳"]},
		{"type": "bitmap","file": "crazy_adventure:font/high_res/fertilizer_stick.png","ascent": 7,"height": 16,"chars": ["肵"]},
		{"type": "bitmap","file": "crazy_adventure:font/high_res/uranium_ingot_9.png","ascent": 7,"height": 16,"chars": ["肷"]},
		{"type": "bitmap","file": "crazy_adventure:font/high_res/uranium_nugget_9.png","ascent": 7,"height": 16,"chars": ["胃"]},
		{"type": "bitmap","file": "crazy_adventure:font/wiki_icons/crazy_adventure_uranium_nugget.png","ascent": 8,"height": 16,"chars": ["胅"]},
		{"type": "bitmap","file": "crazy_adventure:font/wiki_icons/crazy_adventure_uranium_block.png","ascent": 8,"height": 16,"chars": ["胈"]},
		{"type": "bitmap","file": "crazy_adventure:font/wiki_icons/crazy_adventure_uranium_helmet.png","ascent": 8,"height": 16,"chars": ["胋"]},
		{"type": "bitmap","file": "crazy_adventure:font/wiki_icons/crazy_adventure_uranium_chestplate.png","ascent": 8,"height": 16,"chars": ["胎"]},
		{"type": "bitmap","file": "crazy_adventure:font/wiki_icons/crazy_adventure_uranium_leggings.png","ascent": 8,"height": 16,"chars": ["胑"]},
		{"type": "bitmap","file": "crazy_adventure:font/wiki_icons/crazy_adventure_uranium_boots.png","ascent": 8,"height": 16,"chars": ["胔"]},
		{"type": "bitmap","file": "crazy_adventure:font/high_res/stick.png","ascent": 7,"height": 16,"chars": ["胗"]},
		{"type": "bitmap","file": "crazy_adventure:font/wiki_icons/crazy_adventure_uranium_sword.png","ascent": 8,"height": 16,"chars": ["胘"]},
		{"type": "bitmap","file": "crazy_adventure:font/wiki_icons/crazy_adventure_uranium_pickaxe.png","ascent": 8,"height": 16,"chars": ["胜"]},
		{"type": "bitmap","file": "crazy_adventure:font/wiki_icons/crazy_adventure_uranium_axe.png","ascent": 8,"height": 16,"chars": ["胠"]},
		{"type": "bitmap","file": "crazy_adventure:font/wiki_icons/crazy_adventure_uranium_shovel.png","ascent": 8,"height": 16,"chars": ["胤"]},
		{"type": "bitmap","file": "crazy_adventure:font/wiki_icons/crazy_adventure_uranium_hoe.png","ascent": 8,"height": 16,"chars": ["胨"]},
		{"type": "bitmap","file": "crazy_adventure:font/high_res/copper_ingot.png","ascent": 7,"height": 16,"chars": ["胫"]},
		{"type": "bitmap","file": "crazy_adventure:font/wiki_icons/crazy_adventure_geiger_counter.png","ascent": 8,"height": 16,"chars": ["胬"]},
		{"type": "bitmap","file": "crazy_adventure:font/high_res/iron_block.png","ascent": 7,"height": 16,"chars": ["胯"]},
		{"type": "bitmap","file": "crazy_adventure:font/wiki_icons/crazy_adventure_uranium_core.png","ascent": 8,"height": 16,"chars": ["胰"]},
		{"type": "bitmap","file": "crazy_adventure:font/high_res/furnace.png","ascent": 7,"height": 16,"chars": ["胳"]},
		{"type": "bitmap","file": "crazy_adventure:font/high_res/copper_block.png","ascent": 7,"height": 16,"chars": ["胴"]},
		{"type": "bitmap","file": "crazy_adventure:font/wiki_icons/crazy_adventure_nuclear_reactor.png","ascent": 8,"height": 16,"chars": ["胵"]},
		{"type": "bitmap","file": "crazy_adventure:font/high_res/stone_pickaxe.png","ascent": 7,"height": 16,"chars": ["胸"]},
		{"type": "bitmap","file": "crazy_adventure:font/high_res/exposed_copper.png","ascent": 7,"height": 16,"chars": ["胺"]},
		{"type": "bitmap","file": "crazy_adventure:font/wiki_icons/crazy_adventure_ore_extractor_2.png","ascent": 8,"height": 16,"chars": ["胻"]},
		{"type": "bitmap","file": "crazy_adventure:font/wiki_icons/crazy_adventure_uranium_upgrader.png","ascent": 8,"height": 16,"chars": ["脀"]},
		{"type": "bitmap","file": "crazy_adventure:font/wiki_icons/crazy_adventure_uranium_banana.png","ascent": 8,"height": 16,"chars": ["脄"]},
		{"type": "bitmap","file": "crazy_adventure:font/wiki_icons/crazy_adventure_uranium_ingot.png","ascent": 8,"height": 16,"chars": ["脝"]},
		{"type": "bitmap","file": "crazy_adventure:font/wiki_icons/crazy_adventure_raw_uranium.png","ascent": 8,"height": 16,"chars": ["脢"]},
		{"type": "bitmap","file": "crazy_adventure:font/wiki_icons/crazy_adventure_raw_uranium.png","ascent": 8,"height": 16,"chars": ["脥"]},
		{"type": "bitmap","file": "crazy_adventure:font/wiki_icons/crazy_adventure_uranium_ingot.png","ascent": 8,"height": 16,"chars": ["脨"]},
		{"type": "bitmap","file": "crazy_adventure:font/wiki_icons/crazy_adventure_uranium_ingot.png","ascent": 8,"height": 16,"chars": ["脯"]},
		{"type": "bitmap","file": "crazy_adventure:font/high_res/oxidized_copper.png","ascent": 7,"height": 16,"chars": ["脴"]},
		{"type": "bitmap","file": "crazy_adventure:font/wiki_icons/crazy_adventure_ore_extractor_4.png","ascent": 8,"height": 16,"chars": ["脵"]},
		{"type": "bitmap","file": "crazy_adventure:font/high_res/golden_apple.png","ascent": 7,"height": 16,"chars": ["脸"]},
		{"type": "bitmap","file": "crazy_adventure:font/wiki_icons/crazy_adventure_uranium_apple.png","ascent": 8,"height": 16,"chars": ["脹"]},
		{"type": "bitmap","file": "crazy_adventure:font/wiki_icons/crazy_adventure_raw_uranium.png","ascent": 8,"height": 16,"chars": ["脾"]},
		{"type": "bitmap","file": "crazy_adventure:font/wiki_icons/crazy_adventure_uranium_ingot.png","ascent": 8,"height": 16,"chars": ["腁"]},
		{"type": "bitmap","file": "crazy_adventure:font/wiki_icons/crazy_adventure_raw_uranium.png","ascent": 8,"height": 16,"chars": ["腆"]},
		{"type": "bitmap","file": "crazy_adventure:font/wiki_icons/crazy_adventure_uranium_ingot.png","ascent": 8,"height": 16,"chars": ["腉"]},
		{"type": "bitmap","file": "crazy_adventure:font/high_res/californium_ingot_9.png","ascent": 7,"height": 16,"chars": ["腊"]},
		{"type": "bitmap","file": "crazy_adventure:font/high_res/californium_nugget_9.png","ascent": 7,"height": 16,"chars": ["腔"]},
		{"type": "bitmap","file": "crazy_adventure:font/wiki_icons/crazy_adventure_californium_nugget.png","ascent": 8,"height": 16,"chars": ["腖"]},
		{"type": "bitmap","file": "crazy_adventure:font/wiki_icons/crazy_adventure_californium_block.png","ascent": 8,"height": 16,"chars": ["腙"]},
		{"type": "bitmap","file": "crazy_adventure:font/wiki_icons/crazy_adventure_californium_helmet.png","ascent": 8,"height": 16,"chars": ["腜"]},
		{"type": "bitmap","file": "crazy_adventure:font/wiki_icons/crazy_adventure_californium_chestplate.png","ascent": 8,"height": 16,"chars": ["腟"]},
		{"type": "bitmap","file": "crazy_adventure:font/wiki_icons/crazy_adventure_californium_leggings.png","ascent": 8,"height": 16,"chars": ["腢"]},
		{"type": "bitmap","file": "crazy_adventure:font/wiki_icons/crazy_adventure_californium_boots.png","ascent": 8,"height": 16,"chars": ["腥"]},
		{"type": "bitmap","file": "crazy_adventure:font/wiki_icons/crazy_adventure_californium_sword.png","ascent": 8,"height": 16,"chars": ["腩"]},
		{"type": "bitmap","file": "crazy_adventure:font/wiki_icons/crazy_adventure_californium_pickaxe.png","ascent": 8,"height": 16,"chars": ["腭"]},
		{"type": "bitmap","file": "crazy_adventure:font/wiki_icons/crazy_adventure_californium_axe.png","ascent": 8,"height": 16,"chars": ["腱"]},
		{"type": "bitmap","file": "crazy_adventure:font/wiki_icons/crazy_adventure_californium_shovel.png","ascent": 8,"height": 16,"chars": ["腵"]},
		{"type": "bitmap","file": "crazy_adventure:font/wiki_icons/crazy_adventure_californium_hoe.png","ascent": 8,"height": 16,"chars": ["腹"]},
		{"type": "bitmap","file": "crazy_adventure:font/wiki_icons/crazy_adventure_californium_core.png","ascent": 8,"height": 16,"chars": ["腽"]},
		{"type": "bitmap","file": "crazy_adventure:font/high_res/weathered_copper.png","ascent": 7,"height": 16,"chars": ["膁"]},
		{"type": "bitmap","file": "crazy_adventure:font/wiki_icons/crazy_adventure_amazing_nuclear_reactor.png","ascent": 8,"height": 16,"chars": ["膂"]},
		{"type": "bitmap","file": "crazy_adventure:font/high_res/blue_wool.png","ascent": 7,"height": 16,"chars": ["膆"]},
		{"type": "bitmap","file": "crazy_adventure:font/wiki_icons/crazy_adventure_anti_radiation_glove.png","ascent": 8,"height": 16,"chars": ["膇"]},
		{"type": "bitmap","file": "crazy_adventure:font/wiki_icons/crazy_adventure_californium_ingot.png","ascent": 8,"height": 16,"chars": ["膠"]},
		{"type": "bitmap","file": "crazy_adventure:font/wiki_icons/crazy_adventure_oxidizer.png","ascent": 8,"height": 16,"chars": ["膤"]},
		{"type": "bitmap","file": "crazy_adventure:font/high_res/blue_stained_glass_pane.png","ascent": 7,"height": 16,"chars": ["膧"]},
		{"type": "bitmap","file": "crazy_adventure:font/high_res/yellow_wool.png","ascent": 7,"height": 16,"chars": ["膨"]},
		{"type": "bitmap","file": "crazy_adventure:font/wiki_icons/crazy_adventure_anti_radiation_helmet.png","ascent": 8,"height": 16,"chars": ["膩"]},
		{"type": "bitmap","file": "crazy_adventure:font/wiki_icons/crazy_adventure_raw_californium.png","ascent": 8,"height": 16,"chars": ["膮"]},
		{"type": "bitmap","file": "crazy_adventure:font/wiki_icons/crazy_adventure_californium_ingot.png","ascent": 8,"height": 16,"chars": ["膱"]},
		{"type": "bitmap","file": "crazy_adventure:font/wiki_icons/crazy_adventure_californium_ingot.png","ascent": 8,"height": 16,"chars": ["膸"]},
		{"type": "bitmap","file": "crazy_adventure:font/wiki_icons/crazy_adventure_californium_battery.png","ascent": 8,"height": 16,"chars": ["膽"]},
		{"type": "bitmap","file": "crazy_adventure:font/wiki_icons/crazy_adventure_raw_californium.png","ascent": 8,"height": 16,"chars": ["臂"]},
		{"type": "bitmap","file": "crazy_adventure:font/wiki_icons/crazy_adventure_californium_ingot.png","ascent": 8,"height": 16,"chars": ["臅"]},
		{"type": "bitmap","file": "crazy_adventure:font/wiki_icons/crazy_adventure_uranium_nugget.png","ascent": 8,"height": 16,"chars": ["臌"]},
		{"type": "bitmap","file": "crazy_adventure:font/wiki_icons/crazy_adventure_uranium_nugget.png","ascent": 8,"height": 16,"chars": ["臓"]},
		{"type": "bitmap","file": "crazy_adventure:font/wiki_icons/crazy_adventure_uranium_nugget.png","ascent": 8,"height": 16,"chars": ["臚"]},
		{"type": "bitmap","file": "crazy_adventure:font/wiki_icons/crazy_adventure_uranium_nugget.png","ascent": 8,"height": 16,"chars": ["臡"]},
		{"type": "bitmap","file": "crazy_adventure:font/wiki_icons/crazy_adventure_uranium_nugget.png","ascent": 8,"height": 16,"chars": ["自"]},
		{"type": "bitmap","file": "crazy_adventure:font/wiki_icons/crazy_adventure_uranium_nugget.png","ascent": 8,"height": 16,"chars": ["至"]},
		{"type": "bitmap","file": "crazy_adventure:font/wiki_icons/crazy_adventure_uranium_nugget.png","ascent": 8,"height": 16,"chars": ["臼"]},
		{"type": "bitmap","file": "crazy_adventure:font/wiki_icons/crazy_adventure_uranium_nugget.png","ascent": 8,"height": 16,"chars": ["舅"]},
		{"type": "bitmap","file": "crazy_adventure:font/wiki_icons/crazy_adventure_uranium_nugget.png","ascent": 8,"height": 16,"chars": ["舎"]},
		{"type": "bitmap","file": "crazy_adventure:font/wiki_icons/crazy_adventure_californium_nugget.png","ascent": 8,"height": 16,"chars": ["舕"]},
		{"type": "bitmap","file": "crazy_adventure:font/wiki_icons/crazy_adventure_californium_nugget.png","ascent": 8,"height": 16,"chars": ["舜"]},
		{"type": "bitmap","file": "crazy_adventure:font/wiki_icons/crazy_adventure_californium_nugget.png","ascent": 8,"height": 16,"chars": ["舣"]},
		{"type": "bitmap","file": "crazy_adventure:font/wiki_icons/crazy_adventure_californium_nugget.png","ascent": 8,"height": 16,"chars": ["航"]},
		{"type": "bitmap","file": "crazy_adventure:font/wiki_icons/crazy_adventure_californium_nugget.png","ascent": 8,"height": 16,"chars": ["舳"]},
		{"type": "bitmap","file": "crazy_adventure:font/wiki_icons/crazy_adventure_californium_nugget.png","ascent": 8,"height": 16,"chars": ["舼"]},
		{"type": "bitmap","file": "crazy_adventure:font/wiki_icons/crazy_adventure_ore_extractor_4.png","ascent": 8,"height": 16,"chars": ["艂"]},
		{"type": "bitmap","file": "crazy_adventure:font/wiki_icons/crazy_adventure_californium_nugget.png","ascent": 8,"height": 16,"chars": ["艋"]},
		{"type": "bitmap","file": "crazy_adventure:font/wiki_icons/crazy_adventure_californium_nugget.png","ascent": 8,"height": 16,"chars": ["艔"]},
		{"type": "bitmap","file": "crazy_adventure:font/wiki_icons/crazy_adventure_californium_nugget.png","ascent": 8,"height": 16,"chars": ["艝"]},
		{"type": "bitmap","file": "crazy_adventure:font/page/cave_helmet.png","ascent": 0,"height": 40,"chars": ["၆"]},
		{"type": "bitmap","file": "crazy_adventure:font/high_res/book.png","ascent": 7,"height": 16,"chars": ["节"]},
		{"type": "bitmap","file": "crazy_adventure:font/high_res/tnt.png","ascent": 7,"height": 16,"chars": ["芃"]},
		{"type": "bitmap","file": "crazy_adventure:font/wiki_icons/crazy_adventure_uranium_book.png","ascent": 8,"height": 16,"chars": ["芇"]},
		{"type": "bitmap","file": "crazy_adventure:font/wiki_icons/crazy_adventure_californium_core.png","ascent": 8,"height": 16,"chars": ["芗"]},
		{"type": "bitmap","file": "crazy_adventure:font/high_res/black_candle.png","ascent": 7,"height": 16,"chars": ["芙"]},
		{"type": "bitmap","file": "crazy_adventure:font/high_res/wither_skeleton_skull.png","ascent": 7,"height": 16,"chars": ["芚"]},
		{"type": "bitmap","file": "crazy_adventure:font/high_res/charcoal.png","ascent": 7,"height": 16,"chars": ["芜"]},
		{"type": "bitmap","file": "crazy_adventure:font/wiki_icons/crazy_adventure_boss_altar.png","ascent": 8,"height": 16,"chars": ["芝"]},
		{"type": "bitmap","file": "crazy_adventure:font/wiki_icons/crazy_adventure_better_nuclear_reactor.png","ascent": 8,"height": 16,"chars": ["芢"]},
		{"type": "bitmap","file": "crazy_adventure:font/high_res/bow.png","ascent": 7,"height": 16,"chars": ["芦"]},
		{"type": "bitmap","file": "crazy_adventure:font/high_res/coal_block.png","ascent": 7,"height": 16,"chars": ["芧"]},
		{"type": "bitmap","file": "crazy_adventure:font/wiki_icons/crazy_adventure_uranium_battery.png","ascent": 8,"height": 16,"chars": ["芨"]},
		{"type": "bitmap","file": "crazy_adventure:font/high_res/iron_pickaxe.png","ascent": 7,"height": 16,"chars": ["芫"]},
		{"type": "bitmap","file": "crazy_adventure:font/wiki_icons/crazy_adventure_ore_extractor_3.png","ascent": 8,"height": 16,"chars": ["芮"]},
		{"type": "bitmap","file": "crazy_adventure:font/high_res/lightning_rod.png","ascent": 7,"height": 16,"chars": ["芰"]},
		{"type": "bitmap","file": "crazy_adventure:font/wiki_icons/crazy_adventure_storm_stick_charger.png","ascent": 8,"height": 16,"chars": ["芴"]},
		{"type": "bitmap","file": "crazy_adventure:font/high_res/fire_charge.png","ascent": 7,"height": 16,"chars": ["芶"]},
		{"type": "bitmap","file": "crazy_adventure:font/wiki_icons/crazy_adventure_fireball_stick_charger.png","ascent": 8,"height": 16,"chars": ["芺"]},
		{"type": "bitmap","file": "crazy_adventure:font/high_res/crying_obsidian.png","ascent": 7,"height": 16,"chars": ["芼"]},
		{"type": "bitmap","file": "crazy_adventure:font/wiki_icons/crazy_adventure_shield_stick_charger.png","ascent": 8,"height": 16,"chars": ["苀"]},
		{"type": "bitmap","file": "crazy_adventure:font/high_res/bone_block.png","ascent": 7,"height": 16,"chars": ["苂"]},
		{"type": "bitmap","file": "crazy_adventure:font/wiki_icons/crazy_adventure_fertilizer_stick_charger.png","ascent": 8,"height": 16,"chars": ["苆"]},
		{"type": "bitmap","file": "crazy_adventure:font/wiki_icons/crazy_adventure_anti_radiation_chestplate.png","ascent": 8,"height": 16,"chars": ["苊"]},
		{"type": "bitmap","file": "crazy_adventure:font/wiki_icons/crazy_adventure_anti_radiation_glove.png","ascent": 8,"height": 16,"chars": ["苏"]},
		{"type": "bitmap","file": "crazy_adventure:font/high_res/blaze_rod.png","ascent": 7,"height": 16,"chars": ["苓"]},
		{"type": "bitmap","file": "crazy_adventure:font/wiki_icons/crazy_adventure_chargeless_stick.png","ascent": 8,"height": 16,"chars": ["苔"]},
		{"type": "bitmap","file": "crazy_adventure:font/page/uranium_waste.png","ascent": 0,"height": 40,"chars": ["၏"]},
		{"type": "bitmap","file": "crazy_adventure:font/high_res/barrel.png","ascent": 7,"height": 16,"chars": ["苘"]},
		{"type": "bitmap","file": "crazy_adventure:font/wiki_icons/crazy_adventure_uranium_waste_barrel.png","ascent": 8,"height": 16,"chars": ["苙"]},
		{"type": "bitmap","file": "crazy_adventure:font/wiki_icons/crazy_adventure_chargeless_stick.png","ascent": 8,"height": 16,"chars": ["苞"]},
		{"type": "bitmap","file": "crazy_adventure:font/wiki_icons/crazy_adventure_uranium_battery.png","ascent": 8,"height": 16,"chars": ["苩"]},
		{"type": "bitmap","file": "crazy_adventure:font/wiki_icons/crazy_adventure_storm_stick_charger.png","ascent": 8,"height": 16,"chars": ["苯"]},
		{"type": "bitmap","file": "crazy_adventure:font/wiki_icons/crazy_adventure_fireball_stick_charger.png","ascent": 8,"height": 16,"chars": ["苵"]},
		{"type": "bitmap","file": "crazy_adventure:font/wiki_icons/crazy_adventure_shield_stick_charger.png","ascent": 8,"height": 16,"chars": ["苻"]},
		{"type": "bitmap","file": "crazy_adventure:font/wiki_icons/crazy_adventure_fertilizer_stick_charger.png","ascent": 8,"height": 16,"chars": ["茁"]},
		{"type": "bitmap","file": "crazy_adventure:font/page/uranium_shard.png","ascent": 0,"height": 40,"chars": ["ၑ"]},
		{"type": "bitmap","file": "crazy_adventure:font/wiki_icons/crazy_adventure_uranium_book.png","ascent": 8,"height": 16,"chars": ["茆"]},
		{"type": "bitmap","file": "crazy_adventure:font/wiki_icons/crazy_adventure_uranium_upgrader.png","ascent": 8,"height": 16,"chars": ["茑"]},
		{"type": "bitmap","file": "crazy_adventure:font/wiki_icons/crazy_adventure_incredible_nuclear_reactor.png","ascent": 8,"height": 16,"chars": ["茜"]},
		{"type": "bitmap","file": "crazy_adventure:font/wiki_icons/crazy_adventure_californium_battery.png","ascent": 8,"height": 16,"chars": ["茢"]},
		{"type": "bitmap","file": "crazy_adventure:font/page/californium_waste.png","ascent": 0,"height": 40,"chars": ["ၔ"]},
		{"type": "bitmap","file": "crazy_adventure:font/wiki_icons/crazy_adventure_californium_waste_barrel.png","ascent": 8,"height": 16,"chars": ["茧"]},
		{"type": "bitmap","file": "crazy_adventure:font/wiki_icons/crazy_adventure_californium_battery.png","ascent": 8,"height": 16,"chars": ["茲"]},
		{"type": "bitmap","file": "crazy_adventure:font/high_res/string.png","ascent": 7,"height": 16,"chars": ["茴"]},
		{"type": "bitmap","file": "crazy_adventure:font/high_res/fermented_spider_eye.png","ascent": 7,"height": 16,"chars": ["茶"]},
		{"type": "bitmap","file": "crazy_adventure:font/high_res/banana_1.png","ascent": 7,"height": 16,"chars": ["荅"]},
		{"type": "bitmap","file": "crazy_adventure:font/wiki_icons/crazy_adventure_banana.png","ascent": 8,"height": 16,"chars": ["草"]},
		{"type": "bitmap","file": "crazy_adventure:font/page/miner.png","ascent": 0,"height": 40,"chars": ["ၙ"]},
		{"type": "bitmap","file": "crazy_adventure:font/page/battle_boss.png","ascent": 0,"height": 40,"chars": ["ၚ"]},
		{"type": "bitmap","file": "crazy_adventure:font/wiki_icons/crazy_adventure_better_nuclear_reactor.png","ascent": 8,"height": 16,"chars": ["荘"]},
		{"type": "bitmap","file": "crazy_adventure:font/wiki_icons/crazy_adventure_amazing_nuclear_reactor.png","ascent": 8,"height": 16,"chars": ["荥"]},
		{"type": "bitmap","file": "crazy_adventure:font/wiki_icons/crazy_adventure_incredible_nuclear_reactor.png","ascent": 8,"height": 16,"chars": ["荲"]},
		{"type": "bitmap","file": "crazy_adventure:font/wiki_icons/crazy_adventure_californium_battery.png","ascent": 8,"height": 16,"chars": ["莌"]},
		{"type": "bitmap","file": "crazy_adventure:font/high_res/gold_block.png","ascent": 7,"height": 16,"chars": ["莜"]},
		{"type": "bitmap","file": "crazy_adventure:font/high_res/wooden_pickaxe.png","ascent": 7,"height": 16,"chars": ["莞"]},
		{"type": "bitmap","file": "crazy_adventure:font/wiki_icons/crazy_adventure_ore_extractor_2.png","ascent": 8,"height": 16,"chars": ["莫"]},
		{"type": "bitmap","file": "crazy_adventure:font/wiki_icons/crazy_adventure_ore_extractor_3.png","ascent": 8,"height": 16,"chars": ["莻"]},
		{"type": "bitmap","file": "crazy_adventure:font/wiki_icons/crazy_adventure_ore_extractor_4.png","ascent": 8,"height": 16,"chars": ["菋"]},
		{"type": "bitmap","file": "crazy_adventure:font/high_res/redstone_block.png","ascent": 7,"height": 16,"chars": ["菳"]},
		{"type": "bitmap","file": "crazy_adventure:font/high_res/banana_sapling_2.png","ascent": 7,"height": 16,"chars": ["萤"]},
		{"type": "bitmap","file": "crazy_adventure:font/high_res/bone_meal.png","ascent": 7,"height": 16,"chars": ["萦"]},
		{"type": "bitmap","file": "crazy_adventure:font/wiki_icons/crazy_adventure_banana.png","ascent": 8,"height": 16,"chars": ["萮"]},
		{"type": "bitmap","file": "crazy_adventure:font/wiki_icons/crazy_adventure_banana_sapling.png","ascent": 8,"height": 16,"chars": ["萲"]},
		{"type": "bitmap","file": "crazy_adventure:font/wiki_icons/crazy_adventure_uranium_banana.png","ascent": 8,"height": 16,"chars": ["萶"]},
		{"type": "bitmap","file": "crazy_adventure:font/high_res/breeze_rod.png","ascent": 7,"height": 16,"chars": ["葎"]},
		{"type": "bitmap","file": "crazy_adventure:font/page/fireball_stick.png","ascent": 0,"height": 40,"chars": ["ၰ"]},
		{"type": "bitmap","file": "crazy_adventure:font/page/storm_stick.png","ascent": 0,"height": 40,"chars": ["ၱ"]},
		{"type": "bitmap","file": "crazy_adventure:font/page/shield_stick.png","ascent": 0,"height": 40,"chars": ["ၲ"]},
		{"type": "bitmap","file": "crazy_adventure:font/page/fertilizer_stick.png","ascent": 0,"height": 40,"chars": ["ၳ"]},
		{"type": "bitmap","file": "crazy_adventure:font/high_res/heavy_workbench.png","ascent": 7,"height": 16,"chars": ["葓"]},
		{"type": "bitmap","file": "crazy_adventure:font/high_res/oak_log.png","ascent": 7,"height": 16,"chars": ["葔"]},
		{"type": "bitmap","file": "crazy_adventure:font/high_res/crafting_table.png","ascent": 7,"height": 16,"chars": ["葕"]},
		{"type": "bitmap","file": "crazy_adventure:font/high_res/smooth_stone.png","ascent": 7,"height": 16,"chars": ["葖"]},
		{"type": "bitmap","file": "crazy_adventure:font/category/categories_page.png","ascent": 1,"height": 131,"chars": ["အ"]},
		{"type": "bitmap","file": "crazy_adventure:font/page/_logo.png","ascent": 0,"height": 40,"chars": ["ဠ"]},
		{"type": "bitmap","file": "crazy_adventure:font/none.png","ascent": 8,"height": 20,"chars": [" "]},
		{"type": "bitmap","file": "crazy_adventure:font/none.png","ascent": 8,"height": 18,"chars": ["!"]},
		{"type": "bitmap","file": "crazy_adventure:font/none.png","ascent": 7,"height": 7,"chars": ["\""]},
		{"type": "bitmap","file": "crazy_adventure:font/none.png","ascent": 0,"height": 2,"chars": ["#"]},
		{"type": "bitmap","file": "crazy_adventure:font/none.png","ascent": 0,"height": 1,"chars": ["$"]},
		{"type": "bitmap","file": "crazy_adventure:font/none.png","ascent": 7,"height": 16,"chars": ["0"]},
		{"type": "bitmap","file": "crazy_adventure:font/invisible_item.png","ascent": 7,"height": 16,"chars": ["U"]},
		{"type": "bitmap","file": "crazy_adventure:font/wiki_information.png","ascent": 8,"height": 16,"chars": ["1"]},
		{"type": "bitmap","file": "crazy_adventure:font/wiki_result_of_craft.png","ascent": 8,"height": 16,"chars": ["2"]},
		{"type": "bitmap","file": "crazy_adventure:font/wiki_ingredient_of_craft.png","ascent": 8,"height": 16,"chars": ["3"]},
		{"type": "bitmap","file": "crazy_adventure:font/shaped_3x3.png","ascent": 1,"height": 58,"chars": ["6"]},
		{"type": "bitmap","file": "crazy_adventure:font/shaped_2x2.png","ascent": 1,"height": 58,"chars": ["5"]},
		{"type": "bitmap","file": "crazy_adventure:font/furnace.png","ascent": 1,"height": 58,"chars": ["7"]},
		{"type": "bitmap","file": "crazy_adventure:font/stonecutting.png","ascent": 4,"height": 58,"chars": ["8"]},
		{"type": "bitmap","file": "crazy_adventure:font/pulverizing.png","ascent": 4,"height": 58,"chars": ["9"]},
		{"type": "bitmap","file": "crazy_adventure:font/mining.png","ascent": 4,"height": 58,"chars": ["@"]},
		{"type": "bitmap","file": "crazy_adventure:font/shaped_3x3.png","ascent": -4,"height": 58,"chars": ["F"]},
		{"type": "bitmap","file": "crazy_adventure:font/shaped_2x2.png","ascent": -2,"height": 58,"chars": ["E"]},
		{"type": "bitmap","file": "crazy_adventure:font/furnace.png","ascent": -3,"height": 58,"chars": ["G"]},
		{"type": "bitmap","file": "crazy_adventure:font/stonecutting.png","ascent": -3,"height": 58,"chars": ["H"]},
		{"type": "bitmap","file": "crazy_adventure:font/pulverizing.png","ascent": -3,"height": 58,"chars": ["I"]},
		{"type": "bitmap","file": "crazy_adventure:font/mining.png","ascent": -3,"height": 58,"chars": ["P"]},
		{"type": "bitmap","file": "crazy_adventure:font/book.png","ascent": 25,"height": 300,"chars": ["V"]}
	]
}
