{
	"providers": [
		{"type": "bitmap","file": "crazy_adventure:font/category/material.png","ascent": 1,"height": 131,"chars": ["ဣ"]},
		{"type": "bitmap","file": "crazy_adventure:font/high_res/uranium_ingot.png","ascent": 7,"height": 16,"chars": ["耡"]},
		{"type": "bitmap","file": "crazy_adventure:font/high_res/uranium_nugget.png","ascent": 7,"height": 16,"chars": ["耣"]},
		{"type": "bitmap","file": "crazy_adventure:font/high_res/raw_uranium.png","ascent": 7,"height": 16,"chars": ["耥"]},
		{"type": "bitmap","file": "crazy_adventure:font/high_res/uranium_block.png","ascent": 7,"height": 16,"chars": ["耧"]},
		{"type": "bitmap","file": "crazy_adventure:font/high_res/uranium_ore.png","ascent": 7,"height": 16,"chars": ["耩"]},
		{"type": "bitmap","file": "crazy_adventure:font/high_res/californium_ingot.png","ascent": 7,"height": 16,"chars": ["耫"]},
		{"type": "bitmap","file": "crazy_adventure:font/high_res/californium_nugget.png","ascent": 7,"height": 16,"chars": ["耭"]},
		{"type": "bitmap","file": "crazy_adventure:font/high_res/raw_californium.png","ascent": 7,"height": 16,"chars": ["耯"]},
		{"type": "bitmap","file": "crazy_adventure:font/high_res/californium_block.png","ascent": 7,"height": 16,"chars": ["耱"]},
		{"type": "bitmap","file": "crazy_adventure:font/high_res/californium_ore.png","ascent": 7,"height": 16,"chars": ["耳"]},
		{"type": "bitmap","file": "crazy_adventure:font/category/equipment.png","ascent": 1,"height": 131,"chars": ["ဤ"]},
		{"type": "bitmap","file": "crazy_adventure:font/high_res/uranium_helmet.png","ascent": 7,"height": 16,"chars": ["耵"]},
		{"type": "bitmap","file": "crazy_adventure:font/high_res/uranium_chestplate.png","ascent": 7,"height": 16,"chars": ["耷"]},
		{"type": "bitmap","file": "crazy_adventure:font/high_res/uranium_leggings.png","ascent": 7,"height": 16,"chars": ["耹"]},
		{"type": "bitmap","file": "crazy_adventure:font/high_res/uranium_boots.png","ascent": 7,"height": 16,"chars": ["耻"]},
		{"type": "bitmap","file": "crazy_adventure:font/high_res/uranium_sword.png","ascent": 7,"height": 16,"chars": ["耽"]},
		{"type": "bitmap","file": "crazy_adventure:font/high_res/uranium_pickaxe.png","ascent": 7,"height": 16,"chars": ["耿"]},
		{"type": "bitmap","file": "crazy_adventure:font/high_res/uranium_axe.png","ascent": 7,"height": 16,"chars": ["聁"]},
		{"type": "bitmap","file": "crazy_adventure:font/high_res/uranium_shovel.png","ascent": 7,"height": 16,"chars": ["聃"]},
		{"type": "bitmap","file": "crazy_adventure:font/high_res/uranium_hoe.png","ascent": 7,"height": 16,"chars": ["聅"]},
		{"type": "bitmap","file": "crazy_adventure:font/high_res/californium_helmet.png","ascent": 7,"height": 16,"chars": ["聇"]},
		{"type": "bitmap","file": "crazy_adventure:font/high_res/californium_chestplate.png","ascent": 7,"height": 16,"chars": ["聉"]},
		{"type": "bitmap","file": "crazy_adventure:font/high_res/californium_leggings.png","ascent": 7,"height": 16,"chars": ["聋"]},
		{"type": "bitmap","file": "crazy_adventure:font/high_res/californium_boots.png","ascent": 7,"height": 16,"chars": ["聍"]},
		{"type": "bitmap","file": "crazy_adventure:font/high_res/californium_sword.png","ascent": 7,"height": 16,"chars": ["聏"]},
		{"type": "bitmap","file": "crazy_adventure:font/high_res/californium_pickaxe.png","ascent": 7,"height": 16,"chars": ["聑"]},
		{"type": "bitmap","file": "crazy_adventure:font/high_res/californium_axe.png","ascent": 7,"height": 16,"chars": ["聓"]},
		{"type": "bitmap","file": "crazy_adventure:font/high_res/californium_shovel.png","ascent": 7,"height": 16,"chars": ["聕"]},
		{"type": "bitmap","file": "crazy_adventure:font/high_res/californium_hoe.png","ascent": 7,"height": 16,"chars": ["聗"]},
		{"type": "bitmap","file": "crazy_adventure:font/category/miscellaneous.png","ascent": 1,"height": 131,"chars": ["ဥ"]},
		{"type": "bitmap","file": "crazy_adventure:font/high_res/manual.png","ascent": 7,"height": 16,"chars": ["聙"]},
		{"type": "bitmap","file": "crazy_adventure:font/high_res/geiger_counter.png","ascent": 7,"height": 16,"chars": ["聛"]},
		{"type": "bitmap","file": "crazy_adventure:font/high_res/uranium_core.png","ascent": 7,"height": 16,"chars": ["聝"]},
		{"type": "bitmap","file": "crazy_adventure:font/high_res/californium_core.png","ascent": 7,"height": 16,"chars": ["聟"]},
		{"type": "bitmap","file": "crazy_adventure:font/category/generator.png","ascent": 1,"height": 131,"chars": ["ဦ"]},
		{"type": "bitmap","file": "crazy_adventure:font/high_res/nuclear_reactor.png","ascent": 7,"height": 16,"chars": ["聡"]},
		{"type": "bitmap","file": "crazy_adventure:font/high_res/better_nuclear_reactor.png","ascent": 7,"height": 16,"chars": ["聣"]},
		{"type": "bitmap","file": "crazy_adventure:font/high_res/amazing_nuclear_reactor.png","ascent": 7,"height": 16,"chars": ["聥"]},
		{"type": "bitmap","file": "crazy_adventure:font/high_res/incredible_nuclear_reactor.png","ascent": 7,"height": 16,"chars": ["聧"]},
		{"type": "bitmap","file": "crazy_adventure:font/category/energy.png","ascent": 1,"height": 131,"chars": ["ဧ"]},
		{"type": "bitmap","file": "crazy_adventure:font/high_res/ore_extractor_1.png","ascent": 7,"height": 16,"chars": ["聩"]},
		{"type": "bitmap","file": "crazy_adventure:font/high_res/ore_extractor_2.png","ascent": 7,"height": 16,"chars": ["聫"]},
		{"type": "bitmap","file": "crazy_adventure:font/high_res/ore_extractor_3.png","ascent": 7,"height": 16,"chars": ["聭"]},
		{"type": "bitmap","file": "crazy_adventure:font/high_res/ore_extractor_4.png","ascent": 7,"height": 16,"chars": ["聯"]},
		{"type": "bitmap","file": "crazy_adventure:font/high_res/uranium_ingot_9.png","ascent": 7,"height": 16,"chars": ["聱"]},
		{"type": "bitmap","file": "crazy_adventure:font/high_res/uranium_nugget_9.png","ascent": 7,"height": 16,"chars": ["聻"]},
		{"type": "bitmap","file": "crazy_adventure:font/wiki_icons/crazy_adventure_uranium_nugget.png","ascent": 8,"height": 16,"chars": ["聽"]},
		{"type": "bitmap","file": "crazy_adventure:font/wiki_icons/crazy_adventure_uranium_block.png","ascent": 8,"height": 16,"chars": ["肀"]},
		{"type": "bitmap","file": "crazy_adventure:font/wiki_icons/crazy_adventure_uranium_helmet.png","ascent": 8,"height": 16,"chars": ["肃"]},
		{"type": "bitmap","file": "crazy_adventure:font/wiki_icons/crazy_adventure_uranium_chestplate.png","ascent": 8,"height": 16,"chars": ["肆"]},
		{"type": "bitmap","file": "crazy_adventure:font/wiki_icons/crazy_adventure_uranium_leggings.png","ascent": 8,"height": 16,"chars": ["肉"]},
		{"type": "bitmap","file": "crazy_adventure:font/wiki_icons/crazy_adventure_uranium_boots.png","ascent": 8,"height": 16,"chars": ["肌"]},
		{"type": "bitmap","file": "crazy_adventure:font/high_res/stick.png","ascent": 7,"height": 16,"chars": ["肏"]},
		{"type": "bitmap","file": "crazy_adventure:font/wiki_icons/crazy_adventure_uranium_sword.png","ascent": 8,"height": 16,"chars": ["肐"]},
		{"type": "bitmap","file": "crazy_adventure:font/wiki_icons/crazy_adventure_uranium_pickaxe.png","ascent": 8,"height": 16,"chars": ["肔"]},
		{"type": "bitmap","file": "crazy_adventure:font/wiki_icons/crazy_adventure_uranium_axe.png","ascent": 8,"height": 16,"chars": ["肘"]},
		{"type": "bitmap","file": "crazy_adventure:font/wiki_icons/crazy_adventure_uranium_shovel.png","ascent": 8,"height": 16,"chars": ["肜"]},
		{"type": "bitmap","file": "crazy_adventure:font/wiki_icons/crazy_adventure_uranium_hoe.png","ascent": 8,"height": 16,"chars": ["肠"]},
		{"type": "bitmap","file": "crazy_adventure:font/high_res/copper_ingot.png","ascent": 7,"height": 16,"chars": ["肣"]},
		{"type": "bitmap","file": "crazy_adventure:font/wiki_icons/crazy_adventure_geiger_counter.png","ascent": 8,"height": 16,"chars": ["肤"]},
		{"type": "bitmap","file": "crazy_adventure:font/high_res/iron_block.png","ascent": 7,"height": 16,"chars": ["肧"]},
		{"type": "bitmap","file": "crazy_adventure:font/wiki_icons/crazy_adventure_uranium_core.png","ascent": 8,"height": 16,"chars": ["肨"]},
		{"type": "bitmap","file": "crazy_adventure:font/high_res/furnace.png","ascent": 7,"height": 16,"chars": ["肫"]},
		{"type": "bitmap","file": "crazy_adventure:font/high_res/copper_block.png","ascent": 7,"height": 16,"chars": ["肬"]},
		{"type": "bitmap","file": "crazy_adventure:font/wiki_icons/crazy_adventure_nuclear_reactor.png","ascent": 8,"height": 16,"chars": ["肭"]},
		{"type": "bitmap","file": "crazy_adventure:font/high_res/stone_pickaxe.png","ascent": 7,"height": 16,"chars": ["肰"]},
		{"type": "bitmap","file": "crazy_adventure:font/high_res/exposed_copper.png","ascent": 7,"height": 16,"chars": ["育"]},
		{"type": "bitmap","file": "crazy_adventure:font/wiki_icons/crazy_adventure_ore_extractor_2.png","ascent": 8,"height": 16,"chars": ["肳"]},
		{"type": "bitmap","file": "crazy_adventure:font/wiki_icons/crazy_adventure_uranium_ingot.png","ascent": 8,"height": 16,"chars": ["背"]},
		{"type": "bitmap","file": "crazy_adventure:font/wiki_icons/crazy_adventure_raw_uranium.png","ascent": 8,"height": 16,"chars": ["胑"]},
		{"type": "bitmap","file": "crazy_adventure:font/wiki_icons/crazy_adventure_uranium_ingot.png","ascent": 8,"height": 16,"chars": ["胔"]},
		{"type": "bitmap","file": "crazy_adventure:font/wiki_icons/crazy_adventure_uranium_ingot.png","ascent": 8,"height": 16,"chars": ["胛"]},
		{"type": "bitmap","file": "crazy_adventure:font/high_res/oxidized_copper.png","ascent": 7,"height": 16,"chars": ["胠"]},
		{"type": "bitmap","file": "crazy_adventure:font/wiki_icons/crazy_adventure_ore_extractor_4.png","ascent": 8,"height": 16,"chars": ["胡"]},
		{"type": "bitmap","file": "crazy_adventure:font/wiki_icons/crazy_adventure_raw_uranium.png","ascent": 8,"height": 16,"chars": ["胦"]},
		{"type": "bitmap","file": "crazy_adventure:font/wiki_icons/crazy_adventure_uranium_ingot.png","ascent": 8,"height": 16,"chars": ["胩"]},
		{"type": "bitmap","file": "crazy_adventure:font/high_res/californium_ingot_9.png","ascent": 7,"height": 16,"chars": ["胪"]},
		{"type": "bitmap","file": "crazy_adventure:font/high_res/californium_nugget_9.png","ascent": 7,"height": 16,"chars": ["胴"]},
		{"type": "bitmap","file": "crazy_adventure:font/wiki_icons/crazy_adventure_californium_nugget.png","ascent": 8,"height": 16,"chars": ["胶"]},
		{"type": "bitmap","file": "crazy_adventure:font/wiki_icons/crazy_adventure_californium_block.png","ascent": 8,"height": 16,"chars": ["胹"]},
		{"type": "bitmap","file": "crazy_adventure:font/wiki_icons/crazy_adventure_californium_helmet.png","ascent": 8,"height": 16,"chars": ["胼"]},
		{"type": "bitmap","file": "crazy_adventure:font/wiki_icons/crazy_adventure_californium_chestplate.png","ascent": 8,"height": 16,"chars": ["胿"]},
		{"type": "bitmap","file": "crazy_adventure:font/wiki_icons/crazy_adventure_californium_leggings.png","ascent": 8,"height": 16,"chars": ["脂"]},
		{"type": "bitmap","file": "crazy_adventure:font/wiki_icons/crazy_adventure_californium_boots.png","ascent": 8,"height": 16,"chars": ["脅"]},
		{"type": "bitmap","file": "crazy_adventure:font/wiki_icons/crazy_adventure_californium_sword.png","ascent": 8,"height": 16,"chars": ["脉"]},
		{"type": "bitmap","file": "crazy_adventure:font/wiki_icons/crazy_adventure_californium_pickaxe.png","ascent": 8,"height": 16,"chars": ["脍"]},
		{"type": "bitmap","file": "crazy_adventure:font/wiki_icons/crazy_adventure_californium_axe.png","ascent": 8,"height": 16,"chars": ["脑"]},
		{"type": "bitmap","file": "crazy_adventure:font/wiki_icons/crazy_adventure_californium_shovel.png","ascent": 8,"height": 16,"chars": ["脕"]},
		{"type": "bitmap","file": "crazy_adventure:font/wiki_icons/crazy_adventure_californium_hoe.png","ascent": 8,"height": 16,"chars": ["脙"]},
		{"type": "bitmap","file": "crazy_adventure:font/wiki_icons/crazy_adventure_californium_core.png","ascent": 8,"height": 16,"chars": ["脝"]},
		{"type": "bitmap","file": "crazy_adventure:font/high_res/weathered_copper.png","ascent": 7,"height": 16,"chars": ["脡"]},
		{"type": "bitmap","file": "crazy_adventure:font/wiki_icons/crazy_adventure_amazing_nuclear_reactor.png","ascent": 8,"height": 16,"chars": ["脢"]},
		{"type": "bitmap","file": "crazy_adventure:font/wiki_icons/crazy_adventure_californium_ingot.png","ascent": 8,"height": 16,"chars": ["脻"]},
		{"type": "bitmap","file": "crazy_adventure:font/wiki_icons/crazy_adventure_raw_californium.png","ascent": 8,"height": 16,"chars": ["腀"]},
		{"type": "bitmap","file": "crazy_adventure:font/wiki_icons/crazy_adventure_californium_ingot.png","ascent": 8,"height": 16,"chars": ["腃"]},
		{"type": "bitmap","file": "crazy_adventure:font/wiki_icons/crazy_adventure_californium_ingot.png","ascent": 8,"height": 16,"chars": ["腊"]},
		{"type": "bitmap","file": "crazy_adventure:font/wiki_icons/crazy_adventure_raw_californium.png","ascent": 8,"height": 16,"chars": ["腏"]},
		{"type": "bitmap","file": "crazy_adventure:font/wiki_icons/crazy_adventure_californium_ingot.png","ascent": 8,"height": 16,"chars": ["腒"]},
		{"type": "bitmap","file": "crazy_adventure:font/wiki_icons/crazy_adventure_uranium_nugget.png","ascent": 8,"height": 16,"chars": ["腙"]},
		{"type": "bitmap","file": "crazy_adventure:font/wiki_icons/crazy_adventure_uranium_nugget.png","ascent": 8,"height": 16,"chars": ["腠"]},
		{"type": "bitmap","file": "crazy_adventure:font/wiki_icons/crazy_adventure_uranium_nugget.png","ascent": 8,"height": 16,"chars": ["腧"]},
		{"type": "bitmap","file": "crazy_adventure:font/wiki_icons/crazy_adventure_uranium_nugget.png","ascent": 8,"height": 16,"chars": ["腮"]},
		{"type": "bitmap","file": "crazy_adventure:font/wiki_icons/crazy_adventure_uranium_nugget.png","ascent": 8,"height": 16,"chars": ["腷"]},
		{"type": "bitmap","file": "crazy_adventure:font/wiki_icons/crazy_adventure_uranium_nugget.png","ascent": 8,"height": 16,"chars": ["膀"]},
		{"type": "bitmap","file": "crazy_adventure:font/wiki_icons/crazy_adventure_uranium_nugget.png","ascent": 8,"height": 16,"chars": ["膉"]},
		{"type": "bitmap","file": "crazy_adventure:font/wiki_icons/crazy_adventure_uranium_nugget.png","ascent": 8,"height": 16,"chars": ["膒"]},
		{"type": "bitmap","file": "crazy_adventure:font/wiki_icons/crazy_adventure_uranium_nugget.png","ascent": 8,"height": 16,"chars": ["膛"]},
		{"type": "bitmap","file": "crazy_adventure:font/wiki_icons/crazy_adventure_californium_nugget.png","ascent": 8,"height": 16,"chars": ["膢"]},
		{"type": "bitmap","file": "crazy_adventure:font/wiki_icons/crazy_adventure_californium_nugget.png","ascent": 8,"height": 16,"chars": ["膩"]},
		{"type": "bitmap","file": "crazy_adventure:font/wiki_icons/crazy_adventure_californium_nugget.png","ascent": 8,"height": 16,"chars": ["膰"]},
		{"type": "bitmap","file": "crazy_adventure:font/wiki_icons/crazy_adventure_californium_nugget.png","ascent": 8,"height": 16,"chars": ["膷"]},
		{"type": "bitmap","file": "crazy_adventure:font/wiki_icons/crazy_adventure_californium_nugget.png","ascent": 8,"height": 16,"chars": ["臀"]},
		{"type": "bitmap","file": "crazy_adventure:font/wiki_icons/crazy_adventure_californium_nugget.png","ascent": 8,"height": 16,"chars": ["臉"]},
		{"type": "bitmap","file": "crazy_adventure:font/wiki_icons/crazy_adventure_ore_extractor_4.png","ascent": 8,"height": 16,"chars": ["臏"]},
		{"type": "bitmap","file": "crazy_adventure:font/wiki_icons/crazy_adventure_californium_nugget.png","ascent": 8,"height": 16,"chars": ["臘"]},
		{"type": "bitmap","file": "crazy_adventure:font/wiki_icons/crazy_adventure_californium_nugget.png","ascent": 8,"height": 16,"chars": ["臡"]},
		{"type": "bitmap","file": "crazy_adventure:font/wiki_icons/crazy_adventure_californium_nugget.png","ascent": 8,"height": 16,"chars": ["自"]},
		{"type": "bitmap","file": "crazy_adventure:font/wiki_icons/crazy_adventure_californium_core.png","ascent": 8,"height": 16,"chars": ["臾"]},
		{"type": "bitmap","file": "crazy_adventure:font/wiki_icons/crazy_adventure_better_nuclear_reactor.png","ascent": 8,"height": 16,"chars": ["舃"]},
		{"type": "bitmap","file": "crazy_adventure:font/high_res/iron_pickaxe.png","ascent": 7,"height": 16,"chars": ["舆"]},
		{"type": "bitmap","file": "crazy_adventure:font/wiki_icons/crazy_adventure_ore_extractor_3.png","ascent": 8,"height": 16,"chars": ["舉"]},
		{"type": "bitmap","file": "crazy_adventure:font/wiki_icons/crazy_adventure_incredible_nuclear_reactor.png","ascent": 8,"height": 16,"chars": ["舔"]},
		{"type": "bitmap","file": "crazy_adventure:font/wiki_icons/crazy_adventure_better_nuclear_reactor.png","ascent": 8,"height": 16,"chars": ["舡"]},
		{"type": "bitmap","file": "crazy_adventure:font/wiki_icons/crazy_adventure_amazing_nuclear_reactor.png","ascent": 8,"height": 16,"chars": ["舮"]},
		{"type": "bitmap","file": "crazy_adventure:font/wiki_icons/crazy_adventure_incredible_nuclear_reactor.png","ascent": 8,"height": 16,"chars": ["舻"]},
		{"type": "bitmap","file": "crazy_adventure:font/high_res/gold_block.png","ascent": 7,"height": 16,"chars": ["艆"]},
		{"type": "bitmap","file": "crazy_adventure:font/high_res/coal_block.png","ascent": 7,"height": 16,"chars": ["艇"]},
		{"type": "bitmap","file": "crazy_adventure:font/high_res/wooden_pickaxe.png","ascent": 7,"height": 16,"chars": ["艈"]},
		{"type": "bitmap","file": "crazy_adventure:font/wiki_icons/crazy_adventure_ore_extractor_2.png","ascent": 8,"height": 16,"chars": ["艕"]},
		{"type": "bitmap","file": "crazy_adventure:font/wiki_icons/crazy_adventure_ore_extractor_3.png","ascent": 8,"height": 16,"chars": ["艥"]},
		{"type": "bitmap","file": "crazy_adventure:font/wiki_icons/crazy_adventure_ore_extractor_4.png","ascent": 8,"height": 16,"chars": ["艵"]},
		{"type": "bitmap","file": "crazy_adventure:font/high_res/heavy_workbench.png","ascent": 7,"height": 16,"chars": ["芀"]},
		{"type": "bitmap","file": "crazy_adventure:font/high_res/oak_log.png","ascent": 7,"height": 16,"chars": ["芁"]},
		{"type": "bitmap","file": "crazy_adventure:font/high_res/crafting_table.png","ascent": 7,"height": 16,"chars": ["节"]},
		{"type": "bitmap","file": "crazy_adventure:font/high_res/smooth_stone.png","ascent": 7,"height": 16,"chars": ["芃"]},
		{"type": "bitmap","file": "crazy_adventure:font/category/categories_page.png","ascent": 1,"height": 131,"chars": ["အ"]},
		{"type": "bitmap","file": "crazy_adventure:font/page/_logo.png","ascent": 0,"height": 40,"chars": ["ဠ"]},
		{"type": "bitmap","file": "crazy_adventure:font/none.png","ascent": 8,"height": 20,"chars": [" "]},
		{"type": "bitmap","file": "crazy_adventure:font/none.png","ascent": 8,"height": 18,"chars": ["!"]},
		{"type": "bitmap","file": "crazy_adventure:font/none.png","ascent": 7,"height": 7,"chars": ["\""]},
		{"type": "bitmap","file": "crazy_adventure:font/none.png","ascent": 0,"height": 2,"chars": ["#"]},
		{"type": "bitmap","file": "crazy_adventure:font/none.png","ascent": 0,"height": 1,"chars": ["$"]},
		{"type": "bitmap","file": "crazy_adventure:font/none.png","ascent": 7,"height": 16,"chars": ["0"]},
		{"type": "bitmap","file": "crazy_adventure:font/invisible_item.png","ascent": 7,"height": 16,"chars": ["U"]},
		{"type": "bitmap","file": "crazy_adventure:font/wiki_information.png","ascent": 8,"height": 16,"chars": ["1"]},
		{"type": "bitmap","file": "crazy_adventure:font/wiki_result_of_craft.png","ascent": 8,"height": 16,"chars": ["2"]},
		{"type": "bitmap","file": "crazy_adventure:font/wiki_ingredient_of_craft.png","ascent": 8,"height": 16,"chars": ["3"]},
		{"type": "bitmap","file": "crazy_adventure:font/shaped_3x3.png","ascent": 1,"height": 58,"chars": ["6"]},
		{"type": "bitmap","file": "crazy_adventure:font/shaped_2x2.png","ascent": 1,"height": 58,"chars": ["5"]},
		{"type": "bitmap","file": "crazy_adventure:font/furnace.png","ascent": 1,"height": 58,"chars": ["7"]},
		{"type": "bitmap","file": "crazy_adventure:font/stonecutting.png","ascent": 4,"height": 58,"chars": ["8"]},
		{"type": "bitmap","file": "crazy_adventure:font/pulverizing.png","ascent": 4,"height": 58,"chars": ["9"]},
		{"type": "bitmap","file": "crazy_adventure:font/mining.png","ascent": 4,"height": 58,"chars": ["@"]},
		{"type": "bitmap","file": "crazy_adventure:font/shaped_3x3.png","ascent": -4,"height": 58,"chars": ["F"]},
		{"type": "bitmap","file": "crazy_adventure:font/shaped_2x2.png","ascent": -2,"height": 58,"chars": ["E"]},
		{"type": "bitmap","file": "crazy_adventure:font/furnace.png","ascent": -3,"height": 58,"chars": ["G"]},
		{"type": "bitmap","file": "crazy_adventure:font/stonecutting.png","ascent": -3,"height": 58,"chars": ["H"]},
		{"type": "bitmap","file": "crazy_adventure:font/pulverizing.png","ascent": -3,"height": 58,"chars": ["I"]},
		{"type": "bitmap","file": "crazy_adventure:font/mining.png","ascent": -3,"height": 58,"chars": ["P"]},
		{"type": "bitmap","file": "crazy_adventure:font/book.png","ascent": 25,"height": 300,"chars": ["V"]}
	]
}
