{
	"providers": [
		{"type": "bitmap","file": "crazy_adventure:font/category/material.png","ascent": 1,"height": 131,"chars": ["ဣ"]},
		{"type": "bitmap","file": "crazy_adventure:font/high_res/uranium_ingot.png","ascent": 7,"height": 16,"chars": ["耡"]},
		{"type": "bitmap","file": "crazy_adventure:font/high_res/uranium_nugget.png","ascent": 7,"height": 16,"chars": ["耣"]},
		{"type": "bitmap","file": "crazy_adventure:font/high_res/raw_uranium.png","ascent": 7,"height": 16,"chars": ["耥"]},
		{"type": "bitmap","file": "crazy_adventure:font/high_res/uranium_block.png","ascent": 7,"height": 16,"chars": ["耧"]},
		{"type": "bitmap","file": "crazy_adventure:font/high_res/uranium_ore.png","ascent": 7,"height": 16,"chars": ["耩"]},
		{"type": "bitmap","file": "crazy_adventure:font/high_res/californium_ingot.png","ascent": 7,"height": 16,"chars": ["耫"]},
		{"type": "bitmap","file": "crazy_adventure:font/high_res/californium_nugget.png","ascent": 7,"height": 16,"chars": ["耭"]},
		{"type": "bitmap","file": "crazy_adventure:font/high_res/raw_californium.png","ascent": 7,"height": 16,"chars": ["耯"]},
		{"type": "bitmap","file": "crazy_adventure:font/high_res/californium_block.png","ascent": 7,"height": 16,"chars": ["耱"]},
		{"type": "bitmap","file": "crazy_adventure:font/high_res/californium_ore.png","ascent": 7,"height": 16,"chars": ["耳"]},
		{"type": "bitmap","file": "crazy_adventure:font/category/equipment.png","ascent": 1,"height": 131,"chars": ["ဤ"]},
		{"type": "bitmap","file": "crazy_adventure:font/high_res/uranium_helmet.png","ascent": 7,"height": 16,"chars": ["耵"]},
		{"type": "bitmap","file": "crazy_adventure:font/high_res/uranium_chestplate.png","ascent": 7,"height": 16,"chars": ["耷"]},
		{"type": "bitmap","file": "crazy_adventure:font/high_res/uranium_leggings.png","ascent": 7,"height": 16,"chars": ["耹"]},
		{"type": "bitmap","file": "crazy_adventure:font/high_res/uranium_boots.png","ascent": 7,"height": 16,"chars": ["耻"]},
		{"type": "bitmap","file": "crazy_adventure:font/high_res/uranium_sword.png","ascent": 7,"height": 16,"chars": ["耽"]},
		{"type": "bitmap","file": "crazy_adventure:font/high_res/uranium_pickaxe.png","ascent": 7,"height": 16,"chars": ["耿"]},
		{"type": "bitmap","file": "crazy_adventure:font/high_res/uranium_axe.png","ascent": 7,"height": 16,"chars": ["聁"]},
		{"type": "bitmap","file": "crazy_adventure:font/high_res/uranium_shovel.png","ascent": 7,"height": 16,"chars": ["聃"]},
		{"type": "bitmap","file": "crazy_adventure:font/high_res/uranium_hoe.png","ascent": 7,"height": 16,"chars": ["聅"]},
		{"type": "bitmap","file": "crazy_adventure:font/high_res/californium_helmet.png","ascent": 7,"height": 16,"chars": ["聇"]},
		{"type": "bitmap","file": "crazy_adventure:font/high_res/californium_chestplate.png","ascent": 7,"height": 16,"chars": ["聉"]},
		{"type": "bitmap","file": "crazy_adventure:font/high_res/californium_leggings.png","ascent": 7,"height": 16,"chars": ["聋"]},
		{"type": "bitmap","file": "crazy_adventure:font/high_res/californium_boots.png","ascent": 7,"height": 16,"chars": ["聍"]},
		{"type": "bitmap","file": "crazy_adventure:font/high_res/californium_sword.png","ascent": 7,"height": 16,"chars": ["聏"]},
		{"type": "bitmap","file": "crazy_adventure:font/high_res/californium_pickaxe.png","ascent": 7,"height": 16,"chars": ["聑"]},
		{"type": "bitmap","file": "crazy_adventure:font/high_res/californium_axe.png","ascent": 7,"height": 16,"chars": ["聓"]},
		{"type": "bitmap","file": "crazy_adventure:font/high_res/californium_shovel.png","ascent": 7,"height": 16,"chars": ["聕"]},
		{"type": "bitmap","file": "crazy_adventure:font/high_res/californium_hoe.png","ascent": 7,"height": 16,"chars": ["聗"]},
		{"type": "bitmap","file": "crazy_adventure:font/high_res/anti_radiation_helmet.png","ascent": 7,"height": 16,"chars": ["聙"]},
		{"type": "bitmap","file": "crazy_adventure:font/high_res/anti_radiation_chestplate.png","ascent": 7,"height": 16,"chars": ["聛"]},
		{"type": "bitmap","file": "crazy_adventure:font/high_res/anti_radiation_leggings.png","ascent": 7,"height": 16,"chars": ["聝"]},
		{"type": "bitmap","file": "crazy_adventure:font/high_res/anti_radiation_boots.png","ascent": 7,"height": 16,"chars": ["聟"]},
		{"type": "bitmap","file": "crazy_adventure:font/high_res/anti_radiation_glove.png","ascent": 7,"height": 16,"chars": ["聡"]},
		{"type": "bitmap","file": "crazy_adventure:font/category/miscellaneous.png","ascent": 1,"height": 131,"chars": ["ဥ"]},
		{"type": "bitmap","file": "crazy_adventure:font/high_res/manual.png","ascent": 7,"height": 16,"chars": ["聣"]},
		{"type": "bitmap","file": "crazy_adventure:font/high_res/geiger_counter.png","ascent": 7,"height": 16,"chars": ["聥"]},
		{"type": "bitmap","file": "crazy_adventure:font/high_res/uranium_core.png","ascent": 7,"height": 16,"chars": ["聧"]},
		{"type": "bitmap","file": "crazy_adventure:font/high_res/uranium_waste.png","ascent": 7,"height": 16,"chars": ["聩"]},
		{"type": "bitmap","file": "crazy_adventure:font/high_res/uranium_waste_barrel.png","ascent": 7,"height": 16,"chars": ["聫"]},
		{"type": "bitmap","file": "crazy_adventure:font/high_res/uranium_shard.png","ascent": 7,"height": 16,"chars": ["聭"]},
		{"type": "bitmap","file": "crazy_adventure:font/high_res/uranium_book.png","ascent": 7,"height": 16,"chars": ["聯"]},
		{"type": "bitmap","file": "crazy_adventure:font/high_res/californium_core.png","ascent": 7,"height": 16,"chars": ["聱"]},
		{"type": "bitmap","file": "crazy_adventure:font/high_res/californium_waste.png","ascent": 7,"height": 16,"chars": ["聳"]},
		{"type": "bitmap","file": "crazy_adventure:font/high_res/californium_waste_barrel.png","ascent": 7,"height": 16,"chars": ["聵"]},
		{"type": "bitmap","file": "crazy_adventure:font/high_res/souls_bag.png","ascent": 7,"height": 16,"chars": ["職"]},
		{"type": "bitmap","file": "crazy_adventure:font/high_res/boss_altar.png","ascent": 7,"height": 16,"chars": ["聹"]},
		{"type": "bitmap","file": "crazy_adventure:font/category/energy.png","ascent": 1,"height": 131,"chars": ["ဦ"]},
		{"type": "bitmap","file": "crazy_adventure:font/high_res/nuclear_reactor.png","ascent": 7,"height": 16,"chars": ["聻"]},
		{"type": "bitmap","file": "crazy_adventure:font/high_res/better_nuclear_reactor.png","ascent": 7,"height": 16,"chars": ["聽"]},
		{"type": "bitmap","file": "crazy_adventure:font/high_res/amazing_nuclear_reactor.png","ascent": 7,"height": 16,"chars": ["聿"]},
		{"type": "bitmap","file": "crazy_adventure:font/high_res/incredible_nuclear_reactor.png","ascent": 7,"height": 16,"chars": ["肁"]},
		{"type": "bitmap","file": "crazy_adventure:font/high_res/uranium_battery.png","ascent": 7,"height": 16,"chars": ["肃"]},
		{"type": "bitmap","file": "crazy_adventure:font/high_res/californium_battery.png","ascent": 7,"height": 16,"chars": ["肅"]},
		{"type": "bitmap","file": "crazy_adventure:font/high_res/ore_extractor_1.png","ascent": 7,"height": 16,"chars": ["肇"]},
		{"type": "bitmap","file": "crazy_adventure:font/high_res/ore_extractor_2.png","ascent": 7,"height": 16,"chars": ["肉"]},
		{"type": "bitmap","file": "crazy_adventure:font/high_res/ore_extractor_3.png","ascent": 7,"height": 16,"chars": ["肋"]},
		{"type": "bitmap","file": "crazy_adventure:font/high_res/ore_extractor_4.png","ascent": 7,"height": 16,"chars": ["肍"]},
		{"type": "bitmap","file": "crazy_adventure:font/high_res/uranium_upgrader.png","ascent": 7,"height": 16,"chars": ["肏"]},
		{"type": "bitmap","file": "crazy_adventure:font/high_res/oxidizer.png","ascent": 7,"height": 16,"chars": ["肑"]},
		{"type": "bitmap","file": "crazy_adventure:font/high_res/storm_stick_charger.png","ascent": 7,"height": 16,"chars": ["肓"]},
		{"type": "bitmap","file": "crazy_adventure:font/high_res/fireball_stick_charger.png","ascent": 7,"height": 16,"chars": ["肕"]},
		{"type": "bitmap","file": "crazy_adventure:font/high_res/shield_stick_charger.png","ascent": 7,"height": 16,"chars": ["肗"]},
		{"type": "bitmap","file": "crazy_adventure:font/high_res/fertilizer_stick_charger.png","ascent": 7,"height": 16,"chars": ["肙"]},
		{"type": "bitmap","file": "crazy_adventure:font/category/radiactivity.png","ascent": 1,"height": 131,"chars": ["ဧ"]},
		{"type": "bitmap","file": "crazy_adventure:font/high_res/banana.png","ascent": 7,"height": 16,"chars": ["肛"]},
		{"type": "bitmap","file": "crazy_adventure:font/high_res/uranium_banana.png","ascent": 7,"height": 16,"chars": ["肝"]},
		{"type": "bitmap","file": "crazy_adventure:font/high_res/uranium_apple.png","ascent": 7,"height": 16,"chars": ["肟"]},
		{"type": "bitmap","file": "crazy_adventure:font/high_res/chargeless_stick.png","ascent": 7,"height": 16,"chars": ["股"]},
		{"type": "bitmap","file": "crazy_adventure:font/high_res/fireball_stick.png","ascent": 7,"height": 16,"chars": ["肣"]},
		{"type": "bitmap","file": "crazy_adventure:font/high_res/storm_stick.png","ascent": 7,"height": 16,"chars": ["肥"]},
		{"type": "bitmap","file": "crazy_adventure:font/high_res/shield_stick.png","ascent": 7,"height": 16,"chars": ["肧"]},
		{"type": "bitmap","file": "crazy_adventure:font/high_res/fertilizer_stick.png","ascent": 7,"height": 16,"chars": ["肩"]},
		{"type": "bitmap","file": "crazy_adventure:font/high_res/uranium_ingot_9.png","ascent": 7,"height": 16,"chars": ["肫"]},
		{"type": "bitmap","file": "crazy_adventure:font/high_res/uranium_nugget_9.png","ascent": 7,"height": 16,"chars": ["肵"]},
		{"type": "bitmap","file": "crazy_adventure:font/wiki_icons/crazy_adventure_uranium_nugget.png","ascent": 8,"height": 16,"chars": ["肷"]},
		{"type": "bitmap","file": "crazy_adventure:font/wiki_icons/crazy_adventure_uranium_block.png","ascent": 8,"height": 16,"chars": ["肺"]},
		{"type": "bitmap","file": "crazy_adventure:font/wiki_icons/crazy_adventure_uranium_helmet.png","ascent": 8,"height": 16,"chars": ["肽"]},
		{"type": "bitmap","file": "crazy_adventure:font/wiki_icons/crazy_adventure_uranium_chestplate.png","ascent": 8,"height": 16,"chars": ["胀"]},
		{"type": "bitmap","file": "crazy_adventure:font/wiki_icons/crazy_adventure_uranium_leggings.png","ascent": 8,"height": 16,"chars": ["胃"]},
		{"type": "bitmap","file": "crazy_adventure:font/wiki_icons/crazy_adventure_uranium_boots.png","ascent": 8,"height": 16,"chars": ["胆"]},
		{"type": "bitmap","file": "crazy_adventure:font/high_res/stick.png","ascent": 7,"height": 16,"chars": ["胉"]},
		{"type": "bitmap","file": "crazy_adventure:font/wiki_icons/crazy_adventure_uranium_sword.png","ascent": 8,"height": 16,"chars": ["胊"]},
		{"type": "bitmap","file": "crazy_adventure:font/wiki_icons/crazy_adventure_uranium_pickaxe.png","ascent": 8,"height": 16,"chars": ["胎"]},
		{"type": "bitmap","file": "crazy_adventure:font/wiki_icons/crazy_adventure_uranium_axe.png","ascent": 8,"height": 16,"chars": ["胒"]},
		{"type": "bitmap","file": "crazy_adventure:font/wiki_icons/crazy_adventure_uranium_shovel.png","ascent": 8,"height": 16,"chars": ["胖"]},
		{"type": "bitmap","file": "crazy_adventure:font/wiki_icons/crazy_adventure_uranium_hoe.png","ascent": 8,"height": 16,"chars": ["胚"]},
		{"type": "bitmap","file": "crazy_adventure:font/high_res/copper_ingot.png","ascent": 7,"height": 16,"chars": ["胝"]},
		{"type": "bitmap","file": "crazy_adventure:font/wiki_icons/crazy_adventure_geiger_counter.png","ascent": 8,"height": 16,"chars": ["胞"]},
		{"type": "bitmap","file": "crazy_adventure:font/high_res/iron_block.png","ascent": 7,"height": 16,"chars": ["胡"]},
		{"type": "bitmap","file": "crazy_adventure:font/wiki_icons/crazy_adventure_uranium_core.png","ascent": 8,"height": 16,"chars": ["胢"]},
		{"type": "bitmap","file": "crazy_adventure:font/high_res/furnace.png","ascent": 7,"height": 16,"chars": ["胥"]},
		{"type": "bitmap","file": "crazy_adventure:font/high_res/copper_block.png","ascent": 7,"height": 16,"chars": ["胦"]},
		{"type": "bitmap","file": "crazy_adventure:font/wiki_icons/crazy_adventure_nuclear_reactor.png","ascent": 8,"height": 16,"chars": ["胧"]},
		{"type": "bitmap","file": "crazy_adventure:font/high_res/stone_pickaxe.png","ascent": 7,"height": 16,"chars": ["胪"]},
		{"type": "bitmap","file": "crazy_adventure:font/high_res/exposed_copper.png","ascent": 7,"height": 16,"chars": ["胬"]},
		{"type": "bitmap","file": "crazy_adventure:font/wiki_icons/crazy_adventure_ore_extractor_2.png","ascent": 8,"height": 16,"chars": ["胭"]},
		{"type": "bitmap","file": "crazy_adventure:font/wiki_icons/crazy_adventure_uranium_upgrader.png","ascent": 8,"height": 16,"chars": ["胲"]},
		{"type": "bitmap","file": "crazy_adventure:font/wiki_icons/crazy_adventure_uranium_banana.png","ascent": 8,"height": 16,"chars": ["胶"]},
		{"type": "bitmap","file": "crazy_adventure:font/wiki_icons/crazy_adventure_uranium_ingot.png","ascent": 8,"height": 16,"chars": ["脏"]},
		{"type": "bitmap","file": "crazy_adventure:font/wiki_icons/crazy_adventure_raw_uranium.png","ascent": 8,"height": 16,"chars": ["脔"]},
		{"type": "bitmap","file": "crazy_adventure:font/wiki_icons/crazy_adventure_uranium_ingot.png","ascent": 8,"height": 16,"chars": ["脗"]},
		{"type": "bitmap","file": "crazy_adventure:font/wiki_icons/crazy_adventure_uranium_ingot.png","ascent": 8,"height": 16,"chars": ["脞"]},
		{"type": "bitmap","file": "crazy_adventure:font/high_res/oxidized_copper.png","ascent": 7,"height": 16,"chars": ["脣"]},
		{"type": "bitmap","file": "crazy_adventure:font/wiki_icons/crazy_adventure_ore_extractor_4.png","ascent": 8,"height": 16,"chars": ["脤"]},
		{"type": "bitmap","file": "crazy_adventure:font/high_res/golden_apple.png","ascent": 7,"height": 16,"chars": ["脧"]},
		{"type": "bitmap","file": "crazy_adventure:font/wiki_icons/crazy_adventure_uranium_apple.png","ascent": 8,"height": 16,"chars": ["脨"]},
		{"type": "bitmap","file": "crazy_adventure:font/wiki_icons/crazy_adventure_raw_uranium.png","ascent": 8,"height": 16,"chars": ["脭"]},
		{"type": "bitmap","file": "crazy_adventure:font/wiki_icons/crazy_adventure_uranium_ingot.png","ascent": 8,"height": 16,"chars": ["脰"]},
		{"type": "bitmap","file": "crazy_adventure:font/high_res/californium_ingot_9.png","ascent": 7,"height": 16,"chars": ["脱"]},
		{"type": "bitmap","file": "crazy_adventure:font/high_res/californium_nugget_9.png","ascent": 7,"height": 16,"chars": ["脻"]},
		{"type": "bitmap","file": "crazy_adventure:font/wiki_icons/crazy_adventure_californium_nugget.png","ascent": 8,"height": 16,"chars": ["脽"]},
		{"type": "bitmap","file": "crazy_adventure:font/wiki_icons/crazy_adventure_californium_block.png","ascent": 8,"height": 16,"chars": ["腀"]},
		{"type": "bitmap","file": "crazy_adventure:font/wiki_icons/crazy_adventure_californium_helmet.png","ascent": 8,"height": 16,"chars": ["腃"]},
		{"type": "bitmap","file": "crazy_adventure:font/wiki_icons/crazy_adventure_californium_chestplate.png","ascent": 8,"height": 16,"chars": ["腆"]},
		{"type": "bitmap","file": "crazy_adventure:font/wiki_icons/crazy_adventure_californium_leggings.png","ascent": 8,"height": 16,"chars": ["腉"]},
		{"type": "bitmap","file": "crazy_adventure:font/wiki_icons/crazy_adventure_californium_boots.png","ascent": 8,"height": 16,"chars": ["腌"]},
		{"type": "bitmap","file": "crazy_adventure:font/wiki_icons/crazy_adventure_californium_sword.png","ascent": 8,"height": 16,"chars": ["腐"]},
		{"type": "bitmap","file": "crazy_adventure:font/wiki_icons/crazy_adventure_californium_pickaxe.png","ascent": 8,"height": 16,"chars": ["腔"]},
		{"type": "bitmap","file": "crazy_adventure:font/wiki_icons/crazy_adventure_californium_axe.png","ascent": 8,"height": 16,"chars": ["腘"]},
		{"type": "bitmap","file": "crazy_adventure:font/wiki_icons/crazy_adventure_californium_shovel.png","ascent": 8,"height": 16,"chars": ["腜"]},
		{"type": "bitmap","file": "crazy_adventure:font/wiki_icons/crazy_adventure_californium_hoe.png","ascent": 8,"height": 16,"chars": ["腠"]},
		{"type": "bitmap","file": "crazy_adventure:font/wiki_icons/crazy_adventure_californium_core.png","ascent": 8,"height": 16,"chars": ["腤"]},
		{"type": "bitmap","file": "crazy_adventure:font/high_res/weathered_copper.png","ascent": 7,"height": 16,"chars": ["腨"]},
		{"type": "bitmap","file": "crazy_adventure:font/wiki_icons/crazy_adventure_amazing_nuclear_reactor.png","ascent": 8,"height": 16,"chars": ["腩"]},
		{"type": "bitmap","file": "crazy_adventure:font/high_res/blue_wool.png","ascent": 7,"height": 16,"chars": ["腭"]},
		{"type": "bitmap","file": "crazy_adventure:font/wiki_icons/crazy_adventure_anti_radiation_glove.png","ascent": 8,"height": 16,"chars": ["腮"]},
		{"type": "bitmap","file": "crazy_adventure:font/wiki_icons/crazy_adventure_californium_ingot.png","ascent": 8,"height": 16,"chars": ["膇"]},
		{"type": "bitmap","file": "crazy_adventure:font/wiki_icons/crazy_adventure_oxidizer.png","ascent": 8,"height": 16,"chars": ["膋"]},
		{"type": "bitmap","file": "crazy_adventure:font/high_res/blue_stained_glass_pane.png","ascent": 7,"height": 16,"chars": ["膎"]},
		{"type": "bitmap","file": "crazy_adventure:font/high_res/yellow_wool.png","ascent": 7,"height": 16,"chars": ["膏"]},
		{"type": "bitmap","file": "crazy_adventure:font/wiki_icons/crazy_adventure_anti_radiation_helmet.png","ascent": 8,"height": 16,"chars": ["膐"]},
		{"type": "bitmap","file": "crazy_adventure:font/wiki_icons/crazy_adventure_raw_californium.png","ascent": 8,"height": 16,"chars": ["膕"]},
		{"type": "bitmap","file": "crazy_adventure:font/wiki_icons/crazy_adventure_californium_ingot.png","ascent": 8,"height": 16,"chars": ["膘"]},
		{"type": "bitmap","file": "crazy_adventure:font/wiki_icons/crazy_adventure_californium_ingot.png","ascent": 8,"height": 16,"chars": ["膟"]},
		{"type": "bitmap","file": "crazy_adventure:font/wiki_icons/crazy_adventure_californium_battery.png","ascent": 8,"height": 16,"chars": ["膤"]},
		{"type": "bitmap","file": "crazy_adventure:font/wiki_icons/crazy_adventure_raw_californium.png","ascent": 8,"height": 16,"chars": ["膩"]},
		{"type": "bitmap","file": "crazy_adventure:font/wiki_icons/crazy_adventure_californium_ingot.png","ascent": 8,"height": 16,"chars": ["膬"]},
		{"type": "bitmap","file": "crazy_adventure:font/wiki_icons/crazy_adventure_uranium_nugget.png","ascent": 8,"height": 16,"chars": ["膳"]},
		{"type": "bitmap","file": "crazy_adventure:font/wiki_icons/crazy_adventure_uranium_nugget.png","ascent": 8,"height": 16,"chars": ["膺"]},
		{"type": "bitmap","file": "crazy_adventure:font/wiki_icons/crazy_adventure_uranium_nugget.png","ascent": 8,"height": 16,"chars": ["臁"]},
		{"type": "bitmap","file": "crazy_adventure:font/wiki_icons/crazy_adventure_uranium_nugget.png","ascent": 8,"height": 16,"chars": ["臈"]},
		{"type": "bitmap","file": "crazy_adventure:font/wiki_icons/crazy_adventure_uranium_nugget.png","ascent": 8,"height": 16,"chars": ["臑"]},
		{"type": "bitmap","file": "crazy_adventure:font/wiki_icons/crazy_adventure_uranium_nugget.png","ascent": 8,"height": 16,"chars": ["臚"]},
		{"type": "bitmap","file": "crazy_adventure:font/wiki_icons/crazy_adventure_uranium_nugget.png","ascent": 8,"height": 16,"chars": ["臣"]},
		{"type": "bitmap","file": "crazy_adventure:font/wiki_icons/crazy_adventure_uranium_nugget.png","ascent": 8,"height": 16,"chars": ["臬"]},
		{"type": "bitmap","file": "crazy_adventure:font/wiki_icons/crazy_adventure_uranium_nugget.png","ascent": 8,"height": 16,"chars": ["臵"]},
		{"type": "bitmap","file": "crazy_adventure:font/wiki_icons/crazy_adventure_californium_nugget.png","ascent": 8,"height": 16,"chars": ["臼"]},
		{"type": "bitmap","file": "crazy_adventure:font/wiki_icons/crazy_adventure_californium_nugget.png","ascent": 8,"height": 16,"chars": ["舃"]},
		{"type": "bitmap","file": "crazy_adventure:font/wiki_icons/crazy_adventure_californium_nugget.png","ascent": 8,"height": 16,"chars": ["舊"]},
		{"type": "bitmap","file": "crazy_adventure:font/wiki_icons/crazy_adventure_californium_nugget.png","ascent": 8,"height": 16,"chars": ["舑"]},
		{"type": "bitmap","file": "crazy_adventure:font/wiki_icons/crazy_adventure_californium_nugget.png","ascent": 8,"height": 16,"chars": ["舚"]},
		{"type": "bitmap","file": "crazy_adventure:font/wiki_icons/crazy_adventure_californium_nugget.png","ascent": 8,"height": 16,"chars": ["舣"]},
		{"type": "bitmap","file": "crazy_adventure:font/wiki_icons/crazy_adventure_ore_extractor_4.png","ascent": 8,"height": 16,"chars": ["舩"]},
		{"type": "bitmap","file": "crazy_adventure:font/wiki_icons/crazy_adventure_californium_nugget.png","ascent": 8,"height": 16,"chars": ["舲"]},
		{"type": "bitmap","file": "crazy_adventure:font/wiki_icons/crazy_adventure_californium_nugget.png","ascent": 8,"height": 16,"chars": ["舻"]},
		{"type": "bitmap","file": "crazy_adventure:font/wiki_icons/crazy_adventure_californium_nugget.png","ascent": 8,"height": 16,"chars": ["艄"]},
		{"type": "bitmap","file": "crazy_adventure:font/wiki_icons/crazy_adventure_anti_radiation_boots.png","ascent": 8,"height": 16,"chars": ["艬"]},
		{"type": "bitmap","file": "crazy_adventure:font/wiki_icons/crazy_adventure_californium_core.png","ascent": 8,"height": 16,"chars": ["艼"]},
		{"type": "bitmap","file": "crazy_adventure:font/high_res/black_candle.png","ascent": 7,"height": 16,"chars": ["艾"]},
		{"type": "bitmap","file": "crazy_adventure:font/high_res/wither_skeleton_skull.png","ascent": 7,"height": 16,"chars": ["艿"]},
		{"type": "bitmap","file": "crazy_adventure:font/high_res/charcoal.png","ascent": 7,"height": 16,"chars": ["芁"]},
		{"type": "bitmap","file": "crazy_adventure:font/wiki_icons/crazy_adventure_boss_altar.png","ascent": 8,"height": 16,"chars": ["节"]},
		{"type": "bitmap","file": "crazy_adventure:font/wiki_icons/crazy_adventure_better_nuclear_reactor.png","ascent": 8,"height": 16,"chars": ["芇"]},
		{"type": "bitmap","file": "crazy_adventure:font/high_res/bow.png","ascent": 7,"height": 16,"chars": ["芋"]},
		{"type": "bitmap","file": "crazy_adventure:font/high_res/coal_block.png","ascent": 7,"height": 16,"chars": ["芌"]},
		{"type": "bitmap","file": "crazy_adventure:font/wiki_icons/crazy_adventure_uranium_battery.png","ascent": 8,"height": 16,"chars": ["芍"]},
		{"type": "bitmap","file": "crazy_adventure:font/high_res/iron_pickaxe.png","ascent": 7,"height": 16,"chars": ["芐"]},
		{"type": "bitmap","file": "crazy_adventure:font/wiki_icons/crazy_adventure_ore_extractor_3.png","ascent": 8,"height": 16,"chars": ["芓"]},
		{"type": "bitmap","file": "crazy_adventure:font/high_res/lightning_rod.png","ascent": 7,"height": 16,"chars": ["芕"]},
		{"type": "bitmap","file": "crazy_adventure:font/wiki_icons/crazy_adventure_storm_stick_charger.png","ascent": 8,"height": 16,"chars": ["芙"]},
		{"type": "bitmap","file": "crazy_adventure:font/high_res/fire_charge.png","ascent": 7,"height": 16,"chars": ["芛"]},
		{"type": "bitmap","file": "crazy_adventure:font/wiki_icons/crazy_adventure_fireball_stick_charger.png","ascent": 8,"height": 16,"chars": ["芟"]},
		{"type": "bitmap","file": "crazy_adventure:font/high_res/crying_obsidian.png","ascent": 7,"height": 16,"chars": ["芡"]},
		{"type": "bitmap","file": "crazy_adventure:font/wiki_icons/crazy_adventure_shield_stick_charger.png","ascent": 8,"height": 16,"chars": ["芥"]},
		{"type": "bitmap","file": "crazy_adventure:font/high_res/bone_block.png","ascent": 7,"height": 16,"chars": ["芧"]},
		{"type": "bitmap","file": "crazy_adventure:font/wiki_icons/crazy_adventure_fertilizer_stick_charger.png","ascent": 8,"height": 16,"chars": ["芫"]},
		{"type": "bitmap","file": "crazy_adventure:font/wiki_icons/crazy_adventure_anti_radiation_chestplate.png","ascent": 8,"height": 16,"chars": ["芯"]},
		{"type": "bitmap","file": "crazy_adventure:font/wiki_icons/crazy_adventure_anti_radiation_glove.png","ascent": 8,"height": 16,"chars": ["芴"]},
		{"type": "bitmap","file": "crazy_adventure:font/high_res/blaze_rod.png","ascent": 7,"height": 16,"chars": ["芸"]},
		{"type": "bitmap","file": "crazy_adventure:font/wiki_icons/crazy_adventure_chargeless_stick.png","ascent": 8,"height": 16,"chars": ["芹"]},
		{"type": "bitmap","file": "crazy_adventure:font/page/uranium_waste.png","ascent": 0,"height": 40,"chars": ["၌"]},
		{"type": "bitmap","file": "crazy_adventure:font/high_res/barrel.png","ascent": 7,"height": 16,"chars": ["芽"]},
		{"type": "bitmap","file": "crazy_adventure:font/wiki_icons/crazy_adventure_uranium_waste_barrel.png","ascent": 8,"height": 16,"chars": ["芾"]},
		{"type": "bitmap","file": "crazy_adventure:font/wiki_icons/crazy_adventure_chargeless_stick.png","ascent": 8,"height": 16,"chars": ["苃"]},
		{"type": "bitmap","file": "crazy_adventure:font/wiki_icons/crazy_adventure_uranium_battery.png","ascent": 8,"height": 16,"chars": ["苎"]},
		{"type": "bitmap","file": "crazy_adventure:font/wiki_icons/crazy_adventure_storm_stick_charger.png","ascent": 8,"height": 16,"chars": ["苔"]},
		{"type": "bitmap","file": "crazy_adventure:font/wiki_icons/crazy_adventure_fireball_stick_charger.png","ascent": 8,"height": 16,"chars": ["苚"]},
		{"type": "bitmap","file": "crazy_adventure:font/wiki_icons/crazy_adventure_shield_stick_charger.png","ascent": 8,"height": 16,"chars": ["苠"]},
		{"type": "bitmap","file": "crazy_adventure:font/wiki_icons/crazy_adventure_fertilizer_stick_charger.png","ascent": 8,"height": 16,"chars": ["苦"]},
		{"type": "bitmap","file": "crazy_adventure:font/page/uranium_shard.png","ascent": 0,"height": 40,"chars": ["၎"]},
		{"type": "bitmap","file": "crazy_adventure:font/wiki_icons/crazy_adventure_uranium_book.png","ascent": 8,"height": 16,"chars": ["苫"]},
		{"type": "bitmap","file": "crazy_adventure:font/wiki_icons/crazy_adventure_uranium_upgrader.png","ascent": 8,"height": 16,"chars": ["苶"]},
		{"type": "bitmap","file": "crazy_adventure:font/wiki_icons/crazy_adventure_incredible_nuclear_reactor.png","ascent": 8,"height": 16,"chars": ["茁"]},
		{"type": "bitmap","file": "crazy_adventure:font/wiki_icons/crazy_adventure_californium_battery.png","ascent": 8,"height": 16,"chars": ["茇"]},
		{"type": "bitmap","file": "crazy_adventure:font/page/californium_waste.png","ascent": 0,"height": 40,"chars": ["ၑ"]},
		{"type": "bitmap","file": "crazy_adventure:font/wiki_icons/crazy_adventure_californium_waste_barrel.png","ascent": 8,"height": 16,"chars": ["茌"]},
		{"type": "bitmap","file": "crazy_adventure:font/wiki_icons/crazy_adventure_californium_battery.png","ascent": 8,"height": 16,"chars": ["茗"]},
		{"type": "bitmap","file": "crazy_adventure:font/high_res/string.png","ascent": 7,"height": 16,"chars": ["茙"]},
		{"type": "bitmap","file": "crazy_adventure:font/high_res/fermented_spider_eye.png","ascent": 7,"height": 16,"chars": ["茛"]},
		{"type": "bitmap","file": "crazy_adventure:font/wiki_icons/crazy_adventure_better_nuclear_reactor.png","ascent": 8,"height": 16,"chars": ["茶"]},
		{"type": "bitmap","file": "crazy_adventure:font/wiki_icons/crazy_adventure_amazing_nuclear_reactor.png","ascent": 8,"height": 16,"chars": ["荃"]},
		{"type": "bitmap","file": "crazy_adventure:font/wiki_icons/crazy_adventure_incredible_nuclear_reactor.png","ascent": 8,"height": 16,"chars": ["荐"]},
		{"type": "bitmap","file": "crazy_adventure:font/wiki_icons/crazy_adventure_californium_battery.png","ascent": 8,"height": 16,"chars": ["荪"]},
		{"type": "bitmap","file": "crazy_adventure:font/high_res/gold_block.png","ascent": 7,"height": 16,"chars": ["荺"]},
		{"type": "bitmap","file": "crazy_adventure:font/high_res/wooden_pickaxe.png","ascent": 7,"height": 16,"chars": ["荼"]},
		{"type": "bitmap","file": "crazy_adventure:font/wiki_icons/crazy_adventure_ore_extractor_2.png","ascent": 8,"height": 16,"chars": ["莉"]},
		{"type": "bitmap","file": "crazy_adventure:font/wiki_icons/crazy_adventure_ore_extractor_3.png","ascent": 8,"height": 16,"chars": ["莙"]},
		{"type": "bitmap","file": "crazy_adventure:font/wiki_icons/crazy_adventure_ore_extractor_4.png","ascent": 8,"height": 16,"chars": ["莩"]},
		{"type": "bitmap","file": "crazy_adventure:font/high_res/redstone_block.png","ascent": 7,"height": 16,"chars": ["菑"]},
		{"type": "bitmap","file": "crazy_adventure:font/page/banana.png","ascent": 0,"height": 40,"chars": ["ၥ"]},
		{"type": "bitmap","file": "crazy_adventure:font/wiki_icons/crazy_adventure_uranium_banana.png","ascent": 8,"height": 16,"chars": ["萆"]},
		{"type": "bitmap","file": "crazy_adventure:font/high_res/breeze_rod.png","ascent": 7,"height": 16,"chars": ["萞"]},
		{"type": "bitmap","file": "crazy_adventure:font/page/fireball_stick.png","ascent": 0,"height": 40,"chars": ["ၩ"]},
		{"type": "bitmap","file": "crazy_adventure:font/page/storm_stick.png","ascent": 0,"height": 40,"chars": ["ၪ"]},
		{"type": "bitmap","file": "crazy_adventure:font/page/shield_stick.png","ascent": 0,"height": 40,"chars": ["ၫ"]},
		{"type": "bitmap","file": "crazy_adventure:font/page/fertilizer_stick.png","ascent": 0,"height": 40,"chars": ["ၬ"]},
		{"type": "bitmap","file": "crazy_adventure:font/high_res/heavy_workbench.png","ascent": 7,"height": 16,"chars": ["萣"]},
		{"type": "bitmap","file": "crazy_adventure:font/high_res/oak_log.png","ascent": 7,"height": 16,"chars": ["萤"]},
		{"type": "bitmap","file": "crazy_adventure:font/high_res/crafting_table.png","ascent": 7,"height": 16,"chars": ["营"]},
		{"type": "bitmap","file": "crazy_adventure:font/high_res/smooth_stone.png","ascent": 7,"height": 16,"chars": ["萦"]},
		{"type": "bitmap","file": "crazy_adventure:font/category/categories_page.png","ascent": 1,"height": 131,"chars": ["အ"]},
		{"type": "bitmap","file": "crazy_adventure:font/page/_logo.png","ascent": 0,"height": 40,"chars": ["ဠ"]},
		{"type": "bitmap","file": "crazy_adventure:font/none.png","ascent": 8,"height": 20,"chars": [" "]},
		{"type": "bitmap","file": "crazy_adventure:font/none.png","ascent": 8,"height": 18,"chars": ["!"]},
		{"type": "bitmap","file": "crazy_adventure:font/none.png","ascent": 7,"height": 7,"chars": ["\""]},
		{"type": "bitmap","file": "crazy_adventure:font/none.png","ascent": 0,"height": 2,"chars": ["#"]},
		{"type": "bitmap","file": "crazy_adventure:font/none.png","ascent": 0,"height": 1,"chars": ["$"]},
		{"type": "bitmap","file": "crazy_adventure:font/none.png","ascent": 7,"height": 16,"chars": ["0"]},
		{"type": "bitmap","file": "crazy_adventure:font/invisible_item.png","ascent": 7,"height": 16,"chars": ["U"]},
		{"type": "bitmap","file": "crazy_adventure:font/wiki_information.png","ascent": 8,"height": 16,"chars": ["1"]},
		{"type": "bitmap","file": "crazy_adventure:font/wiki_result_of_craft.png","ascent": 8,"height": 16,"chars": ["2"]},
		{"type": "bitmap","file": "crazy_adventure:font/wiki_ingredient_of_craft.png","ascent": 8,"height": 16,"chars": ["3"]},
		{"type": "bitmap","file": "crazy_adventure:font/shaped_3x3.png","ascent": 1,"height": 58,"chars": ["6"]},
		{"type": "bitmap","file": "crazy_adventure:font/shaped_2x2.png","ascent": 1,"height": 58,"chars": ["5"]},
		{"type": "bitmap","file": "crazy_adventure:font/furnace.png","ascent": 1,"height": 58,"chars": ["7"]},
		{"type": "bitmap","file": "crazy_adventure:font/stonecutting.png","ascent": 4,"height": 58,"chars": ["8"]},
		{"type": "bitmap","file": "crazy_adventure:font/pulverizing.png","ascent": 4,"height": 58,"chars": ["9"]},
		{"type": "bitmap","file": "crazy_adventure:font/mining.png","ascent": 4,"height": 58,"chars": ["@"]},
		{"type": "bitmap","file": "crazy_adventure:font/shaped_3x3.png","ascent": -4,"height": 58,"chars": ["F"]},
		{"type": "bitmap","file": "crazy_adventure:font/shaped_2x2.png","ascent": -2,"height": 58,"chars": ["E"]},
		{"type": "bitmap","file": "crazy_adventure:font/furnace.png","ascent": -3,"height": 58,"chars": ["G"]},
		{"type": "bitmap","file": "crazy_adventure:font/stonecutting.png","ascent": -3,"height": 58,"chars": ["H"]},
		{"type": "bitmap","file": "crazy_adventure:font/pulverizing.png","ascent": -3,"height": 58,"chars": ["I"]},
		{"type": "bitmap","file": "crazy_adventure:font/mining.png","ascent": -3,"height": 58,"chars": ["P"]},
		{"type": "bitmap","file": "crazy_adventure:font/book.png","ascent": 25,"height": 300,"chars": ["V"]}
	]
}
