{
	"providers": [
		{"type": "bitmap","file": "crazy_adventure:font/category/material.png","ascent": 1,"height": 131,"chars": ["ဣ"]},
		{"type": "bitmap","file": "crazy_adventure:font/high_res/uranium_ingot.png","ascent": 7,"height": 16,"chars": ["耡"]},
		{"type": "bitmap","file": "crazy_adventure:font/high_res/uranium_nugget.png","ascent": 7,"height": 16,"chars": ["耣"]},
		{"type": "bitmap","file": "crazy_adventure:font/high_res/raw_uranium.png","ascent": 7,"height": 16,"chars": ["耥"]},
		{"type": "bitmap","file": "crazy_adventure:font/high_res/uranium_block.png","ascent": 7,"height": 16,"chars": ["耧"]},
		{"type": "bitmap","file": "crazy_adventure:font/high_res/uranium_ore.png","ascent": 7,"height": 16,"chars": ["耩"]},
		{"type": "bitmap","file": "crazy_adventure:font/high_res/deepslate_uranium_ore.png","ascent": 7,"height": 16,"chars": ["耫"]},
		{"type": "bitmap","file": "crazy_adventure:font/high_res/californium_ingot.png","ascent": 7,"height": 16,"chars": ["耭"]},
		{"type": "bitmap","file": "crazy_adventure:font/high_res/californium_nugget.png","ascent": 7,"height": 16,"chars": ["耯"]},
		{"type": "bitmap","file": "crazy_adventure:font/high_res/raw_californium.png","ascent": 7,"height": 16,"chars": ["耱"]},
		{"type": "bitmap","file": "crazy_adventure:font/high_res/californium_block.png","ascent": 7,"height": 16,"chars": ["耳"]},
		{"type": "bitmap","file": "crazy_adventure:font/high_res/californium_ore.png","ascent": 7,"height": 16,"chars": ["耵"]},
		{"type": "bitmap","file": "crazy_adventure:font/category/equipment.png","ascent": 1,"height": 131,"chars": ["ဤ"]},
		{"type": "bitmap","file": "crazy_adventure:font/high_res/uranium_helmet.png","ascent": 7,"height": 16,"chars": ["耷"]},
		{"type": "bitmap","file": "crazy_adventure:font/high_res/uranium_chestplate.png","ascent": 7,"height": 16,"chars": ["耹"]},
		{"type": "bitmap","file": "crazy_adventure:font/high_res/uranium_leggings.png","ascent": 7,"height": 16,"chars": ["耻"]},
		{"type": "bitmap","file": "crazy_adventure:font/high_res/uranium_boots.png","ascent": 7,"height": 16,"chars": ["耽"]},
		{"type": "bitmap","file": "crazy_adventure:font/high_res/uranium_sword.png","ascent": 7,"height": 16,"chars": ["耿"]},
		{"type": "bitmap","file": "crazy_adventure:font/high_res/uranium_pickaxe.png","ascent": 7,"height": 16,"chars": ["聁"]},
		{"type": "bitmap","file": "crazy_adventure:font/high_res/uranium_axe.png","ascent": 7,"height": 16,"chars": ["聃"]},
		{"type": "bitmap","file": "crazy_adventure:font/high_res/uranium_shovel.png","ascent": 7,"height": 16,"chars": ["聅"]},
		{"type": "bitmap","file": "crazy_adventure:font/high_res/uranium_hoe.png","ascent": 7,"height": 16,"chars": ["聇"]},
		{"type": "bitmap","file": "crazy_adventure:font/high_res/californium_helmet.png","ascent": 7,"height": 16,"chars": ["聉"]},
		{"type": "bitmap","file": "crazy_adventure:font/high_res/californium_chestplate.png","ascent": 7,"height": 16,"chars": ["聋"]},
		{"type": "bitmap","file": "crazy_adventure:font/high_res/californium_leggings.png","ascent": 7,"height": 16,"chars": ["聍"]},
		{"type": "bitmap","file": "crazy_adventure:font/high_res/californium_boots.png","ascent": 7,"height": 16,"chars": ["聏"]},
		{"type": "bitmap","file": "crazy_adventure:font/high_res/californium_sword.png","ascent": 7,"height": 16,"chars": ["聑"]},
		{"type": "bitmap","file": "crazy_adventure:font/high_res/californium_pickaxe.png","ascent": 7,"height": 16,"chars": ["聓"]},
		{"type": "bitmap","file": "crazy_adventure:font/high_res/californium_axe.png","ascent": 7,"height": 16,"chars": ["聕"]},
		{"type": "bitmap","file": "crazy_adventure:font/high_res/californium_shovel.png","ascent": 7,"height": 16,"chars": ["聗"]},
		{"type": "bitmap","file": "crazy_adventure:font/high_res/californium_hoe.png","ascent": 7,"height": 16,"chars": ["聙"]},
		{"type": "bitmap","file": "crazy_adventure:font/high_res/cave_helmet.png","ascent": 7,"height": 16,"chars": ["聛"]},
		{"type": "bitmap","file": "crazy_adventure:font/high_res/anti_radiation_helmet.png","ascent": 7,"height": 16,"chars": ["聝"]},
		{"type": "bitmap","file": "crazy_adventure:font/high_res/anti_radiation_chestplate.png","ascent": 7,"height": 16,"chars": ["聟"]},
		{"type": "bitmap","file": "crazy_adventure:font/high_res/anti_radiation_leggings.png","ascent": 7,"height": 16,"chars": ["聡"]},
		{"type": "bitmap","file": "crazy_adventure:font/high_res/anti_radiation_boots.png","ascent": 7,"height": 16,"chars": ["聣"]},
		{"type": "bitmap","file": "crazy_adventure:font/high_res/anti_radiation_glove.png","ascent": 7,"height": 16,"chars": ["聥"]},
		{"type": "bitmap","file": "crazy_adventure:font/category/miscellaneous.png","ascent": 1,"height": 131,"chars": ["ဥ"]},
		{"type": "bitmap","file": "crazy_adventure:font/high_res/geiger_counter.png","ascent": 7,"height": 16,"chars": ["聧"]},
		{"type": "bitmap","file": "crazy_adventure:font/high_res/uranium_core.png","ascent": 7,"height": 16,"chars": ["聩"]},
		{"type": "bitmap","file": "crazy_adventure:font/high_res/uranium_waste.png","ascent": 7,"height": 16,"chars": ["聫"]},
		{"type": "bitmap","file": "crazy_adventure:font/high_res/uranium_waste_barrel.png","ascent": 7,"height": 16,"chars": ["聭"]},
		{"type": "bitmap","file": "crazy_adventure:font/high_res/uranium_shard.png","ascent": 7,"height": 16,"chars": ["聯"]},
		{"type": "bitmap","file": "crazy_adventure:font/high_res/uranium_book.png","ascent": 7,"height": 16,"chars": ["聱"]},
		{"type": "bitmap","file": "crazy_adventure:font/high_res/californium_core.png","ascent": 7,"height": 16,"chars": ["聳"]},
		{"type": "bitmap","file": "crazy_adventure:font/high_res/californium_waste.png","ascent": 7,"height": 16,"chars": ["聵"]},
		{"type": "bitmap","file": "crazy_adventure:font/high_res/californium_waste_barrel.png","ascent": 7,"height": 16,"chars": ["職"]},
		{"type": "bitmap","file": "crazy_adventure:font/high_res/souls_bag.png","ascent": 7,"height": 16,"chars": ["聹"]},
		{"type": "bitmap","file": "crazy_adventure:font/high_res/boss_altar.png","ascent": 7,"height": 16,"chars": ["聻"]},
		{"type": "bitmap","file": "crazy_adventure:font/category/generator.png","ascent": 1,"height": 131,"chars": ["ဦ"]},
		{"type": "bitmap","file": "crazy_adventure:font/high_res/nuclear_reactor.png","ascent": 7,"height": 16,"chars": ["聽"]},
		{"type": "bitmap","file": "crazy_adventure:font/high_res/better_nuclear_reactor.png","ascent": 7,"height": 16,"chars": ["聿"]},
		{"type": "bitmap","file": "crazy_adventure:font/high_res/amazing_nuclear_reactor.png","ascent": 7,"height": 16,"chars": ["肁"]},
		{"type": "bitmap","file": "crazy_adventure:font/high_res/incredible_nuclear_reactor.png","ascent": 7,"height": 16,"chars": ["肃"]},
		{"type": "bitmap","file": "crazy_adventure:font/category/energy.png","ascent": 1,"height": 131,"chars": ["ဧ"]},
		{"type": "bitmap","file": "crazy_adventure:font/high_res/uranium_battery.png","ascent": 7,"height": 16,"chars": ["肅"]},
		{"type": "bitmap","file": "crazy_adventure:font/high_res/californium_battery.png","ascent": 7,"height": 16,"chars": ["肇"]},
		{"type": "bitmap","file": "crazy_adventure:font/high_res/ore_extractor_1.png","ascent": 7,"height": 16,"chars": ["肉"]},
		{"type": "bitmap","file": "crazy_adventure:font/high_res/ore_extractor_2.png","ascent": 7,"height": 16,"chars": ["肋"]},
		{"type": "bitmap","file": "crazy_adventure:font/high_res/ore_extractor_3.png","ascent": 7,"height": 16,"chars": ["肍"]},
		{"type": "bitmap","file": "crazy_adventure:font/high_res/ore_extractor_4.png","ascent": 7,"height": 16,"chars": ["肏"]},
		{"type": "bitmap","file": "crazy_adventure:font/high_res/uranium_upgrader.png","ascent": 7,"height": 16,"chars": ["肑"]},
		{"type": "bitmap","file": "crazy_adventure:font/high_res/oxidizer.png","ascent": 7,"height": 16,"chars": ["肓"]},
		{"type": "bitmap","file": "crazy_adventure:font/high_res/storm_stick_charger.png","ascent": 7,"height": 16,"chars": ["肕"]},
		{"type": "bitmap","file": "crazy_adventure:font/high_res/fireball_stick_charger.png","ascent": 7,"height": 16,"chars": ["肗"]},
		{"type": "bitmap","file": "crazy_adventure:font/high_res/shield_stick_charger.png","ascent": 7,"height": 16,"chars": ["肙"]},
		{"type": "bitmap","file": "crazy_adventure:font/high_res/fertilizer_stick_charger.png","ascent": 7,"height": 16,"chars": ["肛"]},
		{"type": "bitmap","file": "crazy_adventure:font/category/radiactivity.png","ascent": 1,"height": 131,"chars": ["ဨ"]},
		{"type": "bitmap","file": "crazy_adventure:font/high_res/banana_sapling.png","ascent": 7,"height": 16,"chars": ["肝"]},
		{"type": "bitmap","file": "crazy_adventure:font/high_res/banana.png","ascent": 7,"height": 16,"chars": ["肟"]},
		{"type": "bitmap","file": "crazy_adventure:font/high_res/uranium_banana.png","ascent": 7,"height": 16,"chars": ["股"]},
		{"type": "bitmap","file": "crazy_adventure:font/high_res/uranium_apple.png","ascent": 7,"height": 16,"chars": ["肣"]},
		{"type": "bitmap","file": "crazy_adventure:font/high_res/chargeless_stick.png","ascent": 7,"height": 16,"chars": ["肥"]},
		{"type": "bitmap","file": "crazy_adventure:font/high_res/fireball_stick.png","ascent": 7,"height": 16,"chars": ["肧"]},
		{"type": "bitmap","file": "crazy_adventure:font/high_res/storm_stick.png","ascent": 7,"height": 16,"chars": ["肩"]},
		{"type": "bitmap","file": "crazy_adventure:font/high_res/shield_stick.png","ascent": 7,"height": 16,"chars": ["肫"]},
		{"type": "bitmap","file": "crazy_adventure:font/high_res/fertilizer_stick.png","ascent": 7,"height": 16,"chars": ["肭"]},
		{"type": "bitmap","file": "crazy_adventure:font/high_res/uranium_ingot_9.png","ascent": 7,"height": 16,"chars": ["肯"]},
		{"type": "bitmap","file": "crazy_adventure:font/high_res/uranium_nugget_9.png","ascent": 7,"height": 16,"chars": ["肻"]},
		{"type": "bitmap","file": "crazy_adventure:font/wiki_icons/crazy_adventure_uranium_nugget.png","ascent": 8,"height": 16,"chars": ["肽"]},
		{"type": "bitmap","file": "crazy_adventure:font/wiki_icons/crazy_adventure_uranium_block.png","ascent": 8,"height": 16,"chars": ["胀"]},
		{"type": "bitmap","file": "crazy_adventure:font/wiki_icons/crazy_adventure_uranium_helmet.png","ascent": 8,"height": 16,"chars": ["胃"]},
		{"type": "bitmap","file": "crazy_adventure:font/wiki_icons/crazy_adventure_uranium_chestplate.png","ascent": 8,"height": 16,"chars": ["胆"]},
		{"type": "bitmap","file": "crazy_adventure:font/wiki_icons/crazy_adventure_uranium_leggings.png","ascent": 8,"height": 16,"chars": ["胉"]},
		{"type": "bitmap","file": "crazy_adventure:font/wiki_icons/crazy_adventure_uranium_boots.png","ascent": 8,"height": 16,"chars": ["背"]},
		{"type": "bitmap","file": "crazy_adventure:font/high_res/stick.png","ascent": 7,"height": 16,"chars": ["胏"]},
		{"type": "bitmap","file": "crazy_adventure:font/wiki_icons/crazy_adventure_uranium_sword.png","ascent": 8,"height": 16,"chars": ["胐"]},
		{"type": "bitmap","file": "crazy_adventure:font/wiki_icons/crazy_adventure_uranium_pickaxe.png","ascent": 8,"height": 16,"chars": ["胔"]},
		{"type": "bitmap","file": "crazy_adventure:font/wiki_icons/crazy_adventure_uranium_axe.png","ascent": 8,"height": 16,"chars": ["胘"]},
		{"type": "bitmap","file": "crazy_adventure:font/wiki_icons/crazy_adventure_uranium_shovel.png","ascent": 8,"height": 16,"chars": ["胜"]},
		{"type": "bitmap","file": "crazy_adventure:font/wiki_icons/crazy_adventure_uranium_hoe.png","ascent": 8,"height": 16,"chars": ["胠"]},
		{"type": "bitmap","file": "crazy_adventure:font/high_res/copper_ingot.png","ascent": 7,"height": 16,"chars": ["胣"]},
		{"type": "bitmap","file": "crazy_adventure:font/wiki_icons/crazy_adventure_geiger_counter.png","ascent": 8,"height": 16,"chars": ["胤"]},
		{"type": "bitmap","file": "crazy_adventure:font/high_res/iron_block.png","ascent": 7,"height": 16,"chars": ["胧"]},
		{"type": "bitmap","file": "crazy_adventure:font/wiki_icons/crazy_adventure_uranium_core.png","ascent": 8,"height": 16,"chars": ["胨"]},
		{"type": "bitmap","file": "crazy_adventure:font/high_res/furnace.png","ascent": 7,"height": 16,"chars": ["胫"]},
		{"type": "bitmap","file": "crazy_adventure:font/high_res/copper_block.png","ascent": 7,"height": 16,"chars": ["胬"]},
		{"type": "bitmap","file": "crazy_adventure:font/wiki_icons/crazy_adventure_nuclear_reactor.png","ascent": 8,"height": 16,"chars": ["胭"]},
		{"type": "bitmap","file": "crazy_adventure:font/high_res/stone_pickaxe.png","ascent": 7,"height": 16,"chars": ["胰"]},
		{"type": "bitmap","file": "crazy_adventure:font/high_res/exposed_copper.png","ascent": 7,"height": 16,"chars": ["胲"]},
		{"type": "bitmap","file": "crazy_adventure:font/wiki_icons/crazy_adventure_ore_extractor_2.png","ascent": 8,"height": 16,"chars": ["胳"]},
		{"type": "bitmap","file": "crazy_adventure:font/wiki_icons/crazy_adventure_uranium_upgrader.png","ascent": 8,"height": 16,"chars": ["胸"]},
		{"type": "bitmap","file": "crazy_adventure:font/wiki_icons/crazy_adventure_uranium_banana.png","ascent": 8,"height": 16,"chars": ["胼"]},
		{"type": "bitmap","file": "crazy_adventure:font/wiki_icons/crazy_adventure_uranium_ingot.png","ascent": 8,"height": 16,"chars": ["脕"]},
		{"type": "bitmap","file": "crazy_adventure:font/wiki_icons/crazy_adventure_raw_uranium.png","ascent": 8,"height": 16,"chars": ["脚"]},
		{"type": "bitmap","file": "crazy_adventure:font/wiki_icons/crazy_adventure_raw_uranium.png","ascent": 8,"height": 16,"chars": ["脝"]},
		{"type": "bitmap","file": "crazy_adventure:font/wiki_icons/crazy_adventure_uranium_ingot.png","ascent": 8,"height": 16,"chars": ["脠"]},
		{"type": "bitmap","file": "crazy_adventure:font/wiki_icons/crazy_adventure_uranium_ingot.png","ascent": 8,"height": 16,"chars": ["脧"]},
		{"type": "bitmap","file": "crazy_adventure:font/high_res/oxidized_copper.png","ascent": 7,"height": 16,"chars": ["脬"]},
		{"type": "bitmap","file": "crazy_adventure:font/wiki_icons/crazy_adventure_ore_extractor_4.png","ascent": 8,"height": 16,"chars": ["脭"]},
		{"type": "bitmap","file": "crazy_adventure:font/high_res/golden_apple.png","ascent": 7,"height": 16,"chars": ["脰"]},
		{"type": "bitmap","file": "crazy_adventure:font/wiki_icons/crazy_adventure_uranium_apple.png","ascent": 8,"height": 16,"chars": ["脱"]},
		{"type": "bitmap","file": "crazy_adventure:font/wiki_icons/crazy_adventure_raw_uranium.png","ascent": 8,"height": 16,"chars": ["脶"]},
		{"type": "bitmap","file": "crazy_adventure:font/wiki_icons/crazy_adventure_uranium_ingot.png","ascent": 8,"height": 16,"chars": ["脹"]},
		{"type": "bitmap","file": "crazy_adventure:font/wiki_icons/crazy_adventure_raw_uranium.png","ascent": 8,"height": 16,"chars": ["脾"]},
		{"type": "bitmap","file": "crazy_adventure:font/wiki_icons/crazy_adventure_uranium_ingot.png","ascent": 8,"height": 16,"chars": ["腁"]},
		{"type": "bitmap","file": "crazy_adventure:font/high_res/californium_ingot_9.png","ascent": 7,"height": 16,"chars": ["腂"]},
		{"type": "bitmap","file": "crazy_adventure:font/high_res/californium_nugget_9.png","ascent": 7,"height": 16,"chars": ["腌"]},
		{"type": "bitmap","file": "crazy_adventure:font/wiki_icons/crazy_adventure_californium_nugget.png","ascent": 8,"height": 16,"chars": ["腎"]},
		{"type": "bitmap","file": "crazy_adventure:font/wiki_icons/crazy_adventure_californium_block.png","ascent": 8,"height": 16,"chars": ["腑"]},
		{"type": "bitmap","file": "crazy_adventure:font/wiki_icons/crazy_adventure_californium_helmet.png","ascent": 8,"height": 16,"chars": ["腔"]},
		{"type": "bitmap","file": "crazy_adventure:font/wiki_icons/crazy_adventure_californium_chestplate.png","ascent": 8,"height": 16,"chars": ["腗"]},
		{"type": "bitmap","file": "crazy_adventure:font/wiki_icons/crazy_adventure_californium_leggings.png","ascent": 8,"height": 16,"chars": ["腚"]},
		{"type": "bitmap","file": "crazy_adventure:font/wiki_icons/crazy_adventure_californium_boots.png","ascent": 8,"height": 16,"chars": ["腝"]},
		{"type": "bitmap","file": "crazy_adventure:font/wiki_icons/crazy_adventure_californium_sword.png","ascent": 8,"height": 16,"chars": ["腡"]},
		{"type": "bitmap","file": "crazy_adventure:font/wiki_icons/crazy_adventure_californium_pickaxe.png","ascent": 8,"height": 16,"chars": ["腥"]},
		{"type": "bitmap","file": "crazy_adventure:font/wiki_icons/crazy_adventure_californium_axe.png","ascent": 8,"height": 16,"chars": ["腩"]},
		{"type": "bitmap","file": "crazy_adventure:font/wiki_icons/crazy_adventure_californium_shovel.png","ascent": 8,"height": 16,"chars": ["腭"]},
		{"type": "bitmap","file": "crazy_adventure:font/wiki_icons/crazy_adventure_californium_hoe.png","ascent": 8,"height": 16,"chars": ["腱"]},
		{"type": "bitmap","file": "crazy_adventure:font/wiki_icons/crazy_adventure_californium_core.png","ascent": 8,"height": 16,"chars": ["腵"]},
		{"type": "bitmap","file": "crazy_adventure:font/high_res/weathered_copper.png","ascent": 7,"height": 16,"chars": ["腹"]},
		{"type": "bitmap","file": "crazy_adventure:font/wiki_icons/crazy_adventure_amazing_nuclear_reactor.png","ascent": 8,"height": 16,"chars": ["腺"]},
		{"type": "bitmap","file": "crazy_adventure:font/high_res/blue_wool.png","ascent": 7,"height": 16,"chars": ["腾"]},
		{"type": "bitmap","file": "crazy_adventure:font/wiki_icons/crazy_adventure_anti_radiation_glove.png","ascent": 8,"height": 16,"chars": ["腿"]},
		{"type": "bitmap","file": "crazy_adventure:font/wiki_icons/crazy_adventure_californium_ingot.png","ascent": 8,"height": 16,"chars": ["膘"]},
		{"type": "bitmap","file": "crazy_adventure:font/wiki_icons/crazy_adventure_oxidizer.png","ascent": 8,"height": 16,"chars": ["膜"]},
		{"type": "bitmap","file": "crazy_adventure:font/high_res/blue_stained_glass_pane.png","ascent": 7,"height": 16,"chars": ["膟"]},
		{"type": "bitmap","file": "crazy_adventure:font/high_res/yellow_wool.png","ascent": 7,"height": 16,"chars": ["膠"]},
		{"type": "bitmap","file": "crazy_adventure:font/wiki_icons/crazy_adventure_anti_radiation_helmet.png","ascent": 8,"height": 16,"chars": ["膡"]},
		{"type": "bitmap","file": "crazy_adventure:font/wiki_icons/crazy_adventure_raw_californium.png","ascent": 8,"height": 16,"chars": ["膦"]},
		{"type": "bitmap","file": "crazy_adventure:font/wiki_icons/crazy_adventure_californium_ingot.png","ascent": 8,"height": 16,"chars": ["膩"]},
		{"type": "bitmap","file": "crazy_adventure:font/wiki_icons/crazy_adventure_californium_ingot.png","ascent": 8,"height": 16,"chars": ["膰"]},
		{"type": "bitmap","file": "crazy_adventure:font/wiki_icons/crazy_adventure_californium_battery.png","ascent": 8,"height": 16,"chars": ["膵"]},
		{"type": "bitmap","file": "crazy_adventure:font/wiki_icons/crazy_adventure_raw_californium.png","ascent": 8,"height": 16,"chars": ["膺"]},
		{"type": "bitmap","file": "crazy_adventure:font/wiki_icons/crazy_adventure_californium_ingot.png","ascent": 8,"height": 16,"chars": ["膽"]},
		{"type": "bitmap","file": "crazy_adventure:font/wiki_icons/crazy_adventure_uranium_nugget.png","ascent": 8,"height": 16,"chars": ["臄"]},
		{"type": "bitmap","file": "crazy_adventure:font/wiki_icons/crazy_adventure_uranium_nugget.png","ascent": 8,"height": 16,"chars": ["臋"]},
		{"type": "bitmap","file": "crazy_adventure:font/wiki_icons/crazy_adventure_uranium_nugget.png","ascent": 8,"height": 16,"chars": ["臒"]},
		{"type": "bitmap","file": "crazy_adventure:font/wiki_icons/crazy_adventure_uranium_nugget.png","ascent": 8,"height": 16,"chars": ["臙"]},
		{"type": "bitmap","file": "crazy_adventure:font/wiki_icons/crazy_adventure_uranium_nugget.png","ascent": 8,"height": 16,"chars": ["臢"]},
		{"type": "bitmap","file": "crazy_adventure:font/wiki_icons/crazy_adventure_uranium_nugget.png","ascent": 8,"height": 16,"chars": ["臫"]},
		{"type": "bitmap","file": "crazy_adventure:font/wiki_icons/crazy_adventure_uranium_nugget.png","ascent": 8,"height": 16,"chars": ["致"]},
		{"type": "bitmap","file": "crazy_adventure:font/wiki_icons/crazy_adventure_uranium_nugget.png","ascent": 8,"height": 16,"chars": ["臽"]},
		{"type": "bitmap","file": "crazy_adventure:font/wiki_icons/crazy_adventure_uranium_nugget.png","ascent": 8,"height": 16,"chars": ["舆"]},
		{"type": "bitmap","file": "crazy_adventure:font/wiki_icons/crazy_adventure_californium_nugget.png","ascent": 8,"height": 16,"chars": ["舍"]},
		{"type": "bitmap","file": "crazy_adventure:font/wiki_icons/crazy_adventure_californium_nugget.png","ascent": 8,"height": 16,"chars": ["舔"]},
		{"type": "bitmap","file": "crazy_adventure:font/wiki_icons/crazy_adventure_californium_nugget.png","ascent": 8,"height": 16,"chars": ["舛"]},
		{"type": "bitmap","file": "crazy_adventure:font/wiki_icons/crazy_adventure_californium_nugget.png","ascent": 8,"height": 16,"chars": ["舢"]},
		{"type": "bitmap","file": "crazy_adventure:font/wiki_icons/crazy_adventure_californium_nugget.png","ascent": 8,"height": 16,"chars": ["舫"]},
		{"type": "bitmap","file": "crazy_adventure:font/wiki_icons/crazy_adventure_californium_nugget.png","ascent": 8,"height": 16,"chars": ["舴"]},
		{"type": "bitmap","file": "crazy_adventure:font/wiki_icons/crazy_adventure_ore_extractor_4.png","ascent": 8,"height": 16,"chars": ["舺"]},
		{"type": "bitmap","file": "crazy_adventure:font/wiki_icons/crazy_adventure_californium_nugget.png","ascent": 8,"height": 16,"chars": ["艃"]},
		{"type": "bitmap","file": "crazy_adventure:font/wiki_icons/crazy_adventure_californium_nugget.png","ascent": 8,"height": 16,"chars": ["艌"]},
		{"type": "bitmap","file": "crazy_adventure:font/wiki_icons/crazy_adventure_californium_nugget.png","ascent": 8,"height": 16,"chars": ["艕"]},
		{"type": "bitmap","file": "crazy_adventure:font/page/cave_helmet.png","ascent": 0,"height": 40,"chars": ["၆"]},
		{"type": "bitmap","file": "crazy_adventure:font/wiki_icons/crazy_adventure_californium_core.png","ascent": 8,"height": 16,"chars": ["芄"]},
		{"type": "bitmap","file": "crazy_adventure:font/high_res/black_candle.png","ascent": 7,"height": 16,"chars": ["芆"]},
		{"type": "bitmap","file": "crazy_adventure:font/high_res/wither_skeleton_skull.png","ascent": 7,"height": 16,"chars": ["芇"]},
		{"type": "bitmap","file": "crazy_adventure:font/high_res/simplunium_block.png","ascent": 7,"height": 16,"chars": ["芉"]},
		{"type": "bitmap","file": "crazy_adventure:font/wiki_icons/crazy_adventure_boss_altar.png","ascent": 8,"height": 16,"chars": ["芊"]},
		{"type": "bitmap","file": "crazy_adventure:font/wiki_icons/crazy_adventure_better_nuclear_reactor.png","ascent": 8,"height": 16,"chars": ["芏"]},
		{"type": "bitmap","file": "crazy_adventure:font/high_res/elite_battery.png","ascent": 7,"height": 16,"chars": ["芓"]},
		{"type": "bitmap","file": "crazy_adventure:font/wiki_icons/crazy_adventure_uranium_battery.png","ascent": 8,"height": 16,"chars": ["芕"]},
		{"type": "bitmap","file": "crazy_adventure:font/high_res/iron_pickaxe.png","ascent": 7,"height": 16,"chars": ["芘"]},
		{"type": "bitmap","file": "crazy_adventure:font/wiki_icons/crazy_adventure_ore_extractor_3.png","ascent": 8,"height": 16,"chars": ["芛"]},
		{"type": "bitmap","file": "crazy_adventure:font/high_res/lightning_rod.png","ascent": 7,"height": 16,"chars": ["芝"]},
		{"type": "bitmap","file": "crazy_adventure:font/wiki_icons/crazy_adventure_storm_stick_charger.png","ascent": 8,"height": 16,"chars": ["芡"]},
		{"type": "bitmap","file": "crazy_adventure:font/high_res/fire_charge.png","ascent": 7,"height": 16,"chars": ["芣"]},
		{"type": "bitmap","file": "crazy_adventure:font/wiki_icons/crazy_adventure_fireball_stick_charger.png","ascent": 8,"height": 16,"chars": ["芧"]},
		{"type": "bitmap","file": "crazy_adventure:font/high_res/crying_obsidian.png","ascent": 7,"height": 16,"chars": ["芩"]},
		{"type": "bitmap","file": "crazy_adventure:font/wiki_icons/crazy_adventure_shield_stick_charger.png","ascent": 8,"height": 16,"chars": ["芭"]},
		{"type": "bitmap","file": "crazy_adventure:font/high_res/bone_block.png","ascent": 7,"height": 16,"chars": ["芯"]},
		{"type": "bitmap","file": "crazy_adventure:font/wiki_icons/crazy_adventure_fertilizer_stick_charger.png","ascent": 8,"height": 16,"chars": ["芳"]},
		{"type": "bitmap","file": "crazy_adventure:font/wiki_icons/crazy_adventure_anti_radiation_chestplate.png","ascent": 8,"height": 16,"chars": ["芷"]},
		{"type": "bitmap","file": "crazy_adventure:font/wiki_icons/crazy_adventure_anti_radiation_glove.png","ascent": 8,"height": 16,"chars": ["芼"]},
		{"type": "bitmap","file": "crazy_adventure:font/high_res/blaze_rod.png","ascent": 7,"height": 16,"chars": ["苀"]},
		{"type": "bitmap","file": "crazy_adventure:font/wiki_icons/crazy_adventure_chargeless_stick.png","ascent": 8,"height": 16,"chars": ["苁"]},
		{"type": "bitmap","file": "crazy_adventure:font/page/uranium_waste.png","ascent": 0,"height": 40,"chars": ["၎"]},
		{"type": "bitmap","file": "crazy_adventure:font/high_res/barrel.png","ascent": 7,"height": 16,"chars": ["苅"]},
		{"type": "bitmap","file": "crazy_adventure:font/wiki_icons/crazy_adventure_uranium_waste_barrel.png","ascent": 8,"height": 16,"chars": ["苆"]},
		{"type": "bitmap","file": "crazy_adventure:font/wiki_icons/crazy_adventure_chargeless_stick.png","ascent": 8,"height": 16,"chars": ["苋"]},
		{"type": "bitmap","file": "crazy_adventure:font/wiki_icons/crazy_adventure_uranium_battery.png","ascent": 8,"height": 16,"chars": ["苖"]},
		{"type": "bitmap","file": "crazy_adventure:font/wiki_icons/crazy_adventure_storm_stick_charger.png","ascent": 8,"height": 16,"chars": ["苜"]},
		{"type": "bitmap","file": "crazy_adventure:font/wiki_icons/crazy_adventure_fireball_stick_charger.png","ascent": 8,"height": 16,"chars": ["苢"]},
		{"type": "bitmap","file": "crazy_adventure:font/wiki_icons/crazy_adventure_shield_stick_charger.png","ascent": 8,"height": 16,"chars": ["苨"]},
		{"type": "bitmap","file": "crazy_adventure:font/wiki_icons/crazy_adventure_fertilizer_stick_charger.png","ascent": 8,"height": 16,"chars": ["苮"]},
		{"type": "bitmap","file": "crazy_adventure:font/page/uranium_shard.png","ascent": 0,"height": 40,"chars": ["ၐ"]},
		{"type": "bitmap","file": "crazy_adventure:font/high_res/manual.png","ascent": 7,"height": 16,"chars": ["苲"]},
		{"type": "bitmap","file": "crazy_adventure:font/wiki_icons/crazy_adventure_uranium_book.png","ascent": 8,"height": 16,"chars": ["苳"]},
		{"type": "bitmap","file": "crazy_adventure:font/wiki_icons/crazy_adventure_uranium_upgrader.png","ascent": 8,"height": 16,"chars": ["苾"]},
		{"type": "bitmap","file": "crazy_adventure:font/wiki_icons/crazy_adventure_incredible_nuclear_reactor.png","ascent": 8,"height": 16,"chars": ["茉"]},
		{"type": "bitmap","file": "crazy_adventure:font/wiki_icons/crazy_adventure_californium_battery.png","ascent": 8,"height": 16,"chars": ["茏"]},
		{"type": "bitmap","file": "crazy_adventure:font/page/californium_waste.png","ascent": 0,"height": 40,"chars": ["ၓ"]},
		{"type": "bitmap","file": "crazy_adventure:font/wiki_icons/crazy_adventure_californium_waste_barrel.png","ascent": 8,"height": 16,"chars": ["茔"]},
		{"type": "bitmap","file": "crazy_adventure:font/wiki_icons/crazy_adventure_californium_battery.png","ascent": 8,"height": 16,"chars": ["茟"]},
		{"type": "bitmap","file": "crazy_adventure:font/high_res/string.png","ascent": 7,"height": 16,"chars": ["茡"]},
		{"type": "bitmap","file": "crazy_adventure:font/high_res/simplunium_ingot.png","ascent": 7,"height": 16,"chars": ["茢"]},
		{"type": "bitmap","file": "crazy_adventure:font/high_res/fermented_spider_eye.png","ascent": 7,"height": 16,"chars": ["茣"]},
		{"type": "bitmap","file": "crazy_adventure:font/wiki_icons/crazy_adventure_better_nuclear_reactor.png","ascent": 8,"height": 16,"chars": ["茾"]},
		{"type": "bitmap","file": "crazy_adventure:font/wiki_icons/crazy_adventure_amazing_nuclear_reactor.png","ascent": 8,"height": 16,"chars": ["荋"]},
		{"type": "bitmap","file": "crazy_adventure:font/wiki_icons/crazy_adventure_incredible_nuclear_reactor.png","ascent": 8,"height": 16,"chars": ["荘"]},
		{"type": "bitmap","file": "crazy_adventure:font/wiki_icons/crazy_adventure_californium_battery.png","ascent": 8,"height": 16,"chars": ["荲"]},
		{"type": "bitmap","file": "crazy_adventure:font/high_res/gold_block.png","ascent": 7,"height": 16,"chars": ["莂"]},
		{"type": "bitmap","file": "crazy_adventure:font/high_res/coal_block.png","ascent": 7,"height": 16,"chars": ["莃"]},
		{"type": "bitmap","file": "crazy_adventure:font/high_res/wooden_pickaxe.png","ascent": 7,"height": 16,"chars": ["莄"]},
		{"type": "bitmap","file": "crazy_adventure:font/wiki_icons/crazy_adventure_ore_extractor_2.png","ascent": 8,"height": 16,"chars": ["莑"]},
		{"type": "bitmap","file": "crazy_adventure:font/wiki_icons/crazy_adventure_ore_extractor_3.png","ascent": 8,"height": 16,"chars": ["莡"]},
		{"type": "bitmap","file": "crazy_adventure:font/wiki_icons/crazy_adventure_ore_extractor_4.png","ascent": 8,"height": 16,"chars": ["莱"]},
		{"type": "bitmap","file": "crazy_adventure:font/high_res/redstone_block.png","ascent": 7,"height": 16,"chars": ["菙"]},
		{"type": "bitmap","file": "crazy_adventure:font/high_res/banana_sapling_2.png","ascent": 7,"height": 16,"chars": ["萊"]},
		{"type": "bitmap","file": "crazy_adventure:font/high_res/bone_meal.png","ascent": 7,"height": 16,"chars": ["萌"]},
		{"type": "bitmap","file": "crazy_adventure:font/high_res/banana_1.png","ascent": 7,"height": 16,"chars": ["萐"]},
		{"type": "bitmap","file": "crazy_adventure:font/high_res/banana_plant.png","ascent": 7,"height": 16,"chars": ["萑"]},
		{"type": "bitmap","file": "crazy_adventure:font/wiki_icons/crazy_adventure_banana.png","ascent": 8,"height": 16,"chars": ["萔"]},
		{"type": "bitmap","file": "crazy_adventure:font/wiki_icons/crazy_adventure_banana_sapling.png","ascent": 8,"height": 16,"chars": ["萘"]},
		{"type": "bitmap","file": "crazy_adventure:font/wiki_icons/crazy_adventure_uranium_banana.png","ascent": 8,"height": 16,"chars": ["萜"]},
		{"type": "bitmap","file": "crazy_adventure:font/high_res/breeze_rod.png","ascent": 7,"height": 16,"chars": ["萴"]},
		{"type": "bitmap","file": "crazy_adventure:font/page/fireball_stick.png","ascent": 0,"height": 40,"chars": ["ၬ"]},
		{"type": "bitmap","file": "crazy_adventure:font/page/storm_stick.png","ascent": 0,"height": 40,"chars": ["ၭ"]},
		{"type": "bitmap","file": "crazy_adventure:font/page/shield_stick.png","ascent": 0,"height": 40,"chars": ["ၮ"]},
		{"type": "bitmap","file": "crazy_adventure:font/page/fertilizer_stick.png","ascent": 0,"height": 40,"chars": ["ၯ"]},
		{"type": "bitmap","file": "crazy_adventure:font/high_res/heavy_workbench.png","ascent": 7,"height": 16,"chars": ["萹"]},
		{"type": "bitmap","file": "crazy_adventure:font/high_res/oak_log.png","ascent": 7,"height": 16,"chars": ["萺"]},
		{"type": "bitmap","file": "crazy_adventure:font/high_res/crafting_table.png","ascent": 7,"height": 16,"chars": ["萻"]},
		{"type": "bitmap","file": "crazy_adventure:font/high_res/smooth_stone.png","ascent": 7,"height": 16,"chars": ["萼"]},
		{"type": "bitmap","file": "crazy_adventure:font/category/categories_page.png","ascent": 1,"height": 131,"chars": ["အ"]},
		{"type": "bitmap","file": "crazy_adventure:font/page/_logo.png","ascent": 0,"height": 40,"chars": ["ဠ"]},
		{"type": "bitmap","file": "crazy_adventure:font/none.png","ascent": 8,"height": 20,"chars": [" "]},
		{"type": "bitmap","file": "crazy_adventure:font/none.png","ascent": 8,"height": 18,"chars": ["!"]},
		{"type": "bitmap","file": "crazy_adventure:font/none.png","ascent": 7,"height": 7,"chars": ["\""]},
		{"type": "bitmap","file": "crazy_adventure:font/none.png","ascent": 0,"height": 2,"chars": ["#"]},
		{"type": "bitmap","file": "crazy_adventure:font/none.png","ascent": 0,"height": 1,"chars": ["$"]},
		{"type": "bitmap","file": "crazy_adventure:font/none.png","ascent": 7,"height": 16,"chars": ["0"]},
		{"type": "bitmap","file": "crazy_adventure:font/invisible_item.png","ascent": 7,"height": 16,"chars": ["U"]},
		{"type": "bitmap","file": "crazy_adventure:font/wiki_information.png","ascent": 8,"height": 16,"chars": ["1"]},
		{"type": "bitmap","file": "crazy_adventure:font/wiki_result_of_craft.png","ascent": 8,"height": 16,"chars": ["2"]},
		{"type": "bitmap","file": "crazy_adventure:font/wiki_ingredient_of_craft.png","ascent": 8,"height": 16,"chars": ["3"]},
		{"type": "bitmap","file": "crazy_adventure:font/shaped_3x3.png","ascent": 1,"height": 58,"chars": ["6"]},
		{"type": "bitmap","file": "crazy_adventure:font/shaped_2x2.png","ascent": 1,"height": 58,"chars": ["5"]},
		{"type": "bitmap","file": "crazy_adventure:font/furnace.png","ascent": 1,"height": 58,"chars": ["7"]},
		{"type": "bitmap","file": "crazy_adventure:font/stonecutting.png","ascent": 4,"height": 58,"chars": ["8"]},
		{"type": "bitmap","file": "crazy_adventure:font/pulverizing.png","ascent": 4,"height": 58,"chars": ["9"]},
		{"type": "bitmap","file": "crazy_adventure:font/mining.png","ascent": 4,"height": 58,"chars": ["@"]},
		{"type": "bitmap","file": "crazy_adventure:font/shaped_3x3.png","ascent": -4,"height": 58,"chars": ["F"]},
		{"type": "bitmap","file": "crazy_adventure:font/shaped_2x2.png","ascent": -2,"height": 58,"chars": ["E"]},
		{"type": "bitmap","file": "crazy_adventure:font/furnace.png","ascent": -3,"height": 58,"chars": ["G"]},
		{"type": "bitmap","file": "crazy_adventure:font/stonecutting.png","ascent": -3,"height": 58,"chars": ["H"]},
		{"type": "bitmap","file": "crazy_adventure:font/pulverizing.png","ascent": -3,"height": 58,"chars": ["I"]},
		{"type": "bitmap","file": "crazy_adventure:font/mining.png","ascent": -3,"height": 58,"chars": ["P"]},
		{"type": "bitmap","file": "crazy_adventure:font/book.png","ascent": 25,"height": 300,"chars": ["V"]}
	]
}
