{
	"type": "minecraft:crafting_shaped",
	"category": "misc",
	"group": "anti_radiation_leggings",
	"pattern": [
		"YYY",
		"Y Y",
		"Y Y"
	],
	"key": {
		"Y": "minecraft:yellow_wool"
	},
	"result": {
		"id": "minecraft:leather_leggings",
		"count": 1,
		"components": {
			"minecraft:custom_data": {
				"crazy_adventure": {
					"radiation": 70,
					"anti_radiation_leggings": true
				},
				"smithed": {
					"ignore": {
						"functionality": true,
						"crafting": true
					}
				}
			},
			"minecraft:tooltip_display": {
				"hidden_components": [
					"minecraft:unbreakable"
				]
			},
			"minecraft:item_model": "crazy_adventure:anti_radiation_leggings",
			"minecraft:item_name": {
				"translate": "crazy_adventure.anti_radiation_leggings"
			},
			"minecraft:lore": [
				[
					"",
					{
						"text": "I",
						"color": "white",
						"italic": false,
						"font": "crazy_adventure:icons"
					},
					{
						"translate": "crazy_adventure.crazy",
						"color": "green"
					},
					{
						"translate": "crazy_adventure.adventure",
						"color": "gray"
					}
				]
			]
		}
	}
}
