{
  "criteria": {
    "requirement": {
      "trigger": "minecraft:item_used_on_block",
      "conditions": {
        "location": [
          {
            "condition": "minecraft:match_tool",
            "predicate": {
              "items": [
                "minecraft:item_frame"
              ],
              "predicates": {
                "minecraft:custom_data": {
                  "crazy_adventure": {
                    "banana_sapling": true
                  }
                }
              }
            }
          }
        ]
      }
    }
  },
  "requirements": [
    [
      "requirement"
    ]
  ],
  "rewards": {
    "function": "crazy_adventure:custom_blocks/banana_sapling/search"
  }
}
