{
	"pools": [
		{"rolls": 1,"entries": [{"type": "minecraft:loot_table","value": "crazy_adventure:i/uranium_ingot"}]},
		{"rolls": 1,"entries": [{"type": "minecraft:loot_table","value": "crazy_adventure:i/uranium_nugget"}]},
		{"rolls": 1,"entries": [{"type": "minecraft:loot_table","value": "crazy_adventure:i/raw_uranium"}]},
		{"rolls": 1,"entries": [{"type": "minecraft:loot_table","value": "crazy_adventure:i/uranium_block"}]},
		{"rolls": 1,"entries": [{"type": "minecraft:loot_table","value": "crazy_adventure:i/uranium_ore"}]},
		{"rolls": 1,"entries": [{"type": "minecraft:loot_table","value": "crazy_adventure:i/uranium_helmet"}]},
		{"rolls": 1,"entries": [{"type": "minecraft:loot_table","value": "crazy_adventure:i/uranium_chestplate"}]},
		{"rolls": 1,"entries": [{"type": "minecraft:loot_table","value": "crazy_adventure:i/uranium_leggings"}]},
		{"rolls": 1,"entries": [{"type": "minecraft:loot_table","value": "crazy_adventure:i/uranium_boots"}]},
		{"rolls": 1,"entries": [{"type": "minecraft:loot_table","value": "crazy_adventure:i/uranium_sword"}]},
		{"rolls": 1,"entries": [{"type": "minecraft:loot_table","value": "crazy_adventure:i/uranium_pickaxe"}]},
		{"rolls": 1,"entries": [{"type": "minecraft:loot_table","value": "crazy_adventure:i/uranium_axe"}]},
		{"rolls": 1,"entries": [{"type": "minecraft:loot_table","value": "crazy_adventure:i/uranium_shovel"}]},
		{"rolls": 1,"entries": [{"type": "minecraft:loot_table","value": "crazy_adventure:i/uranium_hoe"}]},
		{"rolls": 1,"entries": [{"type": "minecraft:loot_table","value": "crazy_adventure:i/californium_ingot"}]},
		{"rolls": 1,"entries": [{"type": "minecraft:loot_table","value": "crazy_adventure:i/californium_nugget"}]},
		{"rolls": 1,"entries": [{"type": "minecraft:loot_table","value": "crazy_adventure:i/raw_californium"}]},
		{"rolls": 1,"entries": [{"type": "minecraft:loot_table","value": "crazy_adventure:i/californium_block"}]},
		{"rolls": 1,"entries": [{"type": "minecraft:loot_table","value": "crazy_adventure:i/californium_ore"}]},
		{"rolls": 1,"entries": [{"type": "minecraft:loot_table","value": "crazy_adventure:i/californium_helmet"}]},
		{"rolls": 1,"entries": [{"type": "minecraft:loot_table","value": "crazy_adventure:i/californium_chestplate"}]},
		{"rolls": 1,"entries": [{"type": "minecraft:loot_table","value": "crazy_adventure:i/californium_leggings"}]},
		{"rolls": 1,"entries": [{"type": "minecraft:loot_table","value": "crazy_adventure:i/californium_boots"}]},
		{"rolls": 1,"entries": [{"type": "minecraft:loot_table","value": "crazy_adventure:i/californium_sword"}]},
		{"rolls": 1,"entries": [{"type": "minecraft:loot_table","value": "crazy_adventure:i/californium_pickaxe"}]},
		{"rolls": 1,"entries": [{"type": "minecraft:loot_table","value": "crazy_adventure:i/californium_axe"}]},
		{"rolls": 1,"entries": [{"type": "minecraft:loot_table","value": "crazy_adventure:i/californium_shovel"}]},
		{"rolls": 1,"entries": [{"type": "minecraft:loot_table","value": "crazy_adventure:i/californium_hoe"}]},
		{"rolls": 1,"entries": [{"type": "minecraft:loot_table","value": "crazy_adventure:i/manual"}]},
		{"rolls": 1,"entries": [{"type": "minecraft:loot_table","value": "crazy_adventure:i/geiger_counter"}]},
		{"rolls": 1,"entries": [{"type": "minecraft:loot_table","value": "crazy_adventure:i/uranium_core"}]},
		{"rolls": 1,"entries": [{"type": "minecraft:loot_table","value": "crazy_adventure:i/uranium_waste"}]},
		{"rolls": 1,"entries": [{"type": "minecraft:loot_table","value": "crazy_adventure:i/uranium_waste_barrel"}]},
		{"rolls": 1,"entries": [{"type": "minecraft:loot_table","value": "crazy_adventure:i/uranium_shard"}]},
		{"rolls": 1,"entries": [{"type": "minecraft:loot_table","value": "crazy_adventure:i/uranium_book"}]},
		{"rolls": 1,"entries": [{"type": "minecraft:loot_table","value": "crazy_adventure:i/californium_core"}]},
		{"rolls": 1,"entries": [{"type": "minecraft:loot_table","value": "crazy_adventure:i/californium_waste"}]},
		{"rolls": 1,"entries": [{"type": "minecraft:loot_table","value": "crazy_adventure:i/californium_waste_barrel"}]},
		{"rolls": 1,"entries": [{"type": "minecraft:loot_table","value": "crazy_adventure:i/souls_bag"}]},
		{"rolls": 1,"entries": [{"type": "minecraft:loot_table","value": "crazy_adventure:i/boss_altar"}]},
		{"rolls": 1,"entries": [{"type": "minecraft:loot_table","value": "crazy_adventure:i/nuclear_reactor"}]},
		{"rolls": 1,"entries": [{"type": "minecraft:loot_table","value": "crazy_adventure:i/better_nuclear_reactor"}]},
		{"rolls": 1,"entries": [{"type": "minecraft:loot_table","value": "crazy_adventure:i/amazing_nuclear_reactor"}]},
		{"rolls": 1,"entries": [{"type": "minecraft:loot_table","value": "crazy_adventure:i/incredible_nuclear_reactor"}]},
		{"rolls": 1,"entries": [{"type": "minecraft:loot_table","value": "crazy_adventure:i/uranium_battery"}]},
		{"rolls": 1,"entries": [{"type": "minecraft:loot_table","value": "crazy_adventure:i/californium_battery"}]},
		{"rolls": 1,"entries": [{"type": "minecraft:loot_table","value": "crazy_adventure:i/ore_extractor_1"}]},
		{"rolls": 1,"entries": [{"type": "minecraft:loot_table","value": "crazy_adventure:i/ore_extractor_2"}]},
		{"rolls": 1,"entries": [{"type": "minecraft:loot_table","value": "crazy_adventure:i/ore_extractor_3"}]},
		{"rolls": 1,"entries": [{"type": "minecraft:loot_table","value": "crazy_adventure:i/ore_extractor_4"}]},
		{"rolls": 1,"entries": [{"type": "minecraft:loot_table","value": "crazy_adventure:i/uranium_upgrader"}]},
		{"rolls": 1,"entries": [{"type": "minecraft:loot_table","value": "crazy_adventure:i/oxidizer"}]},
		{"rolls": 1,"entries": [{"type": "minecraft:loot_table","value": "crazy_adventure:i/storm_stick_charger"}]},
		{"rolls": 1,"entries": [{"type": "minecraft:loot_table","value": "crazy_adventure:i/fireball_stick_charger"}]},
		{"rolls": 1,"entries": [{"type": "minecraft:loot_table","value": "crazy_adventure:i/shield_stick_charger"}]},
		{"rolls": 1,"entries": [{"type": "minecraft:loot_table","value": "crazy_adventure:i/fertilizer_stick_charger"}]},
		{"rolls": 1,"entries": [{"type": "minecraft:loot_table","value": "crazy_adventure:i/anti_radiation_helmet"}]},
		{"rolls": 1,"entries": [{"type": "minecraft:loot_table","value": "crazy_adventure:i/anti_radiation_chestplate"}]},
		{"rolls": 1,"entries": [{"type": "minecraft:loot_table","value": "crazy_adventure:i/anti_radiation_leggings"}]},
		{"rolls": 1,"entries": [{"type": "minecraft:loot_table","value": "crazy_adventure:i/anti_radiation_boots"}]},
		{"rolls": 1,"entries": [{"type": "minecraft:loot_table","value": "crazy_adventure:i/anti_radiation_glove"}]},
		{"rolls": 1,"entries": [{"type": "minecraft:loot_table","value": "crazy_adventure:i/banana"}]},
		{"rolls": 1,"entries": [{"type": "minecraft:loot_table","value": "crazy_adventure:i/uranium_banana"}]},
		{"rolls": 1,"entries": [{"type": "minecraft:loot_table","value": "crazy_adventure:i/uranium_apple"}]},
		{"rolls": 1,"entries": [{"type": "minecraft:loot_table","value": "crazy_adventure:i/chargeless_stick"}]},
		{"rolls": 1,"entries": [{"type": "minecraft:loot_table","value": "crazy_adventure:i/fireball_stick"}]},
		{"rolls": 1,"entries": [{"type": "minecraft:loot_table","value": "crazy_adventure:i/storm_stick"}]},
		{"rolls": 1,"entries": [{"type": "minecraft:loot_table","value": "crazy_adventure:i/shield_stick"}]},
		{"rolls": 1,"entries": [{"type": "minecraft:loot_table","value": "crazy_adventure:i/fertilizer_stick"}]}
	]
}
