{
  "pools": [
    {
      "rolls": 1,
      "entries": [
        {
          "type": "minecraft:item",
          "name": "minecraft:item_frame",
          "functions": [
            {
              "function": "minecraft:set_components",
              "components": {
                "minecraft:lore": [
                  {
                    "translate": "crazy_adventure.gives_40bq_to_your_body",
                    "italic": false,
                    "color": "gray"
                  },
                  [
                    "",
                    {
                      "text": "I",
                      "color": "white",
                      "italic": false,
                      "font": "crazy_adventure:icons"
                    },
                    {
                      "translate": "crazy_adventure.crazy",
                      "color": "green"
                    },
                    {
                      "translate": "crazy_adventure.adventure",
                      "color": "gray"
                    }
                  ]
                ],
                "minecraft:item_model": "crazy_adventure:banana_sapling",
                "minecraft:item_name": {
                  "translate": "crazy_adventure.banana_sapling"
                },
                "minecraft:custom_data": {
                  "crazy_adventure": {
                    "banana_sapling": true
                  },
                  "smithed": {
                    "ignore": {
                      "functionality": true,
                      "crafting": true
                    }
                  }
                },
                "minecraft:entity_data": {
                  "id": "minecraft:item_frame",
                  "Tags": [
                    "crazy_adventure.new",
                    "crazy_adventure.banana_sapling"
                  ],
                  "Invisible": true,
                  "Silent": true
                }
              }
            }
          ]
        }
      ]
    }
  ]
}
