{
  "pools": [
    {
      "rolls": 1,
      "entries": [
        {
          "type": "minecraft:item",
          "name": "minecraft:command_block",
          "functions": [
            {
              "function": "minecraft:set_components",
              "components": {
                "minecraft:tooltip_display": {
                  "hidden_components": [
                    "minecraft:unbreakable"
                  ]
                },
                "minecraft:item_model": "crazy_adventure:californium_waste",
                "minecraft:item_name": {
                  "translate": "crazy_adventure.californium_waste"
                },
                "minecraft:lore": [
                  [
                    "",
                    {
                      "text": "I",
                      "color": "white",
                      "italic": false,
                      "font": "crazy_adventure:icons"
                    },
                    {
                      "translate": "crazy_adventure.crazy",
                      "color": "green"
                    },
                    {
                      "translate": "crazy_adventure.adventure",
                      "color": "gray"
                    }
                  ]
                ],
                "minecraft:custom_data": {
                  "crazy_adventure": {
                    "californium_waste": true
                  },
                  "smithed": {
                    "ignore": {
                      "functionality": true,
                      "crafting": true
                    }
                  }
                }
              }
            }
          ]
        }
      ]
    }
  ]
}
