{
  "pools": [
    {
      "rolls": 1,
      "entries": [
        {
          "type": "minecraft:item",
          "name": "minecraft:warped_fungus_on_a_stick",
          "functions": [
            {
              "function": "minecraft:set_components",
              "components": {
                "minecraft:lore": [
                  {
                    "translate": "crazy_adventure.launch_fireball_where_you_are_looking",
                    "italic": false,
                    "color": "gray"
                  },
                  {
                    "translate": "crazy_adventure.cost_120bq_to_launch",
                    "italic": false,
                    "color": "white"
                  },
                  {
                    "translate": "crazy_adventure.10s_cooldown",
                    "italic": false,
                    "color": "white"
                  },
                  {
                    "translate": "crazy_adventure.10_charges",
                    "italic": false,
                    "color": "white"
                  },
                  [
                    "",
                    {
                      "text": "I",
                      "color": "white",
                      "italic": false,
                      "font": "crazy_adventure:icons"
                    },
                    {
                      "translate": "crazy_adventure.crazy",
                      "color": "green"
                    },
                    {
                      "translate": "crazy_adventure.adventure",
                      "color": "gray"
                    }
                  ]
                ],
                "minecraft:item_model": "crazy_adventure:fireball_stick",
                "minecraft:item_name": {
                  "translate": "crazy_adventure.fireball_stick"
                },
                "minecraft:custom_data": {
                  "crazy_adventure": {
                    "fireball_stick": true
                  },
                  "smithed": {
                    "ignore": {
                      "functionality": true,
                      "crafting": true
                    }
                  }
                }
              }
            }
          ]
        }
      ]
    }
  ]
}
