{
  "pools": [
    {
      "rolls": 1,
      "entries": [
        {
          "type": "minecraft:item",
          "name": "minecraft:command_block",
          "functions": [
            {
              "function": "minecraft:set_components",
              "components": {
                "minecraft:custom_data": {
                  "smithed": {
                    "dict": {
                      "nugget": {
                        "uranium": true
                      }
                    },
                    "ignore": {
                      "functionality": true,
                      "crafting": true
                    }
                  },
                  "crazy_adventure": {
                    "uranium_nugget": true
                  }
                },
                "minecraft:item_model": "crazy_adventure:uranium_nugget",
                "minecraft:item_name": {
                  "translate": "crazy_adventure.uranium_nugget"
                },
                "minecraft:lore": [
                  [
                    "",
                    {
                      "text": "I",
                      "color": "white",
                      "italic": false,
                      "font": "crazy_adventure:icons"
                    },
                    {
                      "translate": "crazy_adventure",
                      "italic": true,
                      "color": "blue"
                    }
                  ]
                ]
              }
            }
          ]
        }
      ]
    }
  ]
}
