{
  "pools": [
    {
      "rolls": 1,
      "entries": [
        {
          "type": "minecraft:item",
          "weight": 130,
          "name": "minecraft:cobblestone"
        },
        {
          "type": "minecraft:item",
          "weight": 50,
          "name": "minecraft:coal"
        },
        {
          "type": "minecraft:item",
          "weight": 20,
          "name": "minecraft:raw_copper"
        },
        {
          "type": "minecraft:item",
          "weight": 20,
          "name": "minecraft:raw_iron"
        },
        {
          "type": "minecraft:item",
          "weight": 20,
          "name": "minecraft:raw_gold"
        },
        {
          "type": "minecraft:item",
          "weight": 5,
          "name": "minecraft:diamond"
        },
        {
          "type": "minecraft:item",
          "weight": 2,
          "name": "minecraft:emerald"
        },
        {
          "type": "minecraft:loot_table",
          "weight": 5,
          "value": "simplenergy:i/simplunium_nugget"
        },
        {
          "type": "minecraft:loot_table",
          "weight": 2,
          "value": "simplenergy:i/raw_simplunium"
        },
        {
          "type": "minecraft:loot_table",
          "weight": 5,
          "value": "crazy_adventure:i/uranium_nugget"
        },
        {
          "type": "minecraft:loot_table",
          "weight": 2,
          "value": "crazy_adventure:i/raw_uranium"
        }
      ]
    }
  ]
}
